ISO-10303-21;
HEADER;
FILE_DESCRIPTION (( 'STEP AP214' ),
    '1' );
FILE_NAME ('30R250UU.STEP',
    '2021-05-28T11:00:11',
    ( '' ),
    ( '' ),
    'SwSTEP 2.0',
    'SolidWorks 2017',
    '' );
FILE_SCHEMA (( 'AUTOMOTIVE_DESIGN' ));
ENDSEC;

DATA;
#1 = CARTESIAN_POINT ( 'NONE',  ( -0.09610263231260776600, 0.2916167966852724100, 0.02100652690830133800 ) ) ;
#2 = ADVANCED_FACE ( 'NONE', ( #1381 ), #2999, .F. ) ;
#3 = CARTESIAN_POINT ( 'NONE',  ( -0.09981789135577795500, 0.5233099319921512600, 0.04921259842499999700 ) ) ;
#4 = ORIENTED_EDGE ( 'NONE', *, *, #2507, .T. ) ;
#5 = LINE ( 'NONE', #2788, #1945 ) ;
#6 = DIRECTION ( 'NONE',  ( 0.0000000000000000000, 0.0000000000000000000, 1.000000000000000000 ) ) ;
#7 = EDGE_CURVE ( 'NONE', #1568, #2373, #2724, .T. ) ;
#8 = DIRECTION ( 'NONE',  ( -1.000000000000000000, 0.0000000000000000000, 0.0000000000000000000 ) ) ;
#9 = CARTESIAN_POINT ( 'NONE',  ( 0.1367441475955978000, 0.2987713449639229900, 0.03678346370990420000 ) ) ;
#10 = EDGE_CURVE ( 'NONE', #350, #3108, #2269, .T. ) ;
#11 = CYLINDRICAL_SURFACE ( 'NONE', #2105, 0.009999999999999975900 ) ;
#12 = AXIS2_PLACEMENT_3D ( 'NONE', #2016, #2285, #2814 ) ;
#13 = AXIS2_PLACEMENT_3D ( 'NONE', #246, #2991, #1388 ) ;
#14 = CIRCLE ( 'NONE', #3267, 0.005000000000000049500 ) ;
#15 = AXIS2_PLACEMENT_3D ( 'NONE', #2561, #667, #1448 ) ;
#16 = CARTESIAN_POINT ( 'NONE',  ( -0.1307361175083990900, 0.2675000000000000200, -0.001222842495478919400 ) ) ;
#17 = CARTESIAN_POINT ( 'NONE',  ( 0.1395893804388231000, 0.2853571428575402700, 0.008110325353158831900 ) ) ;
#18 = FACE_OUTER_BOUND ( 'NONE', #3011, .T. ) ;
#19 = CARTESIAN_POINT ( 'NONE',  ( -0.07749999999999997200, 0.0000000000000000000, -0.01950000000000000000 ) ) ;
#20 = CARTESIAN_POINT ( 'NONE',  ( 0.1150242621560529900, 0.2675000000000000700, 0.01147182509995111500 ) ) ;
#21 = ORIENTED_EDGE ( 'NONE', *, *, #1589, .T. ) ;
#22 = FILL_AREA_STYLE ('',( #2406 ) ) ;
#23 = CARTESIAN_POINT ( 'NONE',  ( 0.05933706616342759900, 0.3323156111642490700, 0.04864502603039330700 ) ) ;
#24 = CARTESIAN_POINT ( 'NONE',  ( -0.09604139098973282800, 0.5171270271061854100, 0.04921259842499999700 ) ) ;
#25 = CIRCLE ( 'NONE', #2874, 0.04050000000000000100 ) ;
#26 = CARTESIAN_POINT ( 'NONE',  ( -0.06916129652301167300, 0.3138270736567614900, -0.04575308301625524000 ) ) ;
#27 = CARTESIAN_POINT ( 'NONE',  ( 0.06145465023449391700, 0.2675000000000000700, 0.02775122908090378600 ) ) ;
#28 = ORIENTED_EDGE ( 'NONE', *, *, #1971, .T. ) ;
#29 = CARTESIAN_POINT ( 'NONE',  ( 0.06040461528887551600, 0.3402921529722945900, 0.05134871754876236400 ) ) ;
#30 = VERTEX_POINT ( 'NONE', #2607 ) ;
#31 = ORIENTED_EDGE ( 'NONE', *, *, #1669, .F. ) ;
#32 = CARTESIAN_POINT ( 'NONE',  ( -0.1156436548971558100, 0.2675000000000000200, -0.01295148294826614100 ) ) ;
#33 = CARTESIAN_POINT ( 'NONE',  ( 0.1340235015099486800, 0.2857880670326367600, -0.003494978634821004100 ) ) ;
#34 = EDGE_LOOP ( 'NONE', ( #1936, #1188, #2705, #1430 ) ) ;
#35 = CARTESIAN_POINT ( 'NONE',  ( -0.1121993653394124200, 0.3660185381725233900, -0.04921259842499999700 ) ) ;
#36 = CARTESIAN_POINT ( 'NONE',  ( 0.1390420182623493000, 0.2924999999999994300, 0.03026897441738920700 ) ) ;
#37 = CARTESIAN_POINT ( 'NONE',  ( 0.06305109951171381000, 0.2675000000000000200, 0.01929714021211961400 ) ) ;
#38 = B_SPLINE_CURVE_WITH_KNOTS ( 'NONE', 3,
 ( #362, #2263, #943, #704, #169, #2579, #2014, #3107, #3061, #2789, #1467, #2284, #2000, #2272, #957, #2799 ),
 .UNSPECIFIED., .F., .F.,
 ( 4, 2, 2, 2, 2, 2, 2, 4 ),
 ( 0.0000000000000000000, 0.0003564490613354300600, 0.0007128981226708601300, 0.001069347184006290000, 0.001425796245341720300, 0.002138694368012581400, 0.002495143429348011200, 0.002851592490683440900 ),
 .UNSPECIFIED. ) ;
#39 = CARTESIAN_POINT ( 'NONE',  ( 0.05454217895621527000, 0.5551231561112653900, -0.05134871785918798000 ) ) ;
#40 = ORIENTED_EDGE ( 'NONE', *, *, #2337, .T. ) ;
#41 = VECTOR ( 'NONE', #1164, 39.37007874015748100 ) ;
#42 = CIRCLE ( 'NONE', #860, 0.01000000000000000200 ) ;
#43 = DIRECTION ( 'NONE',  ( 0.0000000000000000000, 0.0000000000000000000, 1.000000000000000000 ) ) ;
#44 = CARTESIAN_POINT ( 'NONE',  ( -0.1000000000000000200, 0.2925000000000000400, -0.01950000000000000000 ) ) ;
#45 = CARTESIAN_POINT ( 'NONE',  ( 0.1276771134701257800, 0.3217548057357270100, 0.04946690728127864400 ) ) ;
#46 = VECTOR ( 'NONE', #1587, 39.37007874015748900 ) ;
#47 = CARTESIAN_POINT ( 'NONE',  ( -0.07305373977674332900, 0.5549627280982216700, 0.05248979347368110800 ) ) ;
#48 = CARTESIAN_POINT ( 'NONE',  ( -0.05918617764195054100, 0.2871579745758428000, -0.01727110256748232500 ) ) ;
#49 = CARTESIAN_POINT ( 'NONE',  ( -0.09602638662214507700, 0.2916186160364397900, 0.02100986118501873100 ) ) ;
#50 = APPLICATION_PROTOCOL_DEFINITION ( 'draft international standard', 'automotive_design', 1998, #3232 ) ;
#51 = AXIS2_PLACEMENT_3D ( 'NONE', #2585, #175, #223 ) ;
#52 = TOROIDAL_SURFACE ( 'NONE', #1716, 0.02249999999999999900, 0.01000000000000000200 ) ;
#53 = CARTESIAN_POINT ( 'NONE',  ( 0.08970402259231080600, 0.5525213249510977400, -0.04921259842499999700 ) ) ;
#54 = CARTESIAN_POINT ( 'NONE',  ( -0.05982981504471206900, 0.2903772246577983100, -0.02617890019848080600 ) ) ;
#55 = AXIS2_PLACEMENT_3D ( 'NONE', #1621, #334, #1409 ) ;
#56 = ADVANCED_FACE ( 'NONE', ( #1817 ), #1607, .F. ) ;
#57 = CARTESIAN_POINT ( 'NONE',  ( -0.1140954048206834400, 0.2675000000000000200, 0.01651291568886659200 ) ) ;
#58 = CARTESIAN_POINT ( 'NONE',  ( 0.05846356397112657800, 0.2930495233856459900, -0.008036567493135542500 ) ) ;
#59 = CARTESIAN_POINT ( 'NONE',  ( -0.08201778596606361400, 0.5489459357111714500, 0.05280839894999997400 ) ) ;
#60 =( BOUNDED_SURFACE ( )  B_SPLINE_SURFACE ( 3, 2, ( 
 ( #1090, #1631, #2937 ),
 ( #565, #2435, #2397 ),
 ( #1102, #857, #45 ),
 ( #843, #2948, #1345 ) ),
 .UNSPECIFIED., .F., .F., .T. ) 
 B_SPLINE_SURFACE_WITH_KNOTS ( ( 4, 4 ),
 ( 3, 3 ),
 ( -1.734723475976807100E-018, 0.0007945560530666707100 ),
 ( 0.0000000000000000000, 1.000000000000000000 ),
 .UNSPECIFIED. ) 
 GEOMETRIC_REPRESENTATION_ITEM ( )  RATIONAL_B_SPLINE_SURFACE ( (
 ( 1.000000000000000000, 0.9450894369380505900, 1.000000000000000000),
 ( 1.000000000000000000, 0.9359717340426717500, 1.000000000000000000),
 ( 1.000000000000000000, 0.9139906199095020300, 1.000000000000000000),
 ( 1.000000000000000000, 0.8865216429828518500, 1.000000000000000000) ) ) 
 REPRESENTATION_ITEM ( '' )  SURFACE ( )  );
#61 = CARTESIAN_POINT ( 'NONE',  ( -0.06305109925832419500, 0.2675000000000000200, -0.01929714141206604100 ) ) ;
#62 = CARTESIAN_POINT ( 'NONE',  ( 0.06041278813927884000, 0.2853571428241424800, 0.008105144739482065700 ) ) ;
#63 = CARTESIAN_POINT ( 'NONE',  ( -0.08505799301070587900, 0.2675000000000000200, -0.02362145934492701100 ) ) ;
#64 = DIRECTION ( 'NONE',  ( 0.0000000000000000000, 0.0000000000000000000, 1.000000000000000000 ) ) ;
#65 = SPHERICAL_SURFACE ( 'NONE', #2521, 0.04921260000000000200 ) ;
#66 = EDGE_CURVE ( 'NONE', #1042, #1892, #104, .T. ) ;
#67 = AXIS2_PLACEMENT_3D ( 'NONE', #2451, #2974, #849 ) ;
#68 = CARTESIAN_POINT ( 'NONE',  ( -0.06193346185006249500, 0.3238404370938171000, -0.05645101960101469400 ) ) ;
#69 = ORIENTED_EDGE ( 'NONE', *, *, #1117, .F. ) ;
#70 = AXIS2_PLACEMENT_3D ( 'NONE', #1678, #1943, #643 ) ;
#71 = EDGE_CURVE ( 'NONE', #1741, #486, #1182, .T. ) ;
#72 = CARTESIAN_POINT ( 'NONE',  ( 0.06896110606914843100, 0.2955237302053189100, -0.01714320124346445700 ) ) ;
#73 = VERTEX_POINT ( 'NONE', #2596 ) ;
#74 = ADVANCED_FACE ( 'NONE', ( #1340 ), #1514, .T. ) ;
#75 = CARTESIAN_POINT ( 'NONE',  ( -0.1757873999999999500, 0.2924999999999999300, 1.575000007109739800E-009 ) ) ;
#76 = ORIENTED_EDGE ( 'NONE', *, *, #1446, .F. ) ;
#77 = CARTESIAN_POINT ( 'NONE',  ( 0.07029674950113984400, 0.5593434220216968500, -0.04921259842499999700 ) ) ;
#78 = ORIENTED_EDGE ( 'NONE', *, *, #2570, .F. ) ;
#79 = PLANE ( 'NONE',  #3199 ) ;
#80 = CARTESIAN_POINT ( 'NONE',  ( -0.1757873999999999500, 0.6932873999999998900, 1.575000007109739800E-009 ) ) ;
#81 = ORIENTED_EDGE ( 'NONE', *, *, #1844, .F. ) ;
#82 = AXIS2_PLACEMENT_3D ( 'NONE', #1159, #1950, #2209 ) ;
#83 = EDGE_LOOP ( 'NONE', ( #1432, #1573, #495, #2350 ) ) ;
#84 = CARTESIAN_POINT ( 'NONE',  ( 0.09641558303197715600, 0.5244472848924662800, -0.04921259842500000400 ) ) ;
#85 = CIRCLE ( 'NONE', #431, 0.01000000000000000700 ) ;
#86 = CARTESIAN_POINT ( 'NONE',  ( 0.07972399812117336700, 0.5508712811937348500, -0.05280854811482327300 ) ) ;
#87 = TOROIDAL_SURFACE ( 'NONE', #600, 0.04999999999999998900, 0.04050000000000000100 ) ;
#88 = DIRECTION ( 'NONE',  ( -0.0000000000000000000, 1.000000000000000000, -0.0000000000000000000 ) ) ;
#89 = TOROIDAL_SURFACE ( 'NONE', #1478, 0.08119550490591051500, 0.01000000000000000000 ) ;
#90 = CARTESIAN_POINT ( 'NONE',  ( 0.1348622727495130400, 0.2945542118581251900, -0.01446118969865683300 ) ) ;
#91 = CARTESIAN_POINT ( 'NONE',  ( -0.08971787614969468900, 0.5525106462789953800, 0.04921259842499999700 ) ) ;
#92 = CARTESIAN_POINT ( 'NONE',  ( 0.06225662854078446000, 0.2853571428571428600, 0.003700422486324205400 ) ) ;
#93 = CIRCLE ( 'NONE', #2678, 0.009999999999999996700 ) ;
#94 = DIRECTION ( 'NONE',  ( 0.0000000000000000000, 0.0000000000000000000, 1.000000000000000000 ) ) ;
#95 = CARTESIAN_POINT ( 'NONE',  ( -0.05917015754393649400, 0.2885580180005969900, -0.02191192144532199500 ) ) ;
#96 = CARTESIAN_POINT ( 'NONE',  ( -0.1162272494864406400, 0.2675000000000000200, -0.01742398096330237100 ) ) ;
#97 = ORIENTED_EDGE ( 'NONE', *, *, #3165, .T. ) ;
#98 = DIRECTION ( 'NONE',  ( 0.0000000000000000000, 1.000000000000000000, -1.757758745426902700E-022 ) ) ;
#99 =( BOUNDED_SURFACE ( )  B_SPLINE_SURFACE ( 3, 2, ( 
 ( #2064, #2862, #2592 ),
 ( #1223, #2109, #3158 ),
 ( #2654, #2385, #1566 ),
 ( #1848, #496, #2893 ),
 ( #2926, #2666, #1050 ),
 ( #3420, #1059, #3 ),
 ( #254, #2904, #1067 ),
 ( #1327, #1034, #1078 ) ),
 .UNSPECIFIED., .F., .F., .F. ) 
 B_SPLINE_SURFACE_WITH_KNOTS ( ( 4, 2, 2, 4 ),
 ( 3, 3 ),
 ( 0.0000000000000000000, 0.0005420694077616542500, 0.0008131041116424813200, 0.001084138815523308500 ),
 ( 0.0000000000000000000, 1.000000000000000000 ),
 .UNSPECIFIED. ) 
 GEOMETRIC_REPRESENTATION_ITEM ( )  RATIONAL_B_SPLINE_SURFACE ( (
 ( 1.000000000000000000, 0.9056544450009621500, 1.000000000000000000),
 ( 1.000000000000000000, 0.9052443783106920400, 1.000000000000000000),
 ( 1.000000000000000000, 0.9162550903317640000, 1.000000000000000000),
 ( 1.000000000000000000, 0.9315948646757670200, 1.000000000000000000),
 ( 1.000000000000000000, 0.9364319630242078400, 1.000000000000000000),
 ( 1.000000000000000000, 0.9432131675647931200, 1.000000000000000000),
 ( 1.000000000000000000, 0.9450751038286991900, 1.000000000000000000),
 ( 1.000000000000000000, 0.9450894369380504800, 1.000000000000000000) ) ) 
 REPRESENTATION_ITEM ( '' )  SURFACE ( )  );
#100 = FACE_OUTER_BOUND ( 'NONE', #2928, .T. ) ;
#101 = DIRECTION ( 'NONE',  ( 1.000000000000000000, 0.0000000000000000000, 0.0000000000000000000 ) ) ;
#102 = CARTESIAN_POINT ( 'NONE',  ( -0.09981789118427358800, 0.5233099320474884400, 0.04921259842499999000 ) ) ;
#103 = ORIENTED_EDGE ( 'NONE', *, *, #3056, .T. ) ;
#104 = B_SPLINE_CURVE_WITH_KNOTS ( 'NONE', 3,
 ( #725, #1005, #1796, #2063, #1313, #2353, #1081, #2124, #2135, #238 ),
 .UNSPECIFIED., .F., .F.,
 ( 4, 2, 2, 2, 4 ),
 ( 2.587726060295008400E-012, 0.0003537619849543015100, 0.0007075239673208769900, 0.001061285949687452500, 0.001415047932054027700 ),
 .UNSPECIFIED. ) ;
#105 = DIRECTION ( 'NONE',  ( -0.0000000000000000000, 1.000000000000000000, -0.0000000000000000000 ) ) ;
#106 = DIRECTION ( 'NONE',  ( 0.0000000000000000000, 0.0000000000000000000, 1.000000000000000000 ) ) ;
#107 = EDGE_LOOP ( 'NONE', ( #912, #3112, #31 ) ) ;
#108 = ORIENTED_EDGE ( 'NONE', *, *, #217, .F. ) ;
#109 = CARTESIAN_POINT ( 'NONE',  ( 0.1000000000000000500, -0.2688397459621558200, 0.02950000000000000200 ) ) ;
#110 = ORIENTED_EDGE ( 'NONE', *, *, #180, .F. ) ;
#111 =( LENGTH_UNIT ( ) NAMED_UNIT ( * ) SI_UNIT ( $, .METRE. ) );
#112 = DIRECTION ( 'NONE',  ( 0.0000000000000000000, 0.0000000000000000000, 1.000000000000000000 ) ) ;
#113 = ORIENTED_EDGE ( 'NONE', *, *, #308, .T. ) ;
#114 = ORIENTED_EDGE ( 'NONE', *, *, #234, .F. ) ;
#115 = ORIENTED_EDGE ( 'NONE', *, *, #2735, .T. ) ;
#116 = ORIENTED_EDGE ( 'NONE', *, *, #1980, .F. ) ;
#117 = CARTESIAN_POINT ( 'NONE',  ( 0.1280874410803915000, 0.3375520271270321400, 0.04921259842499999000 ) ) ;
#118 = EDGE_LOOP ( 'NONE', ( #2110, #3423, #2189, #110, #947 ) ) ;
#119 = AXIS2_PLACEMENT_3D ( 'NONE', #807, #448, #2665 ) ;
#120 = CARTESIAN_POINT ( 'NONE',  ( 0.06597159879205871700, 0.2675000000000000200, 0.008613467316826646200 ) ) ;
#121 = AXIS2_PLACEMENT_3D ( 'NONE', #1649, #64, #2455 ) ;
#122 = AXIS2_PLACEMENT_3D ( 'NONE', #3180, #8, #276 ) ;
#123 = DIRECTION ( 'NONE',  ( -0.6427876096865399200, 0.7660444431189773500, 0.0000000000000000000 ) ) ;
#124 = CARTESIAN_POINT ( 'NONE',  ( -0.1982759510353145300, 0.1663732773850571900, -0.04921259842499999700 ) ) ;
#125 = ORIENTED_EDGE ( 'NONE', *, *, #2921, .F. ) ;
#126 = CARTESIAN_POINT ( 'NONE',  ( -0.1159996704540010400, 0.2675000000000000200, -0.01380195591219904000 ) ) ;
#127 = ADVANCED_FACE ( 'NONE', ( #2805 ), #65, .T. ) ;
#128 = CIRCLE ( 'NONE', #3198, 0.02361111111111105200 ) ;
#129 = DIRECTION ( 'NONE',  ( -1.000000000000000000, 0.0000000000000000000, 0.0000000000000000000 ) ) ;
#130 = EDGE_LOOP ( 'NONE', ( #1736, #3070, #922, #3067 ) ) ;
#131 = CARTESIAN_POINT ( 'NONE',  ( -0.1088313025237529300, 0.2965646803061405300, 0.02038909727276290400 ) ) ;
#132 = LENGTH_MEASURE_WITH_UNIT ( LENGTH_MEASURE( 0.02539999999999999900 ), #1808 );
#133 = CARTESIAN_POINT ( 'NONE',  ( 0.06154680183733552600, 0.3138270736567614900, 0.05223532573631826900 ) ) ;
#134 = EDGE_CURVE ( 'NONE', #972, #992, #632, .T. ) ;
#135 = CARTESIAN_POINT ( 'NONE',  ( 0.06154680183733553200, 0.3185364642836278100, 0.04341366830000938800 ) ) ;
#136 = SURFACE_STYLE_FILL_AREA ( #696 ) ;
#137 = CARTESIAN_POINT ( 'NONE',  ( 0.05989456755602010100, 0.3007821513990599500, 0.02768468724831153100 ) ) ;
#138 = CARTESIAN_POINT ( 'NONE',  ( 0.1367869319346501100, 0.3093367452874795100, 0.03737655798293123400 ) ) ;
#139 = VERTEX_POINT ( 'NONE', #2630 ) ;
#140 = CARTESIAN_POINT ( 'NONE',  ( -0.05969773230282389400, 0.2884246821025927600, -0.02501771350029870900 ) ) ;
#141 = CYLINDRICAL_SURFACE ( 'NONE', #2624, 0.009999999999999995000 ) ;
#142 = EDGE_CURVE ( 'NONE', #777, #2651, #1658, .T. ) ;
#143 = CIRCLE ( 'NONE', #2741, 0.02500000000000000100 ) ;
#144 = CARTESIAN_POINT ( 'NONE',  ( -0.1238648254278056600, 0.3307303231839646700, -0.05088211201321073100 ) ) ;
#145 = EDGE_CURVE ( 'NONE', #2403, #282, #2107, .T. ) ;
#146 = CARTESIAN_POINT ( 'NONE',  ( 0.2250000000000000300, 0.2924999999999999300, -1.575000007109739800E-009 ) ) ;
#147 = CARTESIAN_POINT ( 'NONE',  ( 0.1373638970944393600, 0.2828307431366801100, 0.003859271797146098800 ) ) ;
#148 = ADVANCED_FACE ( 'NONE', ( #2311 ), #638, .T. ) ;
#149 = CARTESIAN_POINT ( 'NONE',  ( 0.06326354476606829700, 0.3240632798698320200, 0.04603237162349170500 ) ) ;
#150 = CARTESIAN_POINT ( 'NONE',  ( 0.2250000000000000300, 0.3417125999999999800, 0.04921259842499999700 ) ) ;
#151 = DIRECTION ( 'NONE',  ( 0.3434368241881385900, -0.9391757810929569600, 7.000599432635152300E-015 ) ) ;
#152 = ORIENTED_EDGE ( 'NONE', *, *, #1138, .F. ) ;
#153 = CARTESIAN_POINT ( 'NONE',  ( -0.05667848851434034000, 0.5563995853812238000, 0.05142057657059081300 ) ) ;
#154 = CARTESIAN_POINT ( 'NONE',  ( -0.06578455234466092100, 0.3050885630903360500, -0.04140474478457983900 ) ) ;
#155 = EDGE_LOOP ( 'NONE', ( #1490, #2239, #3178, #76 ) ) ;
#156 = AXIS2_PLACEMENT_3D ( 'NONE', #75, #916, #633 ) ;
#157 = ORIENTED_EDGE ( 'NONE', *, *, #2569, .T. ) ;
#158 = CARTESIAN_POINT ( 'NONE',  ( 0.1003725220254686100, 0.5341231424602630500, -0.04921259842499999700 ) ) ;
#159 = DIRECTION ( 'NONE',  ( 0.0000000000000000000, -1.000000000000000000, 0.0000000000000000000 ) ) ;
#160 = ORIENTED_EDGE ( 'NONE', *, *, #1101, .F. ) ;
#161 = DIRECTION ( 'NONE',  ( 0.7660444431189807900, -0.6427876096865361400, 0.0000000000000000000 ) ) ;
#162 = CARTESIAN_POINT ( 'NONE',  ( -0.05538617332343553900, 0.5588678245413251100, 0.04921259842499999700 ) ) ;
#163 = ORIENTED_EDGE ( 'NONE', *, *, #2034, .F. ) ;
#164 = CARTESIAN_POINT ( 'NONE',  ( -0.06475214269135565200, 0.3127842108611485500, -0.04014575345623901100 ) ) ;
#165 = ADVANCED_FACE ( 'NONE', ( #398 ), #3138, .T. ) ;
#166 = EDGE_LOOP ( 'NONE', ( #157, #2023, #534, #2762, #575, #1792, #2662, #28, #2694, #2480 ) ) ;
#167 = ORIENTED_EDGE ( 'NONE', *, *, #2627, .T. ) ;
#168 = DIRECTION ( 'NONE',  ( -0.0000000000000000000, 1.000000000000000000, -0.0000000000000000000 ) ) ;
#169 = CARTESIAN_POINT ( 'NONE',  ( -0.1311003675041482500, 0.2955094472207784300, 0.01710757338883569400 ) ) ;
#170 = AXIS2_PLACEMENT_3D ( 'NONE', #264, #3154, #776 ) ;
#171 = CARTESIAN_POINT ( 'NONE',  ( -0.1426436483364837100, 0.3113068990299046600, -0.03893523444734418200 ) ) ;
#172 = CARTESIAN_POINT ( 'NONE',  ( -0.05277633610236073800, 0.5572492280277990800, 0.04921259842500077400 ) ) ;
#173 = VECTOR ( 'NONE', #617, 39.37007874015748100 ) ;
#174 = CARTESIAN_POINT ( 'NONE',  ( -0.05913667949771885000, 0.2968527797653230900, -0.02068287158175537500 ) ) ;
#175 = DIRECTION ( 'NONE',  ( 0.0000000000000000000, 1.000000000000000000, 0.0000000000000000000 ) ) ;
#176 = CARTESIAN_POINT ( 'NONE',  ( 0.05730559213126408500, 0.5567122909839878900, -0.05144535689668670900 ) ) ;
#177 = DIRECTION ( 'NONE',  ( -0.0000000000000000000, 1.000000000000000000, -0.0000000000000000000 ) ) ;
#178 = FACE_OUTER_BOUND ( 'NONE', #2358, .T. ) ;
#179 = ADVANCED_FACE ( 'NONE', ( #771 ), #2226, .T. ) ;
#180 = EDGE_CURVE ( 'NONE', #2768, #2373, #2142, .T. ) ;
#181 = CYLINDRICAL_SURFACE ( 'NONE', #732, 0.04921260000000000200 ) ;
#182 = DIRECTION ( 'NONE',  ( -0.0000000000000000000, 1.000000000000000000, -0.0000000000000000000 ) ) ;
#183 = DIRECTION ( 'NONE',  ( -0.0000000000000000000, -0.0000000000000000000, -1.000000000000000000 ) ) ;
#184 = CARTESIAN_POINT ( 'NONE',  ( -0.1507524679234724400, 0.2955487369733901800, -0.01766321804239395100 ) ) ;
#185 = CARTESIAN_POINT ( 'NONE',  ( -0.06108416676923923700, 0.5604847417310245800, 0.04921259842500000400 ) ) ;
#186 = EDGE_CURVE ( 'NONE', #3335, #2582, #3047, .T. ) ;
#187 = EDGE_CURVE ( 'NONE', #1286, #3205, #731, .T. ) ;
#188 = CARTESIAN_POINT ( 'NONE',  ( -0.1308387034769882800, 0.3138270736567614900, -0.04575308301625524700 ) ) ;
#189 = AXIS2_PLACEMENT_3D ( 'NONE', #761, #2885, #1291 ) ;
#190 = ORIENTED_EDGE ( 'NONE', *, *, #1142, .T. ) ;
#191 = AXIS2_PLACEMENT_3D ( 'NONE', #1832, #456, #2355 ) ;
#192 = DIRECTION ( 'NONE',  ( 0.0000000000000000000, 0.0000000000000000000, 1.000000000000000000 ) ) ;
#193 = CARTESIAN_POINT ( 'NONE',  ( 0.1040546691899840900, 0.2914866252597697000, -0.02099712306018777400 ) ) ;
#194 = AXIS2_PLACEMENT_3D ( 'NONE', #1445, #2220, #1168 ) ;
#195 = CARTESIAN_POINT ( 'NONE',  ( 0.09604139098973281400, 0.5171270271061855200, -0.04921259842499999700 ) ) ;
#196 = COLOUR_RGB ( '',0.7921568627450980000, 0.8196078431372548800, 0.9333333333333333500 ) ;
#197 = CARTESIAN_POINT ( 'NONE',  ( 0.08505799301070587900, 0.2675000000000000200, 0.02362145934492701100 ) ) ;
#198 = CARTESIAN_POINT ( 'NONE',  ( 0.07328048187661891100, 0.2875755254543089800, -0.01146601507772917700 ) ) ;
#199 = DIRECTION ( 'NONE',  ( 0.0000000000000000000, 0.8660254037844368200, 0.5000000000000030000 ) ) ;
#200 = CIRCLE ( 'NONE', #2446, 0.01550000000000000000 ) ;
#201 = DIRECTION ( 'NONE',  ( 1.000000000000000000, -0.0000000000000000000, 0.0000000000000000000 ) ) ;
#202 = ADVANCED_FACE ( 'NONE', ( #2020 ), #3242, .T. ) ;
#203 = CARTESIAN_POINT ( 'NONE',  ( 0.08195544554455436200, 0.08794554455445535700, 0.01950000000000000000 ) ) ;
#204 = CLOSED_SHELL ( 'NONE', ( #2589, #3089, #914, #2006, #3032, #427, #3331, #1743, #2653, #148, #767, #1331, #2268, #3386, #2318, #1234, #2803, #74, #3121, #3000, #656, #691, #3349, #127, #882, #2555, #1722, #1250, #1565, #1592, #1580, #1463, #2045, #1204, #1511, #2787, #3415, #1702, #1219, #1965, #2116, #1181, #1497, #987, #446, #1847, #2, #1762, #2879, #1672, #3291, #3052, #2290, #56, #2765, #460, #2058, #1044, #2251, #1778, #2568, #2513, #3363, #3152, #179, #2024, #789, #2823, #202 ) ) ;
#205 = CARTESIAN_POINT ( 'NONE',  ( 0.06363807309404909100, 0.2922089895116636300, 0.0006747848417592716600 ) ) ;
#206 = CARTESIAN_POINT ( 'NONE',  ( -0.07137037549082159100, 0.2675000000000000200, 0.002358133587203710700 ) ) ;
#207 = ORIENTED_EDGE ( 'NONE', *, *, #1312, .F. ) ;
#208 = ORIENTED_EDGE ( 'NONE', *, *, #1540, .T. ) ;
#209 = CARTESIAN_POINT ( 'NONE',  ( 0.06427935688644613500, 0.2943481614039485900, -0.01374001396536664300 ) ) ;
#210 = VERTEX_POINT ( 'NONE', #1692 ) ;
#211 = CARTESIAN_POINT ( 'NONE',  ( 0.1161862359101906300, 0.2675000000000000200, 0.01468744822655161000 ) ) ;
#212 = ORIENTED_EDGE ( 'NONE', *, *, #3382, .T. ) ;
#213 = CARTESIAN_POINT ( 'NONE',  ( 0.08829379708872423000, 0.2675000000000000200, 0.008070567541247047900 ) ) ;
#214 = ORIENTED_EDGE ( 'NONE', *, *, #3039, .F. ) ;
#215 = SURFACE_SIDE_STYLE ('',( #136 ) ) ;
#216 = ORIENTED_EDGE ( 'NONE', *, *, #898, .F. ) ;
#217 = EDGE_CURVE ( 'NONE', #30, #777, #25, .T. ) ;
#218 = CARTESIAN_POINT ( 'NONE',  ( -0.1465832597226406600, 0.2925000000000001500, -1.574976223367449600E-009 ) ) ;
#219 = CARTESIAN_POINT ( 'NONE',  ( 0.1500036279999553400, 0.2930698882817775500, 0.008806849917744667000 ) ) ;
#220 = EDGE_CURVE ( 'NONE', #3024, #2536, #3059, .T. ) ;
#221 = CARTESIAN_POINT ( 'NONE',  ( 0.06263610290557017300, 0.2828307431366801600, 0.003859271797123277200 ) ) ;
#222 = ORIENTED_EDGE ( 'NONE', *, *, #134, .F. ) ;
#223 = DIRECTION ( 'NONE',  ( 1.000000000000000000, 0.0000000000000000000, 0.0000000000000000000 ) ) ;
#224 = CARTESIAN_POINT ( 'NONE',  ( 0.1156759938135118900, 0.2894131659790480400, -0.01805669274963073200 ) ) ;
#225 = CARTESIAN_POINT ( 'NONE',  ( 0.1369466377220593400, 0.2675000000000000200, 0.01928666808042363300 ) ) ;
#226 = CIRCLE ( 'NONE', #2117, 0.01000000000000000400 ) ;
#227 = CARTESIAN_POINT ( 'NONE',  ( 0.1239431300385374200, 0.2882953045351797100, -0.01353152101363832600 ) ) ;
#228 = CARTESIAN_POINT ( 'NONE',  ( -0.1408628948433561000, 0.2968609944987541900, -0.02070061733384208700 ) ) ;
#229 = DIRECTION ( 'NONE',  ( -0.0000000000000000000, -0.0000000000000000000, -1.000000000000000000 ) ) ;
#230 = CIRCLE ( 'NONE', #1957, 0.01000000000000000200 ) ;
#231 = DIRECTION ( 'NONE',  ( 0.0000000000000000000, 0.0000000000000000000, 1.000000000000000000 ) ) ;
#232 = TOROIDAL_SURFACE ( 'NONE', #1613, 0.01550000000000000000, 0.02500000000000000100 ) ;
#233 = CIRCLE ( 'NONE', #3378, 0.03250000000000000100 ) ;
#234 = EDGE_CURVE ( 'NONE', #139, #274, #679, .T. ) ;
#235 = FACE_OUTER_BOUND ( 'NONE', #562, .T. ) ;
#236 = CARTESIAN_POINT ( 'NONE',  ( -0.1377433724882977700, 0.2853571428571428600, -0.003700424944683641100 ) ) ;
#237 = DIRECTION ( 'NONE',  ( 0.0000000000000000000, 1.000000000000000000, 0.0000000000000000000 ) ) ;
#238 = CARTESIAN_POINT ( 'NONE',  ( 0.06154680183733552600, 0.3185364642836278100, 0.04341366830000939500 ) ) ;
#239 = DIRECTION ( 'NONE',  ( -1.000000000000000000, 0.0000000000000000000, 0.0000000000000000000 ) ) ;
#240 = ADVANCED_FACE ( 'NONE', ( #863 ), #2354, .T. ) ;
#241 = AXIS2_PLACEMENT_3D ( 'NONE', #1585, #2162, #6 ) ;
#242 = AXIS2_PLACEMENT_3D ( 'NONE', #3281, #2757, #1726 ) ;
#243 = EDGE_LOOP ( 'NONE', ( #1849, #3418, #3256, #959 ) ) ;
#244 = CARTESIAN_POINT ( 'NONE',  ( 0.1117041252433568100, 0.2675000000000000200, 0.008070327173537433100 ) ) ;
#245 = CARTESIAN_POINT ( 'NONE',  ( -0.1117043148282389800, 0.2675000000000000200, -0.008070474720185225000 ) ) ;
#246 = CARTESIAN_POINT ( 'NONE',  ( 0.08861111111111111300, 0.05500000000000000000, 0.01950000000000000000 ) ) ;
#247 = ORIENTED_EDGE ( 'NONE', *, *, #1912, .F. ) ;
#248 = ORIENTED_EDGE ( 'NONE', *, *, #349, .T. ) ;
#249 = DIRECTION ( 'NONE',  ( 0.6427876096865407000, -0.7660444431189770100, 0.0000000000000000000 ) ) ;
#250 = ORIENTED_EDGE ( 'NONE', *, *, #220, .F. ) ;
#251 = VERTEX_POINT ( 'NONE', #3273 ) ;
#252 = EDGE_CURVE ( 'NONE', #2866, #1035, #1200, .T. ) ;
#253 = AXIS2_PLACEMENT_3D ( 'NONE', #626, #923, #1456 ) ;
#254 = CARTESIAN_POINT ( 'NONE',  ( -0.09288923138352689300, 0.5229806466518919200, 0.05134871814719337000 ) ) ;
#255 = ORIENTED_EDGE ( 'NONE', *, *, #1074, .F. ) ;
#256 = ORIENTED_EDGE ( 'NONE', *, *, #2514, .F. ) ;
#257 = AXIS2_PLACEMENT_3D ( 'NONE', #373, #599, #359 ) ;
#258 = CARTESIAN_POINT ( 'NONE',  ( 0.1308387034769882800, 0.3138270736567614900, 0.04575308301625524700 ) ) ;
#259 = CARTESIAN_POINT ( 'NONE',  ( -0.1156436550722626400, 0.2675000000000000200, -0.01295148336889272700 ) ) ;
#260 = EDGE_CURVE ( 'NONE', #2366, #1008, #1308, .T. ) ;
#261 = CARTESIAN_POINT ( 'NONE',  ( 0.08497568803989422000, 0.2675000000000000200, 0.01147194436584292000 ) ) ;
#262 = ORIENTED_EDGE ( 'NONE', *, *, #2804, .T. ) ;
#263 = FACE_OUTER_BOUND ( 'NONE', #3285, .T. ) ;
#264 = CARTESIAN_POINT ( 'NONE',  ( 0.05114879009824158800, 0.3417125999999999800, 0.05921259842499999200 ) ) ;
#265 = CARTESIAN_POINT ( 'NONE',  ( 0.09130928342865085600, 0.5210977368153805200, -0.05134871754876239200 ) ) ;
#266 = CARTESIAN_POINT ( 'NONE',  ( 0.1307361167271359800, 0.2675000000000000200, 0.001222841038099257400 ) ) ;
#267 = FACE_OUTER_BOUND ( 'NONE', #2663, .T. ) ;
#268 = DIRECTION ( 'NONE',  ( 0.9801980198019799600, 0.1980198019801999200, 0.0000000000000000000 ) ) ;
#269 = CARTESIAN_POINT ( 'NONE',  ( -0.08413187161283099100, 0.2675000000000000200, -0.02011753276306980600 ) ) ;
#270 = AXIS2_PLACEMENT_3D ( 'NONE', #1977, #1939, #2468 ) ;
#271 = CARTESIAN_POINT ( 'NONE',  ( -0.08507564734268985300, 0.2675000000000000200, -0.01153949644485336400 ) ) ;
#272 = CARTESIAN_POINT ( 'NONE',  ( -0.1000000000000000500, 0.2925000000000000400, -0.02950000000000001900 ) ) ;
#273 = EDGE_LOOP ( 'NONE', ( #2619, #339, #1770, #682 ) ) ;
#274 = VERTEX_POINT ( 'NONE', #630 ) ;
#275 =( LENGTH_UNIT ( ) NAMED_UNIT ( * ) SI_UNIT ( $, .METRE. ) );
#276 = DIRECTION ( 'NONE',  ( 0.0000000000000000000, 0.0000000000000000000, 1.000000000000000000 ) ) ;
#277 = CIRCLE ( 'NONE', #15, 0.02500000000000001200 ) ;
#278 = CARTESIAN_POINT ( 'NONE',  ( 0.05982981489882780600, 0.2903772243833002700, 0.02617889966958956300 ) ) ;
#279 = VERTEX_POINT ( 'NONE', #2486 ) ;
#280 = CARTESIAN_POINT ( 'NONE',  ( 0.05297921218388754900, 0.5532604854598604000, -0.05134871754876235700 ) ) ;
#281 = CARTESIAN_POINT ( 'NONE',  ( 0.1377433714217669300, 0.2853571428571429200, 0.003700422396864040800 ) ) ;
#282 = VERTEX_POINT ( 'NONE', #1657 ) ;
#283 = ORIENTED_EDGE ( 'NONE', *, *, #320, .F. ) ;
#284 = EDGE_LOOP ( 'NONE', ( #3183, #2551, #482, #3384 ) ) ;
#285 = CARTESIAN_POINT ( 'NONE',  ( -0.08400013110148682500, 0.2675000000000000200, -0.01380241378466172700 ) ) ;
#286 = DIRECTION ( 'NONE',  ( 1.000000000000000000, 0.0000000000000000000, 0.0000000000000000000 ) ) ;
#287 = ORIENTED_EDGE ( 'NONE', *, *, #842, .T. ) ;
#288 = CARTESIAN_POINT ( 'NONE',  ( 0.08433071134629570300, 0.2901462718520400600, -0.01810354778665789300 ) ) ;
#289 = LINE ( 'NONE', #3109, #1929 ) ;
#290 = CARTESIAN_POINT ( 'NONE',  ( 0.1000000000000000200, 0.2925000000000000400, 0.01950000000000000000 ) ) ;
#291 = DIRECTION ( 'NONE',  ( 0.0000000000000000000, 1.000000000000000000, 0.0000000000000000000 ) ) ;
#292 = CARTESIAN_POINT ( 'NONE',  ( 0.1000000000000000100, 0.2675000000000000200, 0.01950000000000000000 ) ) ;
#293 = CARTESIAN_POINT ( 'NONE',  ( -0.06095798173765085100, 0.2924999999999999300, -0.03026897441738986600 ) ) ;
#294 = FACE_OUTER_BOUND ( 'NONE', #613, .T. ) ;
#295 = TOROIDAL_SURFACE ( 'NONE', #1208, 0.04999999999999998900, 0.04050000000000000100 ) ;
#296 = AXIS2_PLACEMENT_3D ( 'NONE', #577, #1154, #2204 ) ;
#297 = CARTESIAN_POINT ( 'NONE',  ( 0.06539855393193937100, 0.2853571433039629500, -0.003805275129318132900 ) ) ;
#298 = CIRCLE ( 'NONE', #3308, 0.01000000000000001900 ) ;
#299 = VECTOR ( 'NONE', #1867, 39.37007874015748900 ) ;
#300 = CARTESIAN_POINT ( 'NONE',  ( 0.1465832579223813900, 0.2924999999999999300, -1.575000007109739800E-009 ) ) ;
#301 = CARTESIAN_POINT ( 'NONE',  ( -0.07774018117681799600, 0.5522622484586419100, 0.05273825696452077300 ) ) ;
#302 = CARTESIAN_POINT ( 'NONE',  ( -0.05988464519484559800, 0.2858179699020586600, -0.01107470885429564400 ) ) ;
#303 = B_SPLINE_CURVE_WITH_KNOTS ( 'NONE', 3,
 ( #919, #2505, #2800, #944 ),
 .UNSPECIFIED., .F., .F.,
 ( 4, 4 ),
 ( 4.336808689942017700E-019, 0.0004702236329220477500 ),
 .UNSPECIFIED. ) ;
#304 = CARTESIAN_POINT ( 'NONE',  ( -0.1080581828546808400, 0.2916126684240850100, 0.02099896090378412100 ) ) ;
#305 = EDGE_LOOP ( 'NONE', ( #2813, #411, #69, #498 ) ) ;
#306 = EDGE_CURVE ( 'NONE', #251, #998, #200, .T. ) ;
#307 = CARTESIAN_POINT ( 'NONE',  ( -0.1219935362796184400, 0.2675000000000000700, 0.01054468270252730700 ) ) ;
#308 = EDGE_CURVE ( 'NONE', #3185, #3057, #2892, .T. ) ;
#309 = ORIENTED_EDGE ( 'NONE', *, *, #438, .F. ) ;
#310 = EDGE_CURVE ( 'NONE', #1235, #3388, #1970, .T. ) ;
#311 = CARTESIAN_POINT ( 'NONE',  ( -0.1000000000000000200, 0.2925000000000000400, -0.01950000000000000000 ) ) ;
#312 =( BOUNDED_SURFACE ( )  B_SPLINE_SURFACE ( 3, 2, ( 
 ( #2305, #1767, #3086 ),
 ( #2040, #2297, #982 ),
 ( #2825, #1230, #3094 ),
 ( #3345, #3366, #1003 ),
 ( #453, #990, #2835 ),
 ( #198, #2847, #213 ),
 ( #3129, #784, #2645 ),
 ( #2916, #1528, #3421 ),
 ( #1567, #1311, #3171 ),
 ( #3136, #770, #2626 ),
 ( #3148, #3381, #2614 ),
 ( #2655, #2386, #2351 ),
 ( #3161, #2639, #1578 ),
 ( #3400, #1051, #2375 ),
 ( #1069, #751, #798 ),
 ( #227, #1851, #1807 ),
 ( #2111, #2073, #244 ),
 ( #1060, #2097, #497 ),
 ( #1839, #483, #2365 ),
 ( #2342, #266, #1037 ),
 ( #2905, #2895, #1028 ),
 ( #2122, #2872, #3410 ) ),
 .UNSPECIFIED., .F., .F., .F. ) 
 B_SPLINE_SURFACE_WITH_KNOTS ( ( 4, 2, 2, 2, 2, 2, 2, 2, 2, 2, 4 ),
 ( 3, 3 ),
 ( -1.084202172485504400E-019, 5.991869527210842500E-005, 0.0001198373905442169600, 0.0002396747810884340300, 0.0003595121716326511100, 0.0004793495621768681600, 0.0005991869527210852200, 0.0007190243432653023200, 0.0008388617338095194300, 0.0008987804290816279300, 0.0009586991243537364300 ),
 ( 0.0000000000000000000, 1.000000000000000000 ),
 .UNSPECIFIED. ) 
 GEOMETRIC_REPRESENTATION_ITEM ( )  RATIONAL_B_SPLINE_SURFACE ( (
 ( 1.000000000000000000, 0.8017837257372729700, 1.000000000000000000),
 ( 1.000000000000000000, 0.8016770999614439800, 1.000000000000000000),
 ( 1.000000000000000000, 0.7987164701942171000, 1.000000000000000000),
 ( 1.000000000000000000, 0.7914745061081149800, 1.000000000000000000),
 ( 1.000000000000000000, 0.7870773720927006800, 1.000000000000000000),
 ( 1.000000000000000000, 0.7736726803729049300, 1.000000000000000000),
 ( 1.000000000000000000, 0.7642913262540249600, 1.000000000000000000),
 ( 1.000000000000000000, 0.7462147621736678900, 1.000000000000000000),
 ( 1.000000000000000000, 0.7376356892693728400, 1.000000000000000000),
 ( 1.000000000000000000, 0.7241065400548666300, 1.000000000000000000),
 ( 1.000000000000000000, 0.7194887530715049500, 1.000000000000000000),
 ( 1.000000000000000000, 0.7194930374476905500, 1.000000000000000000),
 ( 1.000000000000000000, 0.7240974206323439500, 1.000000000000000000),
 ( 1.000000000000000000, 0.7376468909541179500, 1.000000000000000000),
 ( 1.000000000000000000, 0.7462525801814358100, 1.000000000000000000),
 ( 1.000000000000000000, 0.7643137175634865400, 1.000000000000000000),
 ( 1.000000000000000000, 0.7736594261105525000, 1.000000000000000000),
 ( 1.000000000000000000, 0.7869767998776795400, 1.000000000000000000),
 ( 1.000000000000000000, 0.7913712007011947100, 1.000000000000000000),
 ( 1.000000000000000000, 0.7987022222724379200, 1.000000000000000000),
 ( 1.000000000000000000, 0.8016804556987262600, 1.000000000000000000),
 ( 1.000000000000000000, 0.8017837257394535600, 1.000000000000000000) ) ) 
 REPRESENTATION_ITEM ( '' )  SURFACE ( )  );
#313 = CARTESIAN_POINT ( 'NONE',  ( -0.06597159759675855200, 0.2675000000000000700, -0.008613470600165247200 ) ) ;
#314 = AXIS2_PLACEMENT_3D ( 'NONE', #3322, #151, #2233 ) ;
#315 = ORIENTED_EDGE ( 'NONE', *, *, #354, .F. ) ;
#316 = DIRECTION ( 'NONE',  ( 0.6427876096865399200, -0.7660444431189773500, 0.0000000000000000000 ) ) ;
#317 = EDGE_LOOP ( 'NONE', ( #1642, #2022, #2618, #2481, #1319 ) ) ;
#318 = CARTESIAN_POINT ( 'NONE',  ( -0.1465832596684353800, 0.2924999999999999300, -1.575000007109739800E-009 ) ) ;
#319 = CARTESIAN_POINT ( 'NONE',  ( -0.1377433724388084400, 0.2853571428569678900, -0.003700424824278059300 ) ) ;
#320 = EDGE_CURVE ( 'NONE', #3027, #824, #1265, .T. ) ;
#321 = CARTESIAN_POINT ( 'NONE',  ( 0.1311003657894012400, 0.2955094476312704100, -0.01710757445775713100 ) ) ;
#322 = CARTESIAN_POINT ( 'NONE',  ( -0.06716767565465703300, 0.2675000000000000200, -0.005756216115837543300 ) ) ;
#323 = B_SPLINE_CURVE_WITH_KNOTS ( 'NONE', 3,
 ( #1288, #2364, #33, #546, #1616, #1886, #1593, #1605, #3193, #288, #2145, #1343, #297, #2428 ),
 .UNSPECIFIED., .F., .F.,
 ( 4, 2, 2, 2, 2, 2, 4 ),
 ( 1.355252715606880500E-019, 0.0003099287755255898200, 0.0006198575510511794300, 0.001239715102102357800, 0.001549643877627947200, 0.001859572653153536100, 0.002479430204204714700 ),
 .UNSPECIFIED. ) ;
#324 = CARTESIAN_POINT ( 'NONE',  ( 0.1000000000000000500, -0.2775000000000000200, 0.01449999999999994900 ) ) ;
#325 = ORIENTED_EDGE ( 'NONE', *, *, #2103, .T. ) ;
#326 = DIRECTION ( 'NONE',  ( 0.3721202035001302500, -0.8188126115384108900, 0.4371183607819159600 ) ) ;
#327 = CARTESIAN_POINT ( 'NONE',  ( 0.08432394410434521100, 0.5470102086265465900, -0.05280824938361954000 ) ) ;
#328 = CARTESIAN_POINT ( 'NONE',  ( 0.1000000000000000500, 0.1099999999999999900, 0.01950000000000000000 ) ) ;
#329 = LINE ( 'NONE', #1705, #1907 ) ;
#330 = LINE ( 'NONE', #24, #2044 ) ;
#331 = CARTESIAN_POINT ( 'NONE',  ( 0.0000000000000000000, 0.3417125999999999800, -1.575000007109739800E-009 ) ) ;
#332 = CARTESIAN_POINT ( 'NONE',  ( -0.1363691368075473100, 0.2922106018247078200, -0.0006918035679009850800 ) ) ;
#333 = FACE_OUTER_BOUND ( 'NONE', #1731, .T. ) ;
#334 = DIRECTION ( 'NONE',  ( 0.0000000000000000000, -1.000000000000000000, 0.0000000000000000000 ) ) ;
#335 = CARTESIAN_POINT ( 'NONE',  ( -0.08861111111111111300, 0.05500000000000002100, -0.01950000000000000000 ) ) ;
#336 = CARTESIAN_POINT ( 'NONE',  ( -0.07135184491074732200, 0.5634635903224295400, 0.04921259842499999700 ) ) ;
#337 = FACE_OUTER_BOUND ( 'NONE', #2229, .T. ) ;
#338 = CARTESIAN_POINT ( 'NONE',  ( -0.08457586449687258500, 0.2674999999999999600, -0.02187354264346301800 ) ) ;
#339 = ORIENTED_EDGE ( 'NONE', *, *, #2739, .F. ) ;
#340 = LENGTH_MEASURE_WITH_UNIT ( LENGTH_MEASURE( 0.02539999999999999900 ), #275 );
#341 = AXIS2_PLACEMENT_3D ( 'NONE', #880, #1145, #3251 ) ;
#342 = DIRECTION ( 'NONE',  ( -0.6427876096865445800, -0.7660444431189736800, 0.0000000000000000000 ) ) ;
#343 = DIRECTION ( 'NONE',  ( 0.0000000000000000000, 1.000000000000000000, 0.0000000000000000000 ) ) ;
#344 = DIRECTION ( 'NONE',  ( -0.6427876096865402500, -0.7660444431189774600, -0.0000000000000000000 ) ) ;
#345 = ORIENTED_EDGE ( 'NONE', *, *, #3165, .F. ) ;
#346 = B_SPLINE_CURVE_WITH_KNOTS ( 'NONE', 3,
 ( #1137, #2993, #2477, #1165 ),
 .UNSPECIFIED., .F., .F.,
 ( 4, 4 ),
 ( 0.0000000000000000000, 0.0002363276956884040600 ),
 .UNSPECIFIED. ) ;
#347 = DIRECTION ( 'NONE',  ( 0.6427876096865400300, -0.7660444431189774600, -0.0000000000000000000 ) ) ;
#348 = CARTESIAN_POINT ( 'NONE',  ( 0.07483799530813409200, 0.5622787191081339800, -0.04921259842499999700 ) ) ;
#349 = EDGE_CURVE ( 'NONE', #1166, #1310, #560, .T. ) ;
#350 = VERTEX_POINT ( 'NONE', #3021 ) ;
#351 = CARTESIAN_POINT ( 'NONE',  ( 0.09604139098973282800, 0.5171270271061855200, -0.04921259842499999700 ) ) ;
#352 = EDGE_CURVE ( 'NONE', #1775, #2524, #2760, .T. ) ;
#353 = ADVANCED_BREP_SHAPE_REPRESENTATION ( '30R250UU', ( #530, #1053, #1502, #968 ), #2798 ) ;
#354 = EDGE_CURVE ( 'NONE', #449, #1395, #277, .T. ) ;
#355 = CARTESIAN_POINT ( 'NONE',  ( 0.05341674191812845900, 0.2924999999999999300, -1.575000007109739800E-009 ) ) ;
#356 = VERTEX_POINT ( 'NONE', #2811 ) ;
#357 = AXIS2_PLACEMENT_3D ( 'NONE', #311, #3188, #2171 ) ;
#358 = CARTESIAN_POINT ( 'NONE',  ( -0.08201778596606361400, 0.5489459357111714500, 0.05280839894999997400 ) ) ;
#359 = DIRECTION ( 'NONE',  ( 1.000000000000000000, 3.076405398270569000E-016, 0.0000000000000000000 ) ) ;
#360 = AXIS2_PLACEMENT_3D ( 'NONE', #1304, #2671, #3167 ) ;
#361 = DIRECTION ( 'NONE',  ( -1.000000000000000000, 0.0000000000000000000, 0.0000000000000000000 ) ) ;
#362 = CARTESIAN_POINT ( 'NONE',  ( -0.1465832596684353800, 0.2924999999999999300, -1.575000007109739800E-009 ) ) ;
#363 = ORIENTED_EDGE ( 'NONE', *, *, #573, .T. ) ;
#364 = VERTEX_POINT ( 'NONE', #1765 ) ;
#365 = CARTESIAN_POINT ( 'NONE',  ( -0.04824710462280563900, 0.5572311951690553900, 0.04921259842499999700 ) ) ;
#366 = CARTESIAN_POINT ( 'NONE',  ( -0.06154680183733553200, 0.3185364642836278100, -0.04341366830000938800 ) ) ;
#367 = VERTEX_POINT ( 'NONE', #655 ) ;
#368 = DIRECTION ( 'NONE',  ( 1.000000000000000000, 0.0000000000000000000, 0.0000000000000000000 ) ) ;
#369 = DIRECTION ( 'NONE',  ( 0.6427876096865432500, -0.7660444431189746800, 0.0000000000000000000 ) ) ;
#370 = DIRECTION ( 'NONE',  ( -1.000000000000000000, 0.0000000000000000000, 0.0000000000000000000 ) ) ;
#371 = CARTESIAN_POINT ( 'NONE',  ( -0.1272823466875993000, 0.2933579189636483800, 0.01105615306486286200 ) ) ;
#372 = VERTEX_POINT ( 'NONE', #2833 ) ;
#373 = CARTESIAN_POINT ( 'NONE',  ( 0.09999999999999996400, 0.0000000000000000000, 0.01950000000000000000 ) ) ;
#374 = CARTESIAN_POINT ( 'NONE',  ( 0.1008111079432504700, 0.5304337856483897200, -0.04921259842499999700 ) ) ;
#375 = B_SPLINE_CURVE_WITH_KNOTS ( 'NONE', 3,
 ( #2863, #2379, #1269, #3416, #2091, #1843 ),
 .UNSPECIFIED., .F., .F.,
 ( 4, 2, 4 ),
 ( 0.0007395915629987469600, 0.001091328435136289100, 0.001443065307273831300 ),
 .UNSPECIFIED. ) ;
#376 = CARTESIAN_POINT ( 'NONE',  ( -0.06092967067686463200, 0.2824999997808977900, -0.007949911421785469900 ) ) ;
#377 = VECTOR ( 'NONE', #3023, 39.37007874015748100 ) ;
#378 = CARTESIAN_POINT ( 'NONE',  ( -0.1099999999999999600, 3.076405398270567300E-018, -0.01950000000000000000 ) ) ;
#379 = CARTESIAN_POINT ( 'NONE',  ( 0.09604139098973282800, 0.5171270271061855200, -0.05921259842499999200 ) ) ;
#380 = CIRCLE ( 'NONE', #1856, 0.01000000000000000400 ) ;
#381 = CARTESIAN_POINT ( 'NONE',  ( -0.08999999999999996900, -3.076405398270567300E-018, -0.01950000000000000000 ) ) ;
#382 = AXIS2_PLACEMENT_3D ( 'NONE', #2861, #1254, #2827 ) ;
#383 = EDGE_CURVE ( 'NONE', #2990, #139, #2647, .T. ) ;
#384 = SURFACE_STYLE_FILL_AREA ( #22 ) ;
#385 = CARTESIAN_POINT ( 'NONE',  ( 0.1301357358092508100, 0.3335973443911936500, 0.04870062273910076600 ) ) ;
#386 = CARTESIAN_POINT ( 'NONE',  ( -0.07749999999999997200, 0.0000000000000000000, -0.01950000000000000000 ) ) ;
#387 = ADVANCED_FACE ( 'NONE', ( #2930 ), #1588, .T. ) ;
#388 = LINE ( 'NONE', #2668, #2007 ) ;
#389 = DIRECTION ( 'NONE',  ( 1.000000000000000000, 0.0000000000000000000, 0.0000000000000000000 ) ) ;
#390 = CARTESIAN_POINT ( 'NONE',  ( 0.1426436486036459500, 0.3113068985936335900, 0.03893523413852428800 ) ) ;
#391 = CARTESIAN_POINT ( 'NONE',  ( 0.1757874000000000100, 0.6932873999999998900, -0.04921259842499999700 ) ) ;
#392 = PRODUCT_DEFINITION_CONTEXT ( 'detailed design', #3232, 'design' ) ;
#393 = DIRECTION ( 'NONE',  ( 0.0000000000000000000, 0.0000000000000000000, 1.000000000000000000 ) ) ;
#394 = ORIENTED_EDGE ( 'NONE', *, *, #2534, .T. ) ;
#395 = CARTESIAN_POINT ( 'NONE',  ( -0.08439653841976166300, 0.2894329502251911700, 0.01808712925167216600 ) ) ;
#396 = CARTESIAN_POINT ( 'NONE',  ( -0.1000000000000000500, -0.2688397459621558200, -0.01950000000000000000 ) ) ;
#397 = EDGE_CURVE ( 'NONE', #73, #2990, #1512, .T. ) ;
#398 = FACE_OUTER_BOUND ( 'NONE', #34, .T. ) ;
#399 = B_SPLINE_CURVE_WITH_KNOTS ( 'NONE', 3,
 ( #197, #462, #736, #3365, #2051, #2060 ),
 .UNSPECIFIED., .F., .F.,
 ( 4, 2, 4 ),
 ( 0.0000000000000000000, 0.0001376187109710932500, 0.0002752374219421863300 ),
 .UNSPECIFIED. ) ;
#400 = CARTESIAN_POINT ( 'NONE',  ( -0.05941506784767415500, 0.3321516765588593000, -0.04859312500340656800 ) ) ;
#401 = DIRECTION ( 'NONE',  ( 0.0000000000000000000, 0.0000000000000000000, 1.000000000000000000 ) ) ;
#402 = DIRECTION ( 'NONE',  ( 0.0000000000000000000, 0.0000000000000000000, 1.000000000000000000 ) ) ;
#403 = CARTESIAN_POINT ( 'NONE',  ( 0.06033294520763624700, 0.2934764572957417300, 0.01048058913546974200 ) ) ;
#404 = CARTESIAN_POINT ( 'NONE',  ( 0.1341993613485995300, 0.3051284601171971900, 0.04143165116343882500 ) ) ;
#405 = ORIENTED_EDGE ( 'NONE', *, *, #2534, .F. ) ;
#406 = CARTESIAN_POINT ( 'NONE',  ( -0.06050965785532073900, 0.5642365439041883100, 0.04921259842499999700 ) ) ;
#407 = CARTESIAN_POINT ( 'NONE',  ( -0.05357244574684686500, 0.3049972575718999400, -0.03304980760453531100 ) ) ;
#408 = ADVANCED_FACE ( 'NONE', ( #1677 ), #1426, .T. ) ;
#409 = CARTESIAN_POINT ( 'NONE',  ( -0.1390420182623493000, 0.2924999999999994300, -0.03026897441738919700 ) ) ;
#410 = EDGE_LOOP ( 'NONE', ( #527, #3216, #2818, #81 ) ) ;
#411 = ORIENTED_EDGE ( 'NONE', *, *, #2137, .F. ) ;
#412 = ORIENTED_EDGE ( 'NONE', *, *, #142, .F. ) ;
#413 = AXIS2_PLACEMENT_3D ( 'NONE', #2408, #2429, #1109 ) ;
#414 = DIRECTION ( 'NONE',  ( 0.9224407652148205500, 0.0000000000000000000, 0.3861386210545332300 ) ) ;
#415 = VERTEX_POINT ( 'NONE', #1475 ) ;
#416 = CARTESIAN_POINT ( 'NONE',  ( 0.06193346185006244600, 0.3268587411213692600, 0.04691740324638504100 ) ) ;
#417 = AXIS2_PLACEMENT_3D ( 'NONE', #1671, #2172, #2163 ) ;
#418 = CARTESIAN_POINT ( 'NONE',  ( 0.09000000000000005200, -0.2688397459621558200, 0.01950000000000000000 ) ) ;
#419 = CARTESIAN_POINT ( 'NONE',  ( 0.06075975683411008500, 0.3032935103386056300, 0.03116590397345632100 ) ) ;
#420 = FACE_OUTER_BOUND ( 'NONE', #1756, .T. ) ;
#421 = DIRECTION ( 'NONE',  ( 0.0000000000000000000, 1.000000000000000000, 0.0000000000000000000 ) ) ;
#422 = ORIENTED_EDGE ( 'NONE', *, *, #703, .F. ) ;
#423 = CARTESIAN_POINT ( 'NONE',  ( -0.08077954418596501600, 0.2883296242867118800, 0.01636599812808564600 ) ) ;
#424 = CIRCLE ( 'NONE', #67, 0.04921260000000000200 ) ;
#425 = CARTESIAN_POINT ( 'NONE',  ( -0.1156436550722626400, 0.2675000000000000200, -0.01295148336889272700 ) ) ;
#426 = CARTESIAN_POINT ( 'NONE',  ( 0.1358066504878044600, 0.2828256820114869500, 0.0001396272932890907100 ) ) ;
#427 = ADVANCED_FACE ( 'NONE', ( #814 ), #2845, .T. ) ;
#428 = EDGE_CURVE ( 'NONE', #2990, #2769, #2218, .T. ) ;
#429 = CARTESIAN_POINT ( 'NONE',  ( -0.05588089765932353900, 0.3456833097091949700, -0.05134871754876236400 ) ) ;
#430 = STYLED_ITEM ( 'NONE', ( #1757 ), #353 ) ;
#431 = AXIS2_PLACEMENT_3D ( 'NONE', #2050, #2313, #2590 ) ;
#432 = CARTESIAN_POINT ( 'NONE',  ( -0.06916129652301165900, 0.3138270736567615500, -0.04575308301625524000 ) ) ;
#433 = CARTESIAN_POINT ( 'NONE',  ( 0.06264114941559889600, 0.2824999999999999700, 0.003861384875495044300 ) ) ;
#434 = CARTESIAN_POINT ( 'NONE',  ( 0.05831529841945881600, 0.3389566335366009400, 0.04941712260334428500 ) ) ;
#435 = CIRCLE ( 'NONE', #296, 0.04921260000000000200 ) ;
#436 = AXIS2_PLACEMENT_3D ( 'NONE', #2472, #344, #889 ) ;
#437 = FACE_OUTER_BOUND ( 'NONE', #878, .T. ) ;
#438 = EDGE_CURVE ( 'NONE', #1008, #692, #3014, .T. ) ;
#439 = DIRECTION ( 'NONE',  ( 0.0000000000000000000, 1.000000000000000000, 0.0000000000000000000 ) ) ;
#440 = CARTESIAN_POINT ( 'NONE',  ( -0.1000000000000000500, -0.2688397459621558200, -0.01950000000000000000 ) ) ;
#441 = CARTESIAN_POINT ( 'NONE',  ( 0.1401115258612152500, 0.2858115755501529100, 0.01104387720980055800 ) ) ;
#442 = DIRECTION ( 'NONE',  ( 0.0000000000000000000, 0.8660254037844368200, 0.5000000000000030000 ) ) ;
#443 = CARTESIAN_POINT ( 'NONE',  ( 0.06715499854429737800, 0.3282218266081283200, 0.04913398601665536200 ) ) ;
#444 = CARTESIAN_POINT ( 'NONE',  ( 0.1400931451067764500, 0.2831894335323494300, 0.01234415083972360300 ) ) ;
#445 = CARTESIAN_POINT ( 'NONE',  ( -0.06149250662381025600, 0.5576468849005398200, 0.05167209773946047900 ) ) ;
#446 = ADVANCED_FACE ( 'NONE', ( #100 ), #2485, .F. ) ;
#447 = EDGE_LOOP ( 'NONE', ( #2774, #1859, #1226, #3009, #910 ) ) ;
#448 = DIRECTION ( 'NONE',  ( 0.0000000000000000000, 1.000000000000000000, 0.0000000000000000000 ) ) ;
#449 = VERTEX_POINT ( 'NONE', #1997 ) ;
#450 = CARTESIAN_POINT ( 'NONE',  ( 0.07788969316997450300, 0.5524116789841977400, -0.05280884048982720900 ) ) ;
#451 = CARTESIAN_POINT ( 'NONE',  ( -0.1757873999999999500, 0.3417125999999999800, 1.575000007109739800E-009 ) ) ;
#452 = VERTEX_POINT ( 'NONE', #2600 ) ;
#453 = CARTESIAN_POINT ( 'NONE',  ( 0.06907941135567212400, 0.2865264571436115200, -0.007194872386731163300 ) ) ;
#454 = CARTESIAN_POINT ( 'NONE',  ( 0.0000000000000000000, 0.2675000000000000200, 0.0000000000000000000 ) ) ;
#455 = CARTESIAN_POINT ( 'NONE',  ( -0.1487235113963302500, 0.2925000002719904700, -0.004249351584373855900 ) ) ;
#456 = DIRECTION ( 'NONE',  ( -0.0000000000000000000, -1.000000000000000000, -0.0000000000000000000 ) ) ;
#457 = ORIENTED_EDGE ( 'NONE', *, *, #535, .F. ) ;
#458 = SURFACE_STYLE_USAGE ( .BOTH. , #3277 ) ;
#459 = CARTESIAN_POINT ( 'NONE',  ( 0.1100558266363768200, 0.2993763358946128800, -0.02512770795398383500 ) ) ;
#460 = ADVANCED_FACE ( 'NONE', ( #3332 ), #3346, .F. ) ;
#461 = CARTESIAN_POINT ( 'NONE',  ( -0.1757873999999999500, 0.6932873999999998900, 1.575000007109739800E-009 ) ) ;
#462 = CARTESIAN_POINT ( 'NONE',  ( 0.08457586445646435300, 0.2675000000000000200, 0.02187354249696642200 ) ) ;
#463 = ORIENTED_EDGE ( 'NONE', *, *, #2634, .F. ) ;
#464 = CARTESIAN_POINT ( 'NONE',  ( -0.1384531981626643800, 0.3185364642836278100, -0.04341366830000940900 ) ) ;
#465 = CARTESIAN_POINT ( 'NONE',  ( 0.1000000000000000200, 0.2925000000000000400, 0.01950000000000000000 ) ) ;
#466 = CIRCLE ( 'NONE', #1572, 0.009999999999999982900 ) ;
#467 = COLOUR_RGB ( '',0.7529411764705882200, 0.7529411764705882200, 0.0000000000000000000 ) ;
#468 = CARTESIAN_POINT ( 'NONE',  ( 0.05341674213184782100, 0.2925000000000000900, -1.575023793163962100E-009 ) ) ;
#469 = CARTESIAN_POINT ( 'NONE',  ( -0.06820385808452759900, 0.2675000000000000200, -0.003280938932165316900 ) ) ;
#470 = CARTESIAN_POINT ( 'NONE',  ( 0.07427216724833712900, 0.2861300204331001000, -0.01202740462187957100 ) ) ;
#471 = CIRCLE ( 'NONE', #1085, 0.01999999999999999300 ) ;
#472 = DIRECTION ( 'NONE',  ( 1.101551610348493300E-015, 0.0000000000000000000, 1.000000000000000000 ) ) ;
#473 = CARTESIAN_POINT ( 'NONE',  ( 0.1487235103718511400, 0.2924999999999999800, 0.004249348579695114800 ) ) ;
#474 = DIRECTION ( 'NONE',  ( 0.0000000000000000000, 0.0000000000000000000, 1.000000000000000000 ) ) ;
#475 = LINE ( 'NONE', #545, #2794 ) ;
#476 = CARTESIAN_POINT ( 'NONE',  ( -0.1000000000000000200, 0.2925000000000000400, -0.01950000000000000000 ) ) ;
#477 = CARTESIAN_POINT ( 'NONE',  ( 0.06095798173765083800, 0.2924999999999999300, 0.03026897441738986600 ) ) ;
#478 = AXIS2_PLACEMENT_3D ( 'NONE', #3250, #343, #588 ) ;
#479 = AXIS2_PLACEMENT_3D ( 'NONE', #1038, #1292, #1552 ) ;
#480 = CARTESIAN_POINT ( 'NONE',  ( 0.06993065312038020100, 0.2927960323312413000, -0.008277852733369275500 ) ) ;
#481 = CARTESIAN_POINT ( 'NONE',  ( 0.1159996702822307200, 0.2675000000000000200, 0.01380195529533263600 ) ) ;
#482 = ORIENTED_EDGE ( 'NONE', *, *, #573, .F. ) ;
#483 = CARTESIAN_POINT ( 'NONE',  ( 0.1286018208626379900, 0.2675000000000000200, -0.002402517830962975400 ) ) ;
#484 = EDGE_CURVE ( 'NONE', #2656, #2524, #596, .T. ) ;
#485 =( NAMED_UNIT ( * ) PLANE_ANGLE_UNIT ( ) SI_UNIT ( $, .RADIAN. ) );
#486 = VERTEX_POINT ( 'NONE', #1176 ) ;
#487 = DIRECTION ( 'NONE',  ( 0.6427876096865401400, 0.7660444431189774600, 0.0000000000000000000 ) ) ;
#488 = DIRECTION ( 'NONE',  ( -1.000000000000000000, 0.0000000000000000000, 0.0000000000000000000 ) ) ;
#489 = ORIENTED_EDGE ( 'NONE', *, *, #2444, .T. ) ;
#490 = CARTESIAN_POINT ( 'NONE',  ( -0.05365936487978947800, 0.3051440140661145800, -0.03320658592483416400 ) ) ;
#491 = CARTESIAN_POINT ( 'NONE',  ( -0.1757873999999999500, 0.3417125999999999800, 1.575000007109739800E-009 ) ) ;
#492 = ORIENTED_EDGE ( 'NONE', *, *, #2792, .T. ) ;
#493 = EDGE_CURVE ( 'NONE', #3185, #2582, #2140, .T. ) ;
#494 = VERTEX_POINT ( 'NONE', #1784 ) ;
#495 = ORIENTED_EDGE ( 'NONE', *, *, #2387, .F. ) ;
#496 = CARTESIAN_POINT ( 'NONE',  ( -0.09648674474167234800, 0.5334519395685913800, 0.04921259842499999700 ) ) ;
#497 = CARTESIAN_POINT ( 'NONE',  ( 0.1134219325045835900, 0.2675000000000000200, 0.009678481420926145600 ) ) ;
#498 = ORIENTED_EDGE ( 'NONE', *, *, #1971, .F. ) ;
#499 = ORIENTED_EDGE ( 'NONE', *, *, #2314, .T. ) ;
#500 = CARTESIAN_POINT ( 'NONE',  ( -0.1139947149659635300, 0.2675000000000000700, -0.01021473132572188500 ) ) ;
#501 = EDGE_CURVE ( 'NONE', #1395, #30, #523, .T. ) ;
#502 = AXIS2_PLACEMENT_3D ( 'NONE', #2679, #773, #790 ) ;
#503 = CARTESIAN_POINT ( 'NONE',  ( -0.05739980380201430100, 0.3113777596113807000, -0.03898379492027599600 ) ) ;
#504 = CYLINDRICAL_SURFACE ( 'NONE', #2465, 0.04050000000000000100 ) ;
#505 = CARTESIAN_POINT ( 'NONE',  ( 0.09395029570709873000, 0.5259183162086617000, -0.05144360184349143500 ) ) ;
#506 = CARTESIAN_POINT ( 'NONE',  ( -0.1149420069892941900, 0.2675000000000000200, -0.02362145934492659200 ) ) ;
#507 = EDGE_LOOP ( 'NONE', ( #1776, #1068, #2945, #2456 ) ) ;
#508 = FACE_OUTER_BOUND ( 'NONE', #640, .T. ) ;
#509 = EDGE_CURVE ( 'NONE', #2656, #686, #3293, .T. ) ;
#510 = LINE ( 'NONE', #746, #46 ) ;
#511 = DIMENSIONAL_EXPONENTS ( 1.000000000000000000, 0.0000000000000000000, 0.0000000000000000000, 0.0000000000000000000, 0.0000000000000000000, 0.0000000000000000000, 0.0000000000000000000 ) ;
#512 = CARTESIAN_POINT ( 'NONE',  ( 0.06611800384547240900, 0.3059102148846372700, 0.04187881394555379600 ) ) ;
#513 = VECTOR ( 'NONE', #2899, 39.37007874015748100 ) ;
#514 = UNCERTAINTY_MEASURE_WITH_UNIT (LENGTH_MEASURE( 1.000000000000000100E-005 ), #2595, 'distance_accuracy_value', 'NONE');
#515 = CIRCLE ( 'NONE', #413, 0.01000000000000000200 ) ;
#516 = CARTESIAN_POINT ( 'NONE',  ( -0.1757873999999999500, 0.3417125999999999800, 1.575000007109739800E-009 ) ) ;
#517 = CARTESIAN_POINT ( 'NONE',  ( -0.1156436550722626400, 0.2675000000000000200, -0.01295148336889272700 ) ) ;
#518 = DIRECTION ( 'NONE',  ( -0.9640004509222052100, 0.0000000000000000000, -0.2659006028984983700 ) ) ;
#519 = CARTESIAN_POINT ( 'NONE',  ( 0.1380826740024257700, 0.2954017337228266900, 0.03374699699086626500 ) ) ;
#520 = CARTESIAN_POINT ( 'NONE',  ( 0.06095798173765083800, 0.2924999999999999300, 0.03026897441738986600 ) ) ;
#521 = VERTEX_POINT ( 'NONE', #3124 ) ;
#522 = CARTESIAN_POINT ( 'NONE',  ( 0.05341674213184782100, 0.2824999999999999700, -2.215108607858980700E-009 ) ) ;
#523 = CIRCLE ( 'NONE', #2082, 0.04050000000000000100 ) ;
#524 = AXIS2_PLACEMENT_3D ( 'NONE', #2258, #986, #1227 ) ;
#525 = CARTESIAN_POINT ( 'NONE',  ( 0.1757873999999999800, 0.2924999999999999300, -1.575000007109739800E-009 ) ) ;
#526 = CARTESIAN_POINT ( 'NONE',  ( -0.1425767005459278300, 0.3114165233485291500, -0.03901519452110732700 ) ) ;
#527 = ORIENTED_EDGE ( 'NONE', *, *, #539, .F. ) ;
#528 = CARTESIAN_POINT ( 'NONE',  ( -0.1100000000000000400, 0.0000000000000000000, -0.01950000000000000000 ) ) ;
#529 = VERTEX_POINT ( 'NONE', #2046 ) ;
#530 = MANIFOLD_SOLID_BREP ( 'Chamfer1', #744 ) ;
#531 = DIRECTION ( 'NONE',  ( -0.0000000000000000000, -0.0000000000000000000, -1.000000000000000000 ) ) ;
#532 = VERTEX_POINT ( 'NONE', #1801 ) ;
#533 = EDGE_LOOP ( 'NONE', ( #647, #1934, #867, #936 ) ) ;
#534 = ORIENTED_EDGE ( 'NONE', *, *, #2641, .T. ) ;
#535 = EDGE_CURVE ( 'NONE', #1042, #3027, #3045, .T. ) ;
#536 =( GEOMETRIC_REPRESENTATION_CONTEXT ( 3 ) GLOBAL_UNCERTAINTY_ASSIGNED_CONTEXT ( ( #720 ) ) GLOBAL_UNIT_ASSIGNED_CONTEXT ( ( #2796, #2581, #2578 ) ) REPRESENTATION_CONTEXT ( 'NONE', 'WORKASPACE' ) );
#537 = CARTESIAN_POINT ( 'NONE',  ( -0.1262568517412454000, 0.3417125999999999800, -0.04921259842499999700 ) ) ;
#538 = CARTESIAN_POINT ( 'NONE',  ( 0.1308387034769882800, 0.3138270736567614900, 0.04575308301625524700 ) ) ;
#539 = EDGE_CURVE ( 'NONE', #825, #1772, #1919, .T. ) ;
#540 = CARTESIAN_POINT ( 'NONE',  ( -0.08695455504596080700, 0.5548293479979469200, 0.04921259842499999700 ) ) ;
#541 = AXIS2_PLACEMENT_3D ( 'NONE', #935, #1451, #1203 ) ;
#542 = VECTOR ( 'NONE', #548, 39.37007874015748100 ) ;
#543 = AXIS2_PLACEMENT_3D ( 'NONE', #701, #2786, #1197 ) ;
#544 = CIRCLE ( 'NONE', #2648, 0.01250000000000001100 ) ;
#545 = CARTESIAN_POINT ( 'NONE',  ( -0.1000000000000000500, -0.2688397459621558200, -0.02950000000000000200 ) ) ;
#546 = CARTESIAN_POINT ( 'NONE',  ( 0.1288622523897941800, 0.2870213868945536400, -0.009545750547990731300 ) ) ;
#547 = CIRCLE ( 'NONE', #121, 0.07501817720176981500 ) ;
#548 = DIRECTION ( 'NONE',  ( 0.0000000000000000000, -1.000000000000000000, 0.0000000000000000000 ) ) ;
#549 = DIRECTION ( 'NONE',  ( 0.0000000000000000000, 0.0000000000000000000, 1.000000000000000000 ) ) ;
#550 = AXIS2_PLACEMENT_3D ( 'NONE', #80, #1931, #1151 ) ;
#551 = FACE_OUTER_BOUND ( 'NONE', #2215, .T. ) ;
#552 = CARTESIAN_POINT ( 'NONE',  ( -0.1147911543468298400, 0.2902961480422437400, 0.01841852194707311100 ) ) ;
#553 = EDGE_CURVE ( 'NONE', #2939, #748, #298, .T. ) ;
#554 = EDGE_CURVE ( 'NONE', #1481, #876, #14, .T. ) ;
#555 = CARTESIAN_POINT ( 'NONE',  ( 0.1158698016732552500, 0.2674999999999999600, 0.02010875583734454300 ) ) ;
#556 = DIRECTION ( 'NONE',  ( -1.000000000000000000, -0.0000000000000000000, -0.0000000000000000000 ) ) ;
#557 = ORIENTED_EDGE ( 'NONE', *, *, #3093, .T. ) ;
#558 = CARTESIAN_POINT ( 'NONE',  ( 0.1003725234343778600, 0.5341231431368601600, -0.04921259842499999700 ) ) ;
#559 = CARTESIAN_POINT ( 'NONE',  ( -0.08861111111111111300, 0.05500000000000002100, -0.01950000000000000000 ) ) ;
#560 = CIRCLE ( 'NONE', #837, 0.01000000000000000200 ) ;
#561 = ORIENTED_EDGE ( 'NONE', *, *, #2196, .T. ) ;
#562 = EDGE_LOOP ( 'NONE', ( #566, #1318, #952, #3063 ) ) ;
#563 = CARTESIAN_POINT ( 'NONE',  ( -0.1242452653436947300, 0.2675000000000000700, 0.008242134169217763000 ) ) ;
#564 = CARTESIAN_POINT ( 'NONE',  ( 0.1390420182623493000, 0.2924999999999994300, 0.03026897441738920700 ) ) ;
#565 = CARTESIAN_POINT ( 'NONE',  ( 0.1298636496511513200, 0.3335150537196425700, 0.04921259842499999700 ) ) ;
#566 = ORIENTED_EDGE ( 'NONE', *, *, #1493, .T. ) ;
#567 = ORIENTED_EDGE ( 'NONE', *, *, #977, .T. ) ;
#568 = CARTESIAN_POINT ( 'NONE',  ( 0.08393564356435641300, 0.03185643564356441900, 0.01950000000000000000 ) ) ;
#569 = CARTESIAN_POINT ( 'NONE',  ( 0.08120591164032819900, 0.5591348411053739300, -0.04921259842499999700 ) ) ;
#570 = B_SPLINE_CURVE_WITH_KNOTS ( 'NONE', 3,
 ( #3237, #3029, #2237, #2510 ),
 .UNSPECIFIED., .F., .F.,
 ( 4, 4 ),
 ( 0.0000000000000000000, 0.0002363276956884056900 ),
 .UNSPECIFIED. ) ;
#571 = CARTESIAN_POINT ( 'NONE',  ( 0.06715499854429740600, 0.3282218266081283200, 0.04913398601665536900 ) ) ;
#572 = ORIENTED_EDGE ( 'NONE', *, *, #2200, .F. ) ;
#573 = EDGE_CURVE ( 'NONE', #251, #777, #2957, .T. ) ;
#574 = CARTESIAN_POINT ( 'NONE',  ( -0.1275231843518597200, 0.2674999999999999600, 0.003970351890265282100 ) ) ;
#575 = ORIENTED_EDGE ( 'NONE', *, *, #2382, .T. ) ;
#576 = VECTOR ( 'NONE', #316, 39.37007874015748900 ) ;
#577 = CARTESIAN_POINT ( 'NONE',  ( -0.1757873999999999500, 0.6932873999999998900, 1.575000007109739800E-009 ) ) ;
#578 = CARTESIAN_POINT ( 'NONE',  ( -0.06081241868592337400, 0.2853571043380600500, -0.007150504071857087400 ) ) ;
#579 = ORIENTED_EDGE ( 'NONE', *, *, #2807, .F. ) ;
#580 = CIRCLE ( 'NONE', #3229, 0.01000000000000000200 ) ;
#581 = CARTESIAN_POINT ( 'NONE',  ( -0.06154680183733553900, 0.3185364642836278100, -0.04341366830000939500 ) ) ;
#582 = CARTESIAN_POINT ( 'NONE',  ( 0.05280338274455508000, 0.5572814639202351400, -0.04921259842499999700 ) ) ;
#583 = CARTESIAN_POINT ( 'NONE',  ( -0.06095798173765085100, 0.2924999999999999300, -0.03026897441738986600 ) ) ;
#584 = AXIS2_PLACEMENT_3D ( 'NONE', #516, #782, #3126 ) ;
#585 = DIRECTION ( 'NONE',  ( -0.3527677061391033500, -0.8920709030466023000, 0.2824260070230336100 ) ) ;
#586 = CARTESIAN_POINT ( 'NONE',  ( -0.1117041255175415900, 0.2675000000000000200, -0.008070327371344027100 ) ) ;
#587 = CIRCLE ( 'NONE', #1184, 0.04921260000000000200 ) ;
#588 = DIRECTION ( 'NONE',  ( 0.0000000000000000000, 0.0000000000000000000, 1.000000000000000000 ) ) ;
#589 = CARTESIAN_POINT ( 'NONE',  ( -0.08370599005488721400, 0.2675000000000000200, -0.01651043524981997800 ) ) ;
#590 = B_SPLINE_CURVE_WITH_KNOTS ( 'NONE', 3,
 ( #1875, #820, #1634, #1092, #2423, #1889, #304, #49, #1659, #645, #2515, #931, #2775, #1944 ),
 .UNSPECIFIED., .F., .F.,
 ( 4, 2, 2, 2, 2, 2, 4 ),
 ( 9.486769009248163800E-020, 0.0003099287861970882800, 0.0006198575723941764600, 0.001239715144788353800, 0.001549643930985443100, 0.001859572717182532400, 0.002479430289576710200 ),
 .UNSPECIFIED. ) ;
#591 = EDGE_CURVE ( 'NONE', #2911, #1395, #915, .T. ) ;
#592 = AXIS2_PLACEMENT_3D ( 'NONE', #2703, #1877, #1651 ) ;
#593 = VERTEX_POINT ( 'NONE', #2252 ) ;
#594 = CARTESIAN_POINT ( 'NONE',  ( -0.1757873999999999500, 0.3417125999999999800, -1.575000007109739800E-009 ) ) ;
#595 = EDGE_CURVE ( 'NONE', #3184, #2536, #1667, .T. ) ;
#596 = CIRCLE ( 'NONE', #648, 0.04050000000000000100 ) ;
#597 = EDGE_CURVE ( 'NONE', #1691, #1887, #2299, .T. ) ;
#598 = CARTESIAN_POINT ( 'NONE',  ( -0.1286950322759408100, 0.2850124651731175700, 0.009361023045369785600 ) ) ;
#599 = DIRECTION ( 'NONE',  ( 3.076405398270567000E-016, -1.000000000000000000, 0.0000000000000000000 ) ) ;
#600 = AXIS2_PLACEMENT_3D ( 'NONE', #2826, #183, #1240 ) ;
#601 = ORIENTED_EDGE ( 'NONE', *, *, #2860, .T. ) ;
#602 = CARTESIAN_POINT ( 'NONE',  ( 0.06420843440128534700, 0.5576086687676492500, -0.05185627365049942600 ) ) ;
#603 = EDGE_LOOP ( 'NONE', ( #2733, #1195, #1940, #2712 ) ) ;
#604 = ORIENTED_EDGE ( 'NONE', *, *, #1812, .F. ) ;
#605 = CARTESIAN_POINT ( 'NONE',  ( -0.1391854689354293000, 0.2853571116767959500, -0.007145452344820167300 ) ) ;
#606 = CARTESIAN_POINT ( 'NONE',  ( -0.1384531981626644100, 0.3138270736567614900, -0.05223532573631826900 ) ) ;
#607 = EDGE_LOOP ( 'NONE', ( #2731, #1131, #2274, #1299 ) ) ;
#608 = EDGE_LOOP ( 'NONE', ( #1785, #2031, #1559 ) ) ;
#609 = EDGE_LOOP ( 'NONE', ( #994, #1725, #2307, #1396 ) ) ;
#610 = DIRECTION ( 'NONE',  ( -0.9224407898294322300, 0.0000000000000000000, -0.3861385622530508200 ) ) ;
#611 = CARTESIAN_POINT ( 'NONE',  ( 0.06716767669461203000, 0.2675000000000000200, 0.005756213631504354500 ) ) ;
#612 = AXIS2_PLACEMENT_3D ( 'NONE', #2219, #1696, #1167 ) ;
#613 = EDGE_LOOP ( 'NONE', ( #2320, #1885, #3369, #1063 ) ) ;
#614 = CARTESIAN_POINT ( 'NONE',  ( 0.0000000000000000000, 0.3417125999999999800, -0.04921259842499999700 ) ) ;
#615 = CARTESIAN_POINT ( 'NONE',  ( 0.07881859536932714300, 0.5551698695099547300, -0.04921259842500001100 ) ) ;
#616 = DIRECTION ( 'NONE',  ( 0.0000000000000000000, 0.0000000000000000000, -1.000000000000000000 ) ) ;
#617 = DIRECTION ( 'NONE',  ( -3.076405398270567000E-016, -1.000000000000000000, 0.0000000000000000000 ) ) ;
#618 = DIRECTION ( 'NONE',  ( -1.000000000000000000, 0.0000000000000000000, 0.0000000000000000000 ) ) ;
#619 = CIRCLE ( 'NONE', #2205, 0.04049999999999998000 ) ;
#620 = DIRECTION ( 'NONE',  ( -0.0000000000000000000, -0.0000000000000000000, -1.000000000000000000 ) ) ;
#621 = CARTESIAN_POINT ( 'NONE',  ( -0.1301357358092508100, 0.3335973443911936500, -0.04870062273910076600 ) ) ;
#622 = DIRECTION ( 'NONE',  ( 0.0000000000000000000, 0.0000000000000000000, 1.000000000000000000 ) ) ;
#623 = DIRECTION ( 'NONE',  ( -0.7660444431189773500, -0.6427876096865400300, 0.0000000000000000000 ) ) ;
#624 = CARTESIAN_POINT ( 'NONE',  ( 0.06478703882686431800, 0.3278843797802228900, 0.04724211625975560700 ) ) ;
#625 = DIRECTION ( 'NONE',  ( 1.000000000000000000, -0.0000000000000000000, 0.0000000000000000000 ) ) ;
#626 = CARTESIAN_POINT ( 'NONE',  ( 0.1757874000000000100, 0.6932873999999998900, 1.575000007109739800E-009 ) ) ;
#627 = CARTESIAN_POINT ( 'NONE',  ( -0.08830222215594882300, 0.3459664541410884000, -0.01950000000000000000 ) ) ;
#628 = FACE_OUTER_BOUND ( 'NONE', #3296, .T. ) ;
#629 = CARTESIAN_POINT ( 'NONE',  ( -0.1465832594547117900, 0.2924999999999999800, -1.575000009849496200E-009 ) ) ;
#630 = CARTESIAN_POINT ( 'NONE',  ( -0.1757873999999999500, 0.2924999999999999300, -1.575000007109739800E-009 ) ) ;
#631 = ORIENTED_EDGE ( 'NONE', *, *, #2886, .T. ) ;
#632 = B_SPLINE_CURVE_WITH_KNOTS ( 'NONE', 3,
 ( #763, #1040, #3393, #3181, #3425, #2088, #811, #1586, #2897, #3164, #245, #500, #2660, #259 ),
 .UNSPECIFIED., .F., .F.,
 ( 4, 2, 2, 2, 2, 2, 4 ),
 ( 0.0000000000000000000, 0.0001198383135672492200, 0.0002396766271344984900, 0.0004793532542689971000, 0.0007190298814034957000, 0.0008388681949707449400, 0.0009587065085379941900 ),
 .UNSPECIFIED. ) ;
#633 = DIRECTION ( 'NONE',  ( 0.0000000000000000000, 0.0000000000000000000, -1.000000000000000000 ) ) ;
#634 = DIRECTION ( 'NONE',  ( -3.076405398270567000E-016, -1.000000000000000000, 0.0000000000000000000 ) ) ;
#635 = CARTESIAN_POINT ( 'NONE',  ( 0.05000741252821389700, 0.2930759439546709600, 0.008799225487430647000 ) ) ;
#636 = CARTESIAN_POINT ( 'NONE',  ( -0.1158698075040289100, 0.2675000000000000200, -0.02010875677663075500 ) ) ;
#637 = ADVANCED_FACE ( 'NONE', ( #1709 ), #141, .T. ) ;
#638 = CYLINDRICAL_SURFACE ( 'NONE', #976, 0.04921260000000000200 ) ;
#639 = CARTESIAN_POINT ( 'NONE',  ( -0.06263610155038952500, 0.2828307460902354000, -0.003859274781370679700 ) ) ;
#640 = EDGE_LOOP ( 'NONE', ( #651, #78, #3096, #3260 ) ) ;
#641 = AXIS2_PLACEMENT_3D ( 'NONE', #840, #1629, #43 ) ;
#642 = CARTESIAN_POINT ( 'NONE',  ( -0.09130928342865089800, 0.5210977368153805200, 0.05134871754876237100 ) ) ;
#643 = DIRECTION ( 'NONE',  ( 0.0000000000000000000, 0.0000000000000000000, 1.000000000000000000 ) ) ;
#644 = AXIS2_PLACEMENT_3D ( 'NONE', #454, #2041, #1781 ) ;
#645 = CARTESIAN_POINT ( 'NONE',  ( -0.08433070898270211800, 0.2901462714101868400, 0.01810354683884677500 ) ) ;
#646 = EDGE_LOOP ( 'NONE', ( #1442, #1272, #1341, #658 ) ) ;
#647 = ORIENTED_EDGE ( 'NONE', *, *, #1464, .T. ) ;
#648 = AXIS2_PLACEMENT_3D ( 'NONE', #627, #2236, #393 ) ;
#649 = ORIENTED_EDGE ( 'NONE', *, *, #2196, .F. ) ;
#650 = DIRECTION ( 'NONE',  ( 0.0000000000000000000, 0.0000000000000000000, 1.000000000000000000 ) ) ;
#651 = ORIENTED_EDGE ( 'NONE', *, *, #1207, .F. ) ;
#652 = CARTESIAN_POINT ( 'NONE',  ( -0.07022617452151366800, 0.3186754984281149300, -0.04700396302964797400 ) ) ;
#653 = CARTESIAN_POINT ( 'NONE',  ( -0.06420312951716189400, 0.2828256467227282500, -0.0001162655312712300600 ) ) ;
#654 = DIRECTION ( 'NONE',  ( -1.000000000000000000, 0.0000000000000000000, 0.0000000000000000000 ) ) ;
#655 = CARTESIAN_POINT ( 'NONE',  ( -0.09130928342865089800, 0.5210977368153805200, 0.05134871754876237100 ) ) ;
#656 = ADVANCED_FACE ( 'NONE', ( #2917 ), #3403, .T. ) ;
#657 = EDGE_CURVE ( 'NONE', #2693, #2656, #2466, .T. ) ;
#658 = ORIENTED_EDGE ( 'NONE', *, *, #539, .T. ) ;
#659 = CARTESIAN_POINT ( 'NONE',  ( 0.1372321412894947400, 0.2975416454584669500, 0.03575919107477219800 ) ) ;
#660 = LINE ( 'NONE', #1545, #2335 ) ;
#661 = EDGE_CURVE ( 'NONE', #2526, #1042, #2343, .T. ) ;
#662 = EDGE_CURVE ( 'NONE', #2584, #3184, #587, .T. ) ;
#663 = CIRCLE ( 'NONE', #3327, 0.009999999999999993300 ) ;
#664 = AXIS2_PLACEMENT_3D ( 'NONE', #2102, #3414, #1918 ) ;
#665 = CARTESIAN_POINT ( 'NONE',  ( -0.08060530028887172300, 0.2980591440525933700, 0.02276215659146912200 ) ) ;
#666 = DIRECTION ( 'NONE',  ( -0.0000000000000000000, -0.0000000000000000000, -1.000000000000000000 ) ) ;
#667 = DIRECTION ( 'NONE',  ( -0.2659006028985174100, -0.0000000000000000000, -0.9640004509222002100 ) ) ;
#668 = FACE_OUTER_BOUND ( 'NONE', #2266, .T. ) ;
#669 = CARTESIAN_POINT ( 'NONE',  ( 0.1308387034769882800, 0.3138270736567614900, 0.04575308301625524700 ) ) ;
#670 = DIRECTION ( 'NONE',  ( 0.6427876096865400300, 0.7660444431189773500, -0.0000000000000000000 ) ) ;
#671 = CARTESIAN_POINT ( 'NONE',  ( -0.05452001500650580100, 0.5550967404650092300, 0.05134871870716568900 ) ) ;
#672 = EDGE_CURVE ( 'NONE', #822, #1772, #1023, .T. ) ;
#673 = CARTESIAN_POINT ( 'NONE',  ( -0.06319972795265865800, 0.3093050845596574900, -0.03734718870481227400 ) ) ;
#674 = ADVANCED_FACE ( 'NONE', ( #3004 ), #3238, .T. ) ;
#675 = PLANE ( 'NONE',  #779 ) ;
#676 = AXIS2_PLACEMENT_3D ( 'NONE', #1002, #988, #3353 ) ;
#677 = CARTESIAN_POINT ( 'NONE',  ( -0.1040546693710695700, 0.2914866272971619600, 0.02099712312710710900 ) ) ;
#678 = CARTESIAN_POINT ( 'NONE',  ( 0.1346865419384316900, 0.2922063784775575400, -0.002335849380052168600 ) ) ;
#679 = CIRCLE ( 'NONE', #70, 0.04921260000000000200 ) ;
#680 = DIRECTION ( 'NONE',  ( 0.0000000000000000000, 0.0000000000000000000, -1.000000000000000000 ) ) ;
#681 = CARTESIAN_POINT ( 'NONE',  ( 0.08861111111111111300, 0.05500000000000000000, 0.01950000000000000000 ) ) ;
#682 = ORIENTED_EDGE ( 'NONE', *, *, #310, .F. ) ;
#683 = CARTESIAN_POINT ( 'NONE',  ( -0.07215222568306549300, 0.5559203064224677000, 0.05242435148221891200 ) ) ;
#684 = CARTESIAN_POINT ( 'NONE',  ( -0.06916129652299023200, 0.3138270736567606600, -0.04575308301627302500 ) ) ;
#685 = ORIENTED_EDGE ( 'NONE', *, *, #180, .T. ) ;
#686 = VERTEX_POINT ( 'NONE', #26 ) ;
#687 = CARTESIAN_POINT ( 'NONE',  ( -0.09125703325188321000, 0.2965738747834052400, 0.02040861408164518200 ) ) ;
#688 = VERTEX_POINT ( 'NONE', #2134 ) ;
#689 = CARTESIAN_POINT ( 'NONE',  ( 0.1156436548058724500, 0.2675000000000000200, 0.01295148273251699200 ) ) ;
#690 = DIRECTION ( 'NONE',  ( 1.000000000000000000, 0.0000000000000000000, 0.0000000000000000000 ) ) ;
#691 = ADVANCED_FACE ( 'NONE', ( #1840 ), #762, .T. ) ;
#692 = VERTEX_POINT ( 'NONE', #528 ) ;
#693 = CARTESIAN_POINT ( 'NONE',  ( 0.1407405785284341600, 0.2879327328369961100, 0.01962790543454202500 ) ) ;
#694 = CARTESIAN_POINT ( 'NONE',  ( 0.08830222215594876700, 0.3459664541410885100, 0.01950000000000000000 ) ) ;
#695 = CARTESIAN_POINT ( 'NONE',  ( -0.06960338832111594200, 0.3238894268288942700, -0.04828697966747848300 ) ) ;
#696 = FILL_AREA_STYLE ('',( #1974 ) ) ;
#697 = CARTESIAN_POINT ( 'NONE',  ( -0.1392397588013529800, 0.3032959761125289000, -0.03117179865126232600 ) ) ;
#698 = CARTESIAN_POINT ( 'NONE',  ( -0.05089608531959055600, 0.5550084364433874900, 0.04921259842499998300 ) ) ;
#699 = CARTESIAN_POINT ( 'NONE',  ( -0.08602218391838456500, 0.2675000000000000200, -0.01028103655790862900 ) ) ;
#700 = CARTESIAN_POINT ( 'NONE',  ( 0.08601932446481402900, 0.5453164588872988500, -0.05273856734534551600 ) ) ;
#701 = CARTESIAN_POINT ( 'NONE',  ( 0.08861111111111111300, 0.05500000000000000000, 0.01950000000000000000 ) ) ;
#702 = CARTESIAN_POINT ( 'NONE',  ( 0.1154248832095947900, 0.2675000000000000200, 0.02187084424056120000 ) ) ;
#703 = EDGE_CURVE ( 'NONE', #282, #3108, #1061, .T. ) ;
#704 = CARTESIAN_POINT ( 'NONE',  ( -0.1348622745852348900, 0.2945542114030635900, 0.01446118829920366500 ) ) ;
#705 = TOROIDAL_SURFACE ( 'NONE', #1917, 0.02050000000000000100, 0.02000000000000000000 ) ;
#706 = PLANE ( 'NONE',  #644 ) ;
#707 = CARTESIAN_POINT ( 'NONE',  ( 0.1465832581361050100, 0.2924999999999999800, -1.575000016572839900E-009 ) ) ;
#708 = CARTESIAN_POINT ( 'NONE',  ( 0.07997524752475242100, 0.01225247524752482200, 0.01950000000000000000 ) ) ;
#709 = FACE_OUTER_BOUND ( 'NONE', #1483, .T. ) ;
#710 = ADVANCED_FACE ( 'NONE', ( #2640 ), #2133, .T. ) ;
#711 = EDGE_CURVE ( 'NONE', #494, #2546, #2554, .T. ) ;
#712 = EDGE_CURVE ( 'NONE', #2651, #1732, #1883, .T. ) ;
#713 = AXIS2_PLACEMENT_3D ( 'NONE', #866, #1132, #101 ) ;
#714 = AXIS2_PLACEMENT_3D ( 'NONE', #2621, #1045, #2333 ) ;
#715 = CARTESIAN_POINT ( 'NONE',  ( -0.1156436548962986400, 0.2925000000000000400, -0.01295148294853493300 ) ) ;
#716 = CIRCLE ( 'NONE', #766, 0.04050000000000000100 ) ;
#717 = CARTESIAN_POINT ( 'NONE',  ( 0.07749999999999997200, 0.1099999999999999600, 0.01950000000000000000 ) ) ;
#718 = CARTESIAN_POINT ( 'NONE',  ( 0.09605527701725967400, 0.2914948198552420000, -0.02100797640695015900 ) ) ;
#719 = CARTESIAN_POINT ( 'NONE',  ( 0.1162944980829038200, 0.2675000000000000200, 0.01651676566302265000 ) ) ;
#720 = UNCERTAINTY_MEASURE_WITH_UNIT (LENGTH_MEASURE( 1.000000000000000100E-005 ), #2796, 'distance_accuracy_value', 'NONE');
#721 = CARTESIAN_POINT ( 'NONE',  ( -0.1000000000000000500, -0.2688397459621558200, -0.01950000000000000000 ) ) ;
#722 = CARTESIAN_POINT ( 'NONE',  ( -0.06715499854429735100, 0.3282218266081283800, -0.04913398601665537600 ) ) ;
#723 = CARTESIAN_POINT ( 'NONE',  ( 0.06475214258944633800, 0.3127842106100097200, 0.04014575330991151200 ) ) ;
#724 = CARTESIAN_POINT ( 'NONE',  ( 0.06049639730791572800, 0.3401827731715531000, 0.05134871843248343300 ) ) ;
#725 = CARTESIAN_POINT ( 'NONE',  ( 0.05341674191812845900, 0.2924999999999999300, -1.575000007109739800E-009 ) ) ;
#726 = ORIENTED_EDGE ( 'NONE', *, *, #145, .T. ) ;
#728 = ORIENTED_EDGE ( 'NONE', *, *, #306, .F. ) ;
#727 = CARTESIAN_POINT ( 'NONE',  ( -0.08393564356435639900, 0.03185643564356442600, -0.01950000000000000000 ) ) ;
#729 = CARTESIAN_POINT ( 'NONE',  ( -0.1345095866607486600, 0.3257484925494812400, -0.04726376773553182100 ) ) ;
#730 = CARTESIAN_POINT ( 'NONE',  ( -0.08958054955992068900, 0.2675000000000000200, -0.007168303775070687300 ) ) ;
#731 = CIRCLE ( 'NONE', #1617, 0.01000000000000002100 ) ;
#732 = AXIS2_PLACEMENT_3D ( 'NONE', #3258, #1686, #2537 ) ;
#733 = DIRECTION ( 'NONE',  ( -0.0000000000000000000, -0.0000000000000000000, -1.000000000000000000 ) ) ;
#734 = CARTESIAN_POINT ( 'NONE',  ( 0.09198702245710759000, 0.2910169277787904600, -0.02039971100528392700 ) ) ;
#735 = ADVANCED_FACE ( 'NONE', ( #709 ), #1625, .T. ) ;
#736 = CARTESIAN_POINT ( 'NONE',  ( 0.08413216881628478300, 0.2675000000000000200, 0.02011862523532355000 ) ) ;
#737 = ORIENTED_EDGE ( 'NONE', *, *, #2201, .F. ) ;
#738 = CARTESIAN_POINT ( 'NONE',  ( 0.1100000000000000700, 0.0000000000000000000, 0.01950000000000000000 ) ) ;
#739 = SURFACE_STYLE_USAGE ( .BOTH. , #215 ) ;
#740 = EDGE_CURVE ( 'NONE', #2366, #1076, #1135, .T. ) ;
#741 = CARTESIAN_POINT ( 'NONE',  ( 0.1387928198818889900, 0.2928393562730147200, 0.007286975786676200100 ) ) ;
#742 = EDGE_CURVE ( 'NONE', #1076, #692, #233, .T. ) ;
#743 = EDGE_LOOP ( 'NONE', ( #2362, #2850, #1229, #212, #2940 ) ) ;
#744 = CLOSED_SHELL ( 'NONE', ( #955, #408, #3105, #674, #1482, #2909, #240, #975, #1653, #1799, #3074, #2856, #1072, #2704 ) ) ;
#745 = ORIENTED_EDGE ( 'NONE', *, *, #1314, .T. ) ;
#746 = CARTESIAN_POINT ( 'NONE',  ( -0.1074672577783305100, 0.3620478284633283900, -0.05134871754876235700 ) ) ;
#747 = CARTESIAN_POINT ( 'NONE',  ( 0.1757874000000000100, 0.6932873999999998900, -1.575000007109739800E-009 ) ) ;
#748 = VERTEX_POINT ( 'NONE', #3172 ) ;
#749 = CARTESIAN_POINT ( 'NONE',  ( 0.1050381021485798200, 0.2997798715987281500, -0.02575900326929864100 ) ) ;
#750 = CARTESIAN_POINT ( 'NONE',  ( 0.1000000000000000100, 0.2925000000000000400, 0.01950000000000000000 ) ) ;
#751 = CARTESIAN_POINT ( 'NONE',  ( 0.1168847341017578400, 0.2675000000000000700, -0.01472622793479022900 ) ) ;
#752 = CARTESIAN_POINT ( 'NONE',  ( 0.1407292347506733900, 0.2954996628581427800, 0.01724731342366519000 ) ) ;
#753 = DIRECTION ( 'NONE',  ( 1.000000000000000000, -9.252460454901188500E-015, 0.0000000000000000000 ) ) ;
#754 = TOROIDAL_SURFACE ( 'NONE', #3144, 0.02250000000000010000, 0.01000000000000000200 ) ;
#755 = EDGE_LOOP ( 'NONE', ( #1485, #3292, #3428, #561, #40, #2072, #97, #103, #726 ) ) ;
#756 = CARTESIAN_POINT ( 'NONE',  ( 0.1465832579223813900, 0.2924999999999999300, -1.575000007109739800E-009 ) ) ;
#757 = CIRCLE ( 'NONE', #1558, 0.02500000000000000800 ) ;
#758 = CARTESIAN_POINT ( 'NONE',  ( -0.05588089765932350400, 0.3456833097091950900, -0.05134871754876237100 ) ) ;
#759 = CIRCLE ( 'NONE', #502, 0.01000000000000000200 ) ;
#760 = CARTESIAN_POINT ( 'NONE',  ( -0.1154247766980154300, 0.2675000000000000200, -0.02187121804488534300 ) ) ;
#761 = CARTESIAN_POINT ( 'NONE',  ( -0.1000000000000000500, -0.2775000000000000200, -0.01950000000000000000 ) ) ;
#762 = SPHERICAL_SURFACE ( 'NONE', #1424, 0.04921260000000000200 ) ;
#763 = CARTESIAN_POINT ( 'NONE',  ( -0.08435634505225814200, 0.2675000000000000200, -0.01295148307142667200 ) ) ;
#764 = SPHERICAL_SURFACE ( 'NONE', #51, 0.04921260000000000200 ) ;
#765 = CARTESIAN_POINT ( 'NONE',  ( -0.1390420182623497400, 0.2924999999999988200, -0.03026897441738755900 ) ) ;
#766 = AXIS2_PLACEMENT_3D ( 'NONE', #3118, #3333, #2029 ) ;
#767 = ADVANCED_FACE ( 'NONE', ( #2206 ), #1541, .T. ) ;
#768 = CARTESIAN_POINT ( 'NONE',  ( -0.1480052990093383700, 0.3023038758768019100, -0.02982078960413937100 ) ) ;
#769 = ORIENTED_EDGE ( 'NONE', *, *, #2738, .F. ) ;
#770 = CARTESIAN_POINT ( 'NONE',  ( 0.09241188392333296600, 0.2675000000000000200, -0.01927125898548778100 ) ) ;
#771 = FACE_OUTER_BOUND ( 'NONE', #2367, .T. ) ;
#772 = CARTESIAN_POINT ( 'NONE',  ( 0.05917015736992208000, 0.2885580175280706400, 0.02191192034300849800 ) ) ;
#773 = DIRECTION ( 'NONE',  ( 0.3721202035001300900, -0.8188126115384108900, -0.4371183607819159600 ) ) ;
#774 = CARTESIAN_POINT ( 'NONE',  ( -0.1000000000000000500, -0.2688397459621558200, -0.02950000000000000200 ) ) ;
#775 = ORIENTED_EDGE ( 'NONE', *, *, #554, .T. ) ;
#776 = DIRECTION ( 'NONE',  ( 0.7660444431189797900, 0.6427876096865373600, 0.0000000000000000000 ) ) ;
#777 = VERTEX_POINT ( 'NONE', #36 ) ;
#778 = EDGE_CURVE ( 'NONE', #1544, #364, #2152, .T. ) ;
#779 = AXIS2_PLACEMENT_3D ( 'NONE', #1979, #3304, #3313 ) ;
#780 = AXIS2_PLACEMENT_3D ( 'NONE', #335, #2744, #361 ) ;
#781 = ORIENTED_EDGE ( 'NONE', *, *, #2201, .T. ) ;
#782 = DIRECTION ( 'NONE',  ( 1.000000000000000000, 0.0000000000000000000, 0.0000000000000000000 ) ) ;
#783 = CARTESIAN_POINT ( 'NONE',  ( -0.1384531981626644100, 0.3185364642836278100, -0.04341366830000939500 ) ) ;
#784 = CARTESIAN_POINT ( 'NONE',  ( 0.07801198548427573700, 0.2675000000000000200, -0.01055034881024990500 ) ) ;
#785 = ORIENTED_EDGE ( 'NONE', *, *, #1372, .T. ) ;
#786 = EDGE_CURVE ( 'NONE', #2769, #593, #435, .T. ) ;
#787 = CARTESIAN_POINT ( 'NONE',  ( -0.06190157150740658400, 0.2675000000000000700, -0.02501293111417748200 ) ) ;
#788 = EDGE_CURVE ( 'NONE', #2771, #2070, #2749, .T. ) ;
#789 = ADVANCED_FACE ( 'NONE', ( #337 ), #2259, .T. ) ;
#790 = DIRECTION ( 'NONE',  ( 0.0000000000000000000, 0.4709390626866327700, -0.8821657436308869600 ) ) ;
#791 = ORIENTED_EDGE ( 'NONE', *, *, #3395, .T. ) ;
#792 = CARTESIAN_POINT ( 'NONE',  ( 0.08598912278471415600, 0.2675000000000000200, 0.01023154091784127400 ) ) ;
#793 = AXIS2_PLACEMENT_3D ( 'NONE', #1516, #1735, #1231 ) ;
#794 = DIRECTION ( 'NONE',  ( -0.2659006028984988700, 0.0000000000000000000, 0.9640004509222052100 ) ) ;
#795 = ORIENTED_EDGE ( 'NONE', *, *, #894, .F. ) ;
#796 = CARTESIAN_POINT ( 'NONE',  ( -0.1463305278203528800, 0.3051612488596403000, -0.03322704338394313900 ) ) ;
#797 = FACE_OUTER_BOUND ( 'NONE', #1073, .T. ) ;
#798 = CARTESIAN_POINT ( 'NONE',  ( 0.1076424461966404600, 0.2675000000000000200, 0.005644734671074294400 ) ) ;
#799 = CARTESIAN_POINT ( 'NONE',  ( -0.08861111111111111300, 0.05500000000000002100, -0.01950000000000000000 ) ) ;
#800 = DIRECTION ( 'NONE',  ( 0.0000000000000000000, 1.000000000000000000, 0.0000000000000000000 ) ) ;
#801 = CYLINDRICAL_SURFACE ( 'NONE', #479, 0.04049999999999999400 ) ;
#802 = AXIS2_PLACEMENT_3D ( 'NONE', #2864, #3133, #1532 ) ;
#803 = CARTESIAN_POINT ( 'NONE',  ( 0.0000000000000000000, 0.6932873999999998900, -1.575000007109739800E-009 ) ) ;
#804 = TOROIDAL_SURFACE ( 'NONE', #1126, 0.02250000000000001300, 0.01000000000000000200 ) ;
#805 = COLOUR_RGB ( '',0.7921568627450980000, 0.8196078431372548800, 0.9333333333333333500 ) ;
#806 =( CONVERSION_BASED_UNIT ( 'INCH', #3314 ) LENGTH_UNIT ( ) NAMED_UNIT ( #1546 ) );
#807 = CARTESIAN_POINT ( 'NONE',  ( -0.09999999999999997800, 0.3138270736567614900, -0.01950000000000000000 ) ) ;
#808 = CARTESIAN_POINT ( 'NONE',  ( -0.1163551422203962800, 0.2674999999999999600, -0.01465114491674900100 ) ) ;
#809 = CARTESIAN_POINT ( 'NONE',  ( 0.06916129652301167300, 0.3138270736567614900, 0.04575308301625522600 ) ) ;
#810 = CARTESIAN_POINT ( 'NONE',  ( -0.1757873999999999500, 0.6932873999999998900, -1.575000007109739800E-009 ) ) ;
#811 = CARTESIAN_POINT ( 'NONE',  ( -0.09688248284942477300, 0.2674999999999999600, -0.003977895780836514800 ) ) ;
#812 = CARTESIAN_POINT ( 'NONE',  ( 0.05944916233509337600, 0.2859903101176680100, 0.01276048878274139300 ) ) ;
#813 = CARTESIAN_POINT ( 'NONE',  ( 0.09688248311034264300, 0.2675000000000000700, 0.003977895754421843100 ) ) ;
#814 = FACE_OUTER_BOUND ( 'NONE', #1337, .T. ) ;
#815 = CARTESIAN_POINT ( 'NONE',  ( -0.1239431305464833200, 0.2882953044107055000, 0.01353152066325585600 ) ) ;
#816 = DIRECTION ( 'NONE',  ( 1.000000000000000000, 0.0000000000000000000, 0.0000000000000000000 ) ) ;
#817 = CARTESIAN_POINT ( 'NONE',  ( 0.1204552551696418900, 0.3395910781913205100, 0.05134871754876237100 ) ) ;
#818 = CARTESIAN_POINT ( 'NONE',  ( -0.06493774266872719100, 0.2675000000000000200, -0.01183000979248703500 ) ) ;
#819 = ORIENTED_EDGE ( 'NONE', *, *, #1413, .F. ) ;
#820 = CARTESIAN_POINT ( 'NONE',  ( -0.1361728277922945000, 0.2853571428571428100, 5.142618189607222500E-005 ) ) ;
#821 = CARTESIAN_POINT ( 'NONE',  ( 0.1117043145082342000, 0.2674999999999999600, 0.008070474487621971700 ) ) ;
#822 = VERTEX_POINT ( 'NONE', #1915 ) ;
#823 = ORIENTED_EDGE ( 'NONE', *, *, #1070, .T. ) ;
#824 = VERTEX_POINT ( 'NONE', #869 ) ;
#825 = VERTEX_POINT ( 'NONE', #568 ) ;
#826 = DIRECTION ( 'NONE',  ( 0.0000000000000000000, 0.0000000000000000000, 1.000000000000000000 ) ) ;
#827 = CARTESIAN_POINT ( 'NONE',  ( -0.1168847344882747700, 0.2675000000000000200, 0.01472622767413057400 ) ) ;
#828 = DIRECTION ( 'NONE',  ( 0.0000000000000000000, 0.0000000000000000000, 1.000000000000000000 ) ) ;
#829 = ORIENTED_EDGE ( 'NONE', *, *, #2980, .F. ) ;
#830 = DIRECTION ( 'NONE',  ( -0.9224407551703971400, 0.0000000000000000000, 0.3861386450495052400 ) ) ;
#831 =( BOUNDED_SURFACE ( )  B_SPLINE_SURFACE ( 3, 2, ( 
 ( #920, #2815, #433 ),
 ( #1222, #3087, #1962 ),
 ( #635, #403, #945 ),
 ( #3062, #2506, #3284 ),
 ( #1706, #1469, #3300 ),
 ( #1717, #137, #1989 ),
 ( #2002, #419, #2545 ),
 ( #961, #1529, #1759 ),
 ( #1016, #723, #1261 ),
 ( #2053, #2565, #2062 ) ),
 .UNSPECIFIED., .F., .F., .F. ) 
 B_SPLINE_SURFACE_WITH_KNOTS ( ( 4, 2, 2, 2, 4 ),
 ( 3, 3 ),
 ( -1.736872077369097700E-011, 0.0004196950719162709900, 0.0008393901612012628100, 0.001259085250486254600, 0.001678780339771246500 ),
 ( 0.0000000000000000000, 1.000000000000000000 ),
 .UNSPECIFIED. ) 
 GEOMETRIC_REPRESENTATION_ITEM ( )  RATIONAL_B_SPLINE_SURFACE ( (
 ( 1.000000000000000000, 0.7071067811865487900, 1.000000000000000000),
 ( 1.000000000000000000, 0.6949935978584033100, 1.000000000000000000),
 ( 1.000000000000000000, 0.6924958020465374900, 1.000000000000000000),
 ( 1.000000000000000000, 0.7081379398697458200, 1.000000000000000000),
 ( 1.000000000000000000, 0.7261289421599098600, 1.000000000000000000),
 ( 1.000000000000000000, 0.7699983335243779600, 1.000000000000000000),
 ( 1.000000000000000000, 0.7957730521634885900, 1.000000000000000000),
 ( 1.000000000000000000, 0.8439816446393074700, 1.000000000000000000),
 ( 1.000000000000000000, 0.8669781379090886200, 1.000000000000000000),
 ( 1.000000000000000000, 0.8865216429828614000, 1.000000000000000000) ) ) 
 REPRESENTATION_ITEM ( '' )  SURFACE ( )  );
#832 = CARTESIAN_POINT ( 'NONE',  ( 0.06190157156923004700, 0.2675000000000000200, 0.02501293068222629200 ) ) ;
#833 = ORIENTED_EDGE ( 'NONE', *, *, #2337, .F. ) ;
#834 = CARTESIAN_POINT ( 'NONE',  ( 0.1000000000000000500, -0.2775000000000000200, 0.01950000000000000000 ) ) ;
#835 = AXIS2_PLACEMENT_3D ( 'NONE', #559, #531, #2390 ) ;
#836 = FACE_OUTER_BOUND ( 'NONE', #118, .T. ) ;
#837 = AXIS2_PLACEMENT_3D ( 'NONE', #440, #177, #1218 ) ;
#838 = DIRECTION ( 'NONE',  ( 0.0000000000000000000, -1.000000000000000000, 0.0000000000000000000 ) ) ;
#839 = LINE ( 'NONE', #1339, #3396 ) ;
#840 = CARTESIAN_POINT ( 'NONE',  ( -0.1000000000000000500, 0.0000000000000000000, -0.01950000000000000000 ) ) ;
#841 = DIRECTION ( 'NONE',  ( 0.9224407451075217200, 0.0000000000000000000, 0.3861386690885545400 ) ) ;
#842 = EDGE_CURVE ( 'NONE', #1076, #2366, #3169, .T. ) ;
#843 = CARTESIAN_POINT ( 'NONE',  ( 0.1384531981626644100, 0.3185364642836278100, 0.04341366830000939500 ) ) ;
#844 = FACE_OUTER_BOUND ( 'NONE', #2968, .T. ) ;
#845 = CARTESIAN_POINT ( 'NONE',  ( -0.08195544554455436200, 0.08794554455445535700, -0.01950000000000000000 ) ) ;
#846 = CARTESIAN_POINT ( 'NONE',  ( 0.09837944865928248400, 0.5199134157335636400, -0.04921259842499999700 ) ) ;
#847 = FACE_OUTER_BOUND ( 'NONE', #447, .T. ) ;
#848 = B_SPLINE_CURVE_WITH_KNOTS ( 'NONE', 3,
 ( #1416, #1951, #2795, #144, #1458, #2548 ),
 .UNSPECIFIED., .F., .F.,
 ( 4, 2, 4 ),
 ( 0.0000000000000000000, 0.0003639106095601110500, 0.0007278212191202221000 ),
 .UNSPECIFIED. ) ;
#849 = DIRECTION ( 'NONE',  ( 0.0000000000000000000, 0.0000000000000000000, 1.000000000000000000 ) ) ;
#850 = CARTESIAN_POINT ( 'NONE',  ( -0.07476379444613309700, 0.5623118250997430900, 0.04921259842499999000 ) ) ;
#851 = VECTOR ( 'NONE', #2998, 39.37007874015748100 ) ;
#852 = CARTESIAN_POINT ( 'NONE',  ( 0.05540189286731541500, 0.5588790654834091500, -0.04921259842499960800 ) ) ;
#853 = EDGE_CURVE ( 'NONE', #1850, #2234, #938, .T. ) ;
#854 = TOROIDAL_SURFACE ( 'NONE', #2256, 0.08119550490591051500, 0.01000000000000000000 ) ;
#855 = CARTESIAN_POINT ( 'NONE',  ( -0.1322971439301522700, 0.2861872569226031100, 0.005604424765560563900 ) ) ;
#856 = EDGE_CURVE ( 'NONE', #3145, #1973, #1462, .T. ) ;
#857 = CARTESIAN_POINT ( 'NONE',  ( 0.1305505360748070200, 0.3237041103057011800, 0.04652752956519287000 ) ) ;
#858 = CARTESIAN_POINT ( 'NONE',  ( 0.08457586964748180200, 0.2675000000000000200, 0.02187357353769689400 ) ) ;
#859 = ORIENTED_EDGE ( 'NONE', *, *, #2698, .F. ) ;
#860 = AXIS2_PLACEMENT_3D ( 'NONE', #3426, #326, #1082 ) ;
#861 = CARTESIAN_POINT ( 'NONE',  ( -0.09000000000000005200, -0.2688397459621558200, -0.01950000000000000000 ) ) ;
#862 = CARTESIAN_POINT ( 'NONE',  ( 0.04824710462280563900, 0.5572311951690553900, -0.04921259842499999700 ) ) ;
#863 = FACE_OUTER_BOUND ( 'NONE', #1320, .T. ) ;
#864 = ORIENTED_EDGE ( 'NONE', *, *, #3317, .T. ) ;
#865 = CARTESIAN_POINT ( 'NONE',  ( 0.1000000000000000500, -0.2688397459621558200, 0.009499999999999996300 ) ) ;
#866 = CARTESIAN_POINT ( 'NONE',  ( -0.1757873999999999500, 0.3417125999999999800, -1.575000007109739800E-009 ) ) ;
#867 = ORIENTED_EDGE ( 'NONE', *, *, #493, .T. ) ;
#868 = ORIENTED_EDGE ( 'NONE', *, *, #383, .F. ) ;
#869 = CARTESIAN_POINT ( 'NONE',  ( -0.06225662730574231500, 0.2853571428571429800, -0.003700425436698061600 ) ) ;
#870 = CARTESIAN_POINT ( 'NONE',  ( 0.09604139098973282800, 0.5171270271061855200, -0.04921259842499999700 ) ) ;
#871 = AXIS2_PLACEMENT_3D ( 'NONE', #2994, #2416, #286 ) ;
#872 = B_SPLINE_CURVE_WITH_KNOTS ( 'NONE', 3,
 ( #2334, #1815, #2092, #3122, #1282, #2851, #490, #503, #2348, #1524 ),
 .UNSPECIFIED., .F., .F.,
 ( 4, 2, 2, 2, 4 ),
 ( 0.0000000000000000000, 0.0003537619599771339300, 0.0007075239199542678700, 0.001061285879931402200, 0.001415047839908538300 ),
 .UNSPECIFIED. ) ;
#873 = EDGE_LOOP ( 'NONE', ( #1689, #2370, #1935, #1379 ) ) ;
#874 = CARTESIAN_POINT ( 'NONE',  ( 0.09160831387625845100, 0.5379356985415416600, -0.05223540028754387900 ) ) ;
#875 = ORIENTED_EDGE ( 'NONE', *, *, #3212, .F. ) ;
#876 = VERTEX_POINT ( 'NONE', #3218 ) ;
#877 = CARTESIAN_POINT ( 'NONE',  ( 0.1757874000000000100, 0.6932873999999998900, -1.575000007109739800E-009 ) ) ;
#878 = EDGE_LOOP ( 'NONE', ( #116, #1888, #3248 ) ) ;
#879 = CARTESIAN_POINT ( 'NONE',  ( -0.1239184312638900700, 0.2971301701832209700, 0.02098210638247973200 ) ) ;
#880 = CARTESIAN_POINT ( 'NONE',  ( -0.08195544554455440300, 0.02205445544554463600, -0.01950000000000000000 ) ) ;
#881 = CARTESIAN_POINT ( 'NONE',  ( -0.1343301305323258400, 0.3259034762173654300, -0.04677263772838743300 ) ) ;
#882 = ADVANCED_FACE ( 'NONE', ( #2460 ), #1754, .T. ) ;
#883 = CIRCLE ( 'NONE', #1384, 0.01000000000000002100 ) ;
#884 = CARTESIAN_POINT ( 'NONE',  ( 0.1074672577783304400, 0.3620478284633283900, 0.05134871754876235700 ) ) ;
#885 = CARTESIAN_POINT ( 'NONE',  ( -0.1340270414065786200, 0.2675000000000000200, -0.008610244381527512200 ) ) ;
#886 = CARTESIAN_POINT ( 'NONE',  ( 0.09999999999999997800, 0.3138270736567614900, 0.05999999999999999800 ) ) ;
#887 = TOROIDAL_SURFACE ( 'NONE', #960, 0.02250000000000001300, 0.01000000000000000200 ) ;
#888 = CARTESIAN_POINT ( 'NONE',  ( -0.05474422587315738000, 0.5553639468650256600, 0.05134871754876237100 ) ) ;
#889 = DIRECTION ( 'NONE',  ( -0.7660444431189776800, 0.6427876096865395800, 1.791721292140913700E-015 ) ) ;
#890 = CARTESIAN_POINT ( 'NONE',  ( -0.05128175561932798300, 0.2925000002713231100, -0.004238894001166614500 ) ) ;
#891 = DIRECTION ( 'NONE',  ( 0.0000000000000000000, 0.0000000000000000000, 1.000000000000000000 ) ) ;
#892 = CARTESIAN_POINT ( 'NONE',  ( 0.06057428699450715500, 0.5642495351420846500, -0.04921259842499999700 ) ) ;
#893 = CARTESIAN_POINT ( 'NONE',  ( 0.06095798173765083800, 0.2924999999999999300, 0.03026897441738986600 ) ) ;
#894 = EDGE_CURVE ( 'NONE', #2584, #350, #3088, .T. ) ;
#895 = CARTESIAN_POINT ( 'NONE',  ( -0.1364954625605290800, 0.2674999999999996300, -0.01714706003949921200 ) ) ;
#896 = DIRECTION ( 'NONE',  ( 0.0000000000000000000, 0.0000000000000000000, 1.000000000000000000 ) ) ;
#897 = EDGE_LOOP ( 'NONE', ( #2075, #3119, #864 ) ) ;
#898 = EDGE_CURVE ( 'NONE', #2412, #1985, #2174, .T. ) ;
#899 = CARTESIAN_POINT ( 'NONE',  ( -0.08435634487629416200, 0.2925000000000000400, -0.01295148349178448300 ) ) ;
#900 = AXIS2_PLACEMENT_3D ( 'NONE', #2181, #2202, #3008 ) ;
#901 = CARTESIAN_POINT ( 'NONE',  ( -0.08601893206974495200, 0.5453154719959463200, 0.05273836917640756200 ) ) ;
#902 = ORIENTED_EDGE ( 'NONE', *, *, #2735, .F. ) ;
#903 = DIRECTION ( 'NONE',  ( 0.6427876096865401400, 0.7660444431189774600, 0.0000000000000000000 ) ) ;
#904 = PRESENTATION_LAYER_ASSIGNMENT (  '', '', ( #3202 ) ) ;
#905 = DIRECTION ( 'NONE',  ( -0.0000000000000000000, 1.000000000000000000, -0.0000000000000000000 ) ) ;
#906 = EDGE_LOOP ( 'NONE', ( #3159, #1192, #1123 ) ) ;
#907 = CARTESIAN_POINT ( 'NONE',  ( -0.1396671518799378600, 0.2913237340797057400, -0.02800260464359770300 ) ) ;
#908 = CARTESIAN_POINT ( 'NONE',  ( -0.1237943936421686800, 0.3304597423039732400, -0.05134871677472529300 ) ) ;
#909 = ORIENTED_EDGE ( 'NONE', *, *, #1074, .T. ) ;
#910 = ORIENTED_EDGE ( 'NONE', *, *, #3401, .T. ) ;
#911 = ORIENTED_EDGE ( 'NONE', *, *, #3310, .F. ) ;
#912 = ORIENTED_EDGE ( 'NONE', *, *, #1267, .T. ) ;
#913 = CARTESIAN_POINT ( 'NONE',  ( -0.05341674049107089000, 0.2924999999999999300, -1.575000007109739800E-009 ) ) ;
#914 = ADVANCED_FACE ( 'NONE', ( #2381 ), #980, .F. ) ;
#915 = B_SPLINE_CURVE_WITH_KNOTS ( 'NONE', 3,
 ( #2650, #2336, #512, #2068, #1065, #477 ),
 .UNSPECIFIED., .F., .F.,
 ( 4, 2, 4 ),
 ( 0.0000000000000000000, 0.0003553234590381237600, 0.0007106469180762475100 ),
 .UNSPECIFIED. ) ;
#916 = DIRECTION ( 'NONE',  ( 0.0000000000000000000, -1.000000000000000000, 0.0000000000000000000 ) ) ;
#917 = PRODUCT_DEFINITION ( 'UNKNOWN', '', #1095, #392 ) ;
#918 = DIRECTION ( 'NONE',  ( -0.6427876096865400300, 0.7660444431189774600, 0.0000000000000000000 ) ) ;
#919 = CARTESIAN_POINT ( 'NONE',  ( -0.06193346185006249500, 0.3268587411213691500, -0.04691740324638498500 ) ) ;
#920 = CARTESIAN_POINT ( 'NONE',  ( 0.05341674186389493200, 0.2924999999999999800, -1.575000007109739800E-009 ) ) ;
#921 = CARTESIAN_POINT ( 'NONE',  ( 0.1384531981626644100, 0.3185364642836278100, 0.04341366830000938800 ) ) ;
#922 = ORIENTED_EDGE ( 'NONE', *, *, #142, .T. ) ;
#923 = DIRECTION ( 'NONE',  ( -0.0000000000000000000, -1.000000000000000000, 0.0000000000000000000 ) ) ;
#924 = ORIENTED_EDGE ( 'NONE', *, *, #1963, .T. ) ;
#925 = CARTESIAN_POINT ( 'NONE',  ( 0.06234094093467856100, 0.2924999997608824800, 0.003735716027978871000 ) ) ;
#926 = VECTOR ( 'NONE', #3220, 39.37007874015748900 ) ;
#927 =( LENGTH_UNIT ( ) NAMED_UNIT ( * ) SI_UNIT ( $, .METRE. ) );
#928 = EDGE_CURVE ( 'NONE', #1775, #2866, #2049, .T. ) ;
#929 = DIRECTION ( 'NONE',  ( 0.0000000000000000000, 0.0000000000000000000, 1.000000000000000000 ) ) ;
#930 = DIRECTION ( 'NONE',  ( -1.000000000000000000, 0.0000000000000000000, 0.0000000000000000000 ) ) ;
#931 = CARTESIAN_POINT ( 'NONE',  ( -0.07077901859163898700, 0.2870240268242917900, 0.009962413573413101500 ) ) ;
#932 = CARTESIAN_POINT ( 'NONE',  ( 0.05114879009824155300, 0.3417125999999999800, 0.04921259842499999700 ) ) ;
#933 = FACE_OUTER_BOUND ( 'NONE', #3338, .T. ) ;
#934 = CARTESIAN_POINT ( 'NONE',  ( 0.1000000000000000500, -0.2688397459621558200, 0.01950000000000000000 ) ) ;
#935 = CARTESIAN_POINT ( 'NONE',  ( 0.1757874000000000100, 0.3417125999999999800, -1.575000007109739800E-009 ) ) ;
#936 = ORIENTED_EDGE ( 'NONE', *, *, #186, .F. ) ;
#937 = CARTESIAN_POINT ( 'NONE',  ( -0.1156436548962986400, 0.2675000000000000200, -0.01295148294853492300 ) ) ;
#938 = LINE ( 'NONE', #1382, #851 ) ;
#939 = ADVANCED_FACE ( 'NONE', ( #267 ), #52, .T. ) ;
#940 = CIRCLE ( 'NONE', #641, 0.01000000000000000200 ) ;
#941 = DIRECTION ( 'NONE',  ( 0.0000000000000000000, 0.0000000000000000000, 1.000000000000000000 ) ) ;
#942 = DIRECTION ( 'NONE',  ( -1.000000000000000000, 0.0000000000000000000, -0.0000000000000000000 ) ) ;
#943 = CARTESIAN_POINT ( 'NONE',  ( -0.1416146189601439300, 0.2930325378164301800, 0.007955573416237749600 ) ) ;
#944 = CARTESIAN_POINT ( 'NONE',  ( -0.05114879009824162300, 0.3417125999999999800, -0.04921259842499999700 ) ) ;
#945 = CARTESIAN_POINT ( 'NONE',  ( 0.05990693435197096100, 0.2831929758347841400, 0.01235213359459671900 ) ) ;
#946 =( BOUNDED_SURFACE ( )  B_SPLINE_SURFACE ( 3, 2, ( 
 ( #1387, #3002, #1958 ),
 ( #890, #1681, #376 ),
 ( #1703, #2502, #2943 ),
 ( #1623, #3079, #974 ),
 ( #3066, #174, #140 ),
 ( #2275, #3324, #3336 ),
 ( #407, #1470, #1721 ),
 ( #3311, #673, #154 ),
 ( #2004, #164, #1749 ),
 ( #2019, #2289, #684 ) ),
 .UNSPECIFIED., .F., .F., .F. ) 
 B_SPLINE_SURFACE_WITH_KNOTS ( ( 4, 2, 2, 2, 4 ),
 ( 3, 3 ),
 ( -1.385357746488263800E-011, 0.0004196950485992854400, 0.0008393901110521483500, 0.001259085173505011200, 0.001678780235957874300 ),
 ( 0.0000000000000000000, 1.000000000000000000 ),
 .UNSPECIFIED. ) 
 GEOMETRIC_REPRESENTATION_ITEM ( )  RATIONAL_B_SPLINE_SURFACE ( (
 ( 1.000000000000000000, 0.7071067724481361300, 1.000000000000000000),
 ( 1.000000000000000000, 0.6949935935565638700, 1.000000000000000000),
 ( 1.000000000000000000, 0.6924958032688586200, 1.000000000000000000),
 ( 1.000000000000000000, 0.7081379476644746900, 1.000000000000000000),
 ( 1.000000000000000000, 0.7261289510427605400, 1.000000000000000000),
 ( 1.000000000000000000, 0.7699983416766299500, 1.000000000000000000),
 ( 1.000000000000000000, 0.7957730587022755500, 1.000000000000000000),
 ( 1.000000000000000000, 0.8439816478934665200, 1.000000000000000000),
 ( 1.000000000000000000, 0.8669781390615400900, 1.000000000000000000),
 ( 1.000000000000000000, 0.8865216429828615100, 1.000000000000000000) ) ) 
 REPRESENTATION_ITEM ( '' )  SURFACE ( )  );
#947 = ORIENTED_EDGE ( 'NONE', *, *, #2276, .F. ) ;
#948 = CARTESIAN_POINT ( 'NONE',  ( 0.1507524680623367800, 0.2955487361171558700, 0.01766321588651156800 ) ) ;
#949 = EDGE_LOOP ( 'NONE', ( #1079, #1476, #1156 ) ) ;
#950 = ORIENTED_EDGE ( 'NONE', *, *, #2877, .F. ) ;
#951 = CARTESIAN_POINT ( 'NONE',  ( -0.06363806943841346400, 0.2922089896673715200, -0.0006747859141148625900 ) ) ;
#952 = ORIENTED_EDGE ( 'NONE', *, *, #1375, .T. ) ;
#953 = AXIS2_PLACEMENT_3D ( 'NONE', #594, #2459, #98 ) ;
#954 = DIRECTION ( 'NONE',  ( -0.0000000000000000000, 1.000000000000000000, -0.0000000000000000000 ) ) ;
#955 = ADVANCED_FACE ( 'NONE', ( #1582 ), #887, .T. ) ;
#956 = CARTESIAN_POINT ( 'NONE',  ( -0.05114879009824164400, 0.3417125999999999800, -0.04921259842499999700 ) ) ;
#957 = CARTESIAN_POINT ( 'NONE',  ( -0.05556117665172400500, 0.2924999999906870400, 0.004257654628892372700 ) ) ;
#958 = ORIENTED_EDGE ( 'NONE', *, *, #1138, .T. ) ;
#959 = ORIENTED_EDGE ( 'NONE', *, *, #2797, .F. ) ;
#960 = AXIS2_PLACEMENT_3D ( 'NONE', #2751, #666, #654 ) ;
#961 = CARTESIAN_POINT ( 'NONE',  ( 0.05733629290525379300, 0.3112737389721359500, 0.03890734989127666400 ) ) ;
#962 = CARTESIAN_POINT ( 'NONE',  ( -0.05369558302014574400, 0.5620241208123291100, 0.04921259842499999700 ) ) ;
#963 = DIRECTION ( 'NONE',  ( 0.0000000000000000000, -1.000000000000000000, 0.0000000000000000000 ) ) ;
#964 = CARTESIAN_POINT ( 'NONE',  ( -0.09198702147577898800, 0.2910169297358893800, 0.02039971089049344400 ) ) ;
#965 = DIRECTION ( 'NONE',  ( 0.0000000000000000000, 0.0000000000000000000, 1.000000000000000000 ) ) ;
#966 = EDGE_CURVE ( 'NONE', #364, #367, #2216, .T. ) ;
#967 = CARTESIAN_POINT ( 'NONE',  ( -0.06431069971474415200, 0.3343096313333125400, -0.05074959061159441100 ) ) ;
#968 = AXIS2_PLACEMENT_3D ( 'NONE', #3406, #549, #1122 ) ;
#969 = AXIS2_PLACEMENT_3D ( 'NONE', #2175, #2454, #3244 ) ;
#970 = ORIENTED_EDGE ( 'NONE', *, *, #788, .T. ) ;
#971 = CARTESIAN_POINT ( 'NONE',  ( -0.05369558276539735500, 0.5620241215275431100, 0.04921259842500000400 ) ) ;
#972 = VERTEX_POINT ( 'NONE', #3031 ) ;
#973 = LINE ( 'NONE', #614, #377 ) ;
#974 = CARTESIAN_POINT ( 'NONE',  ( -0.05929831550013379300, 0.2861604564820357500, -0.02088520153989822900 ) ) ;
#975 = ADVANCED_FACE ( 'NONE', ( #178 ), #804, .T. ) ;
#976 = AXIS2_PLACEMENT_3D ( 'NONE', #3151, #3405, #1831 ) ;
#977 = EDGE_CURVE ( 'NONE', #3217, #2433, #2882, .T. ) ;
#978 = CARTESIAN_POINT ( 'NONE',  ( -0.06427935495143964600, 0.2943481609289634900, 0.01374001240704606100 ) ) ;
#979 = CARTESIAN_POINT ( 'NONE',  ( -0.07749999999999997200, 0.1099999999999999600, -0.01950000000000000000 ) ) ;
#980 = CYLINDRICAL_SURFACE ( 'NONE', #55, 0.01000000000000002100 ) ;
#981 = CARTESIAN_POINT ( 'NONE',  ( 0.1380954336094462300, 0.2675000000000000200, 0.02499643004477143300 ) ) ;
#982 = CARTESIAN_POINT ( 'NONE',  ( 0.08466594182299103100, 0.2675000000000000200, 0.01221191830514958300 ) ) ;
#983 = CARTESIAN_POINT ( 'NONE',  ( -0.1502497349556493600, 0.2974345077037897100, -0.02194541584355747700 ) ) ;
#984 = CARTESIAN_POINT ( 'NONE',  ( -0.07336371848624534400, 0.5587624051626944900, 0.04921259842499999000 ) ) ;
#985 = CARTESIAN_POINT ( 'NONE',  ( -0.07245209640125842300, 0.2675000000000000200, 0.003936295235899258700 ) ) ;
#986 = DIRECTION ( 'NONE',  ( 0.0000000000000000000, 1.000000000000000000, 0.0000000000000000000 ) ) ;
#987 = ADVANCED_FACE ( 'NONE', ( #2834 ), #1371, .F. ) ;
#988 = DIRECTION ( 'NONE',  ( 0.0000000000000000000, -1.000000000000000000, 0.0000000000000000000 ) ) ;
#989 = UNCERTAINTY_MEASURE_WITH_UNIT (LENGTH_MEASURE( 1.000000000000000100E-005 ), #2309, 'distance_accuracy_value', 'NONE');
#990 = CARTESIAN_POINT ( 'NONE',  ( 0.07245209743332789400, 0.2675000000000000200, -0.003936296688246460400 ) ) ;
#991 = CARTESIAN_POINT ( 'NONE',  ( -0.1325004972895982300, 0.3092676013978068500, -0.04380102402968815600 ) ) ;
#992 = VERTEX_POINT ( 'NONE', #425 ) ;
#993 = CARTESIAN_POINT ( 'NONE',  ( -0.1204552551696418900, 0.3395910781913205100, -0.05134871754876237100 ) ) ;
#994 = ORIENTED_EDGE ( 'NONE', *, *, #2387, .T. ) ;
#995 = ORIENTED_EDGE ( 'NONE', *, *, #484, .T. ) ;
#996 = CARTESIAN_POINT ( 'NONE',  ( -0.1039032816534536400, 0.2916164884786166500, 0.02100596190050985800 ) ) ;
#997 = ORIENTED_EDGE ( 'NONE', *, *, #2026, .T. ) ;
#998 = VERTEX_POINT ( 'NONE', #3043 ) ;
#999 = CARTESIAN_POINT ( 'NONE',  ( 0.05297921218388754900, 0.5532604854598604000, -0.05134871754876235700 ) ) ;
#1000 = CARTESIAN_POINT ( 'NONE',  ( 0.09509848728928110800, 0.2997867363922329700, -0.02577017503452961800 ) ) ;
#1001 = EDGE_LOOP ( 'NONE', ( #1782, #2725, #1391, #2260, #1418 ) ) ;
#1002 = CARTESIAN_POINT ( 'NONE',  ( 0.1000000000000000100, 0.2925000000000000400, 0.01950000000000000000 ) ) ;
#1003 = CARTESIAN_POINT ( 'NONE',  ( 0.08602218444023808400, 0.2675000000000000200, 0.01028103595685629100 ) ) ;
#1004 = EDGE_LOOP ( 'NONE', ( #345, #1278, #1346, #2613 ) ) ;
#1005 = CARTESIAN_POINT ( 'NONE',  ( 0.05129171527961497900, 0.2924999999907684800, 0.004219117257183825100 ) ) ;
#1006 = CARTESIAN_POINT ( 'NONE',  ( 0.1502181399101394900, 0.2975295066170486900, 0.02214003875079083300 ) ) ;
#1007 = PLANE ( 'NONE',  #2636 ) ;
#1008 = VERTEX_POINT ( 'NONE', #2281 ) ;
#1009 = ORIENTED_EDGE ( 'NONE', *, *, #661, .F. ) ;
#1010 = CARTESIAN_POINT ( 'NONE',  ( -0.09685783005667258900, 0.2675000000000000200, -0.004205923545543470900 ) ) ;
#1011 = FACE_OUTER_BOUND ( 'NONE', #1373, .T. ) ;
#1012 = CARTESIAN_POINT ( 'NONE',  ( 0.09330165019622677100, 0.5340329842155225900, -0.05193887614539967300 ) ) ;
#1013 = CARTESIAN_POINT ( 'NONE',  ( 0.1286950306097017800, 0.2850124630365920600, -0.009361024566678153100 ) ) ;
#1014 = VECTOR ( 'NONE', #442, 39.37007874015748900 ) ;
#1015 = CARTESIAN_POINT ( 'NONE',  ( -0.06291963524579384500, 0.3210470907256016100, -0.04475395165591593300 ) ) ;
#1016 = CARTESIAN_POINT ( 'NONE',  ( 0.05946786318080400000, 0.3147345281456485600, 0.04138402675688122200 ) ) ;
#1017 = CARTESIAN_POINT ( 'NONE',  ( -0.1341993611343406400, 0.3051284606421227300, -0.04143165146143280900 ) ) ;
#1018 = CIRCLE ( 'NONE', #541, 0.04921260000000000200 ) ;
#1019 = SURFACE_STYLE_FILL_AREA ( #1661 ) ;
#1020 = DIRECTION ( 'NONE',  ( 0.0000000000000000000, 0.0000000000000000000, 1.000000000000000000 ) ) ;
#1021 = DIRECTION ( 'NONE',  ( -1.000000000000000000, -0.0000000000000000000, 0.0000000000000000000 ) ) ;
#1022 = AXIS2_PLACEMENT_3D ( 'NONE', #2001, #1440, #3026 ) ;
#1023 = CIRCLE ( 'NONE', #1027, 0.04361111111111105900 ) ;
#1024 = STYLED_ITEM ( 'NONE', ( #2296 ), #1502 ) ;
#1025 = CIRCLE ( 'NONE', #1245, 0.02500000000000000100 ) ;
#1026 = CARTESIAN_POINT ( 'NONE',  ( 0.1192377288386247700, 0.2883245835883191400, -0.01635924134696541500 ) ) ;
#1027 = AXIS2_PLACEMENT_3D ( 'NONE', #681, #1571, #2721 ) ;
#1028 = CARTESIAN_POINT ( 'NONE',  ( 0.1153339460157682500, 0.2675000000000000200, 0.01221164787987532600 ) ) ;
#1029 = EDGE_CURVE ( 'NONE', #2070, #3145, #2168, .T. ) ;
#1030 = CARTESIAN_POINT ( 'NONE',  ( 0.1499926865054731800, 0.2930729998552500900, 0.008790952721619654100 ) ) ;
#1031 = DIRECTION ( 'NONE',  ( 0.0000000000000000000, 0.0000000000000000000, 1.000000000000000000 ) ) ;
#1032 = VERTEX_POINT ( 'NONE', #689 ) ;
#1033 = EDGE_CURVE ( 'NONE', #3185, #3057, #3022, .T. ) ;
#1034 = CARTESIAN_POINT ( 'NONE',  ( -0.09339241029294785600, 0.5193497858318534300, 0.04921259842499998300 ) ) ;
#1035 = VERTEX_POINT ( 'NONE', #2869 ) ;
#1036 = ORIENTED_EDGE ( 'NONE', *, *, #1207, .T. ) ;
#1037 = CARTESIAN_POINT ( 'NONE',  ( 0.1149220532015145200, 0.2675000000000000200, 0.01153500756846178100 ) ) ;
#1038 = CARTESIAN_POINT ( 'NONE',  ( -0.08830222215594882300, 0.3459664541410885100, -0.01950000000000000000 ) ) ;
#1039 = EDGE_CURVE ( 'NONE', #274, #73, #2093, .T. ) ;
#1040 = CARTESIAN_POINT ( 'NONE',  ( -0.08497568753851442200, 0.2674999999999999600, -0.01147194508249703600 ) ) ;
#1041 = EDGE_CURVE ( 'NONE', #282, #2074, #2793, .T. ) ;
#1042 = VERTEX_POINT ( 'NONE', #1846 ) ;
#1043 = ORIENTED_EDGE ( 'NONE', *, *, #310, .T. ) ;
#1044 = ADVANCED_FACE ( 'NONE', ( #3316 ), #89, .F. ) ;
#1045 = DIRECTION ( 'NONE',  ( 0.0000000000000000000, 1.000000000000000000, 0.0000000000000000000 ) ) ;
#1046 =( GEOMETRIC_REPRESENTATION_CONTEXT ( 3 ) GLOBAL_UNCERTAINTY_ASSIGNED_CONTEXT ( ( #514 ) ) GLOBAL_UNIT_ASSIGNED_CONTEXT ( ( #2595, #485, #1509 ) ) REPRESENTATION_CONTEXT ( 'NONE', 'WORKASPACE' ) );
#1047 = CARTESIAN_POINT ( 'NONE',  ( 0.1262568517412454000, 0.3417125999999999800, 0.04921259842499999700 ) ) ;
#1048 = EDGE_LOOP ( 'NONE', ( #3265, #3103, #2900, #2906, #2938, #2017, #2697, #2473 ) ) ;
#1049 = DIRECTION ( 'NONE',  ( 0.3721202035001298100, 0.8188126115384111200, 0.4371183607819160700 ) ) ;
#1050 = CARTESIAN_POINT ( 'NONE',  ( -0.1008157729697078500, 0.5304873724318847100, 0.04921259842499999700 ) ) ;
#1051 = CARTESIAN_POINT ( 'NONE',  ( 0.1140954046463504600, 0.2675000000000000700, -0.01651291577478552300 ) ) ;
#1052 = CIRCLE ( 'NONE', #2901, 0.01550000000000000000 ) ;
#1053 = MANIFOLD_SOLID_BREP ( 'Chamfer2', #1656 ) ;
#1054 = AXIS2_PLACEMENT_3D ( 'NONE', #68, #585, #2445 ) ;
#1055 = DIRECTION ( 'NONE',  ( 0.0000000000000000000, 0.0000000000000000000, 1.000000000000000000 ) ) ;
#1056 = FACE_OUTER_BOUND ( 'NONE', #609, .T. ) ;
#1057 = CYLINDRICAL_SURFACE ( 'NONE', #1246, 0.04921260000000000200 ) ;
#1058 = DIMENSIONAL_EXPONENTS ( 1.000000000000000000, 0.0000000000000000000, 0.0000000000000000000, 0.0000000000000000000, 0.0000000000000000000, 0.0000000000000000000, 0.0000000000000000000 ) ;
#1059 = CARTESIAN_POINT ( 'NONE',  ( -0.09641620406888840000, 0.5244294794319506200, 0.04921259842499999000 ) ) ;
#1060 = CARTESIAN_POINT ( 'NONE',  ( 0.1308885587445840800, 0.2865343595439474000, -0.007229649753077038500 ) ) ;
#1061 = CIRCLE ( 'NONE', #1602, 0.04921260000000000200 ) ;
#1062 = DIRECTION ( 'NONE',  ( 1.000000000000000000, 0.0000000000000000000, 0.0000000000000000000 ) ) ;
#1063 = ORIENTED_EDGE ( 'NONE', *, *, #1556, .T. ) ;
#1064 = DIRECTION ( 'NONE',  ( 0.0000000000000000000, 1.000000000000000000, -0.0000000000000000000 ) ) ;
#1065 = CARTESIAN_POINT ( 'NONE',  ( 0.06191926045479752300, 0.2954075848858865300, 0.03375401020403296500 ) ) ;
#1066 = CARTESIAN_POINT ( 'NONE',  ( -0.06766652164579482800, 0.2861790649096320700, 0.005556931659410840400 ) ) ;
#1067 = CARTESIAN_POINT ( 'NONE',  ( -0.09841131256589644200, 0.5199513920516101200, 0.04921259842499999700 ) ) ;
#1068 = ORIENTED_EDGE ( 'NONE', *, *, #778, .F. ) ;
#1069 = CARTESIAN_POINT ( 'NONE',  ( 0.1179375309173193400, 0.2896594319677504000, -0.01704888195078973700 ) ) ;
#1070 = EDGE_CURVE ( 'NONE', #2433, #822, #2598, .T. ) ;
#1071 = CARTESIAN_POINT ( 'NONE',  ( 0.1390420182623493000, 0.2924999999999994300, 0.03026897441738920700 ) ) ;
#1072 = ADVANCED_FACE ( 'NONE', ( #1876 ), #2664, .T. ) ;
#1073 = EDGE_LOOP ( 'NONE', ( #3380, #2169, #2404, #1897 ) ) ;
#1074 = EDGE_CURVE ( 'NONE', #1772, #825, #2378, .T. ) ;
#1075 = PRESENTATION_LAYER_ASSIGNMENT (  '', '', ( #430 ) ) ;
#1076 = VERTEX_POINT ( 'NONE', #727 ) ;
#1077 = CARTESIAN_POINT ( 'NONE',  ( -0.1075837885558274700, 0.2675000000000000200, 0.01927316097124852400 ) ) ;
#1078 = CARTESIAN_POINT ( 'NONE',  ( -0.09604139098973282800, 0.5171270271061855200, 0.04921259842499999700 ) ) ;
#1079 = ORIENTED_EDGE ( 'NONE', *, *, #595, .F. ) ;
#1080 = EDGE_LOOP ( 'NONE', ( #1439, #1611 ) ) ;
#1081 = CARTESIAN_POINT ( 'NONE',  ( 0.05365936441943455800, 0.3051440132900900500, 0.03320658510534928900 ) ) ;
#1082 = DIRECTION ( 'NONE',  ( 0.0000000000000000000, -0.4709390626866327700, -0.8821657436308869600 ) ) ;
#1083 = EDGE_LOOP ( 'NONE', ( #1315, #2221 ) ) ;
#1084 = AXIS2_PLACEMENT_3D ( 'NONE', #899, #1160, #610 ) ;
#1085 = AXIS2_PLACEMENT_3D ( 'NONE', #2910, #1574, #249 ) ;
#1086 =( GEOMETRIC_REPRESENTATION_CONTEXT ( 3 ) GLOBAL_UNCERTAINTY_ASSIGNED_CONTEXT ( ( #989 ) ) GLOBAL_UNIT_ASSIGNED_CONTEXT ( ( #2309, #1966, #1710 ) ) REPRESENTATION_CONTEXT ( 'NONE', 'WORKASPACE' ) );
#1087 = CARTESIAN_POINT ( 'NONE',  ( 0.06193346185006247400, 0.3268587411213692600, 0.04691740324638502000 ) ) ;
#1088 = DIRECTION ( 'NONE',  ( 0.0000000000000000000, 0.0000000000000000000, 1.000000000000000000 ) ) ;
#1089 = LINE ( 'NONE', #1610, #542 ) ;
#1090 = CARTESIAN_POINT ( 'NONE',  ( 0.1262568517412454000, 0.3417125999999999800, 0.04921259842499999700 ) ) ;
#1091 = CARTESIAN_POINT ( 'NONE',  ( 0.08421983605884705800, 0.5571249931542756600, -0.04921259842500000400 ) ) ;
#1092 = CARTESIAN_POINT ( 'NONE',  ( -0.1288622537156014800, 0.2870213865472472900, 0.009545749322617870900 ) ) ;
#1093 = FACE_OUTER_BOUND ( 'NONE', #3075, .T. ) ;
#1094 = DIRECTION ( 'NONE',  ( 0.6427876096865391400, -0.7660444431189783500, 0.0000000000000000000 ) ) ;
#1095 = PRODUCT_DEFINITION_FORMATION_WITH_SPECIFIED_SOURCE ( 'ANY', '', #1114, .NOT_KNOWN. ) ;
#1096 = FACE_OUTER_BOUND ( 'NONE', #2966, .T. ) ;
#1097 = FACE_OUTER_BOUND ( 'NONE', #273, .T. ) ;
#1098 = CARTESIAN_POINT ( 'NONE',  ( -0.1317956058040694300, 0.2675000000000000200, -0.003279654436472773600 ) ) ;
#1099 = DIRECTION ( 'NONE',  ( -9.355643813918709500E-017, -1.000000000000000000, 0.0000000000000000000 ) ) ;
#1100 = FACE_OUTER_BOUND ( 'NONE', #1828, .T. ) ;
#1101 = EDGE_CURVE ( 'NONE', #2651, #372, #759, .T. ) ;
#1102 = CARTESIAN_POINT ( 'NONE',  ( 0.1345095866607486600, 0.3257484925494812400, 0.04726376773553182100 ) ) ;
#1103 = CARTESIAN_POINT ( 'NONE',  ( 0.1757873999999999800, 0.3417125999999999800, 1.575000007109739800E-009 ) ) ;
#1104 = CARTESIAN_POINT ( 'NONE',  ( -0.06350989928066641500, 0.2675000000000000200, -0.01712764515396973000 ) ) ;
#1105 = DIRECTION ( 'NONE',  ( -0.0000000000000000000, -1.000000000000000000, -0.0000000000000000000 ) ) ;
#1106 = DIRECTION ( 'NONE',  ( -0.6427876096865419200, -0.7660444431189759000, 5.231792437480583500E-015 ) ) ;
#1107 = CARTESIAN_POINT ( 'NONE',  ( 0.1405497561655624200, 0.2859976946954012600, 0.01278194428284924700 ) ) ;
#1108 = VECTOR ( 'NONE', #1854, 39.37007874015748100 ) ;
#1109 = DIRECTION ( 'NONE',  ( 0.0000000000000000000, 0.0000000000000000000, 1.000000000000000000 ) ) ;
#1110 = DIRECTION ( 'NONE',  ( -0.9801980198019805100, 0.1980198019801974700, 0.0000000000000000000 ) ) ;
#1111 = CARTESIAN_POINT ( 'NONE',  ( 0.08377308762930202300, 0.2675000000000000200, 0.01742842126372352500 ) ) ;
#1112 = AXIS2_PLACEMENT_3D ( 'NONE', #2675, #2684, #1088 ) ;
#1113 = ORIENTED_EDGE ( 'NONE', *, *, #3430, .T. ) ;
#1114 = PRODUCT ( '30R250UU', '30R250UU', '', ( #3221 ) ) ;
#1115 = DIRECTION ( 'NONE',  ( -0.0000000000000000000, -1.000000000000000000, -0.0000000000000000000 ) ) ;
#1116 = CARTESIAN_POINT ( 'NONE',  ( 0.08867984171631866600, 0.5469054920448347400, -0.04921259842499922000 ) ) ;
#1117 = EDGE_CURVE ( 'NONE', #2412, #367, #3195, .T. ) ;
#1118 = ORIENTED_EDGE ( 'NONE', *, *, #1855, .F. ) ;
#1119 = CARTESIAN_POINT ( 'NONE',  ( -0.1076424464015027500, 0.2675000000000000200, -0.005644734761643502800 ) ) ;
#1120 = PRODUCT_DEFINITION_SHAPE ( 'NONE', 'NONE',  #917 ) ;
#1121 = CARTESIAN_POINT ( 'NONE',  ( 0.2250000000000000300, 0.7424999999999999400, -1.575000007109739800E-009 ) ) ;
#1122 = DIRECTION ( 'NONE',  ( 1.000000000000000000, 0.0000000000000000000, 0.0000000000000000000 ) ) ;
#1123 = ORIENTED_EDGE ( 'NONE', *, *, #2389, .F. ) ;
#1124 = CARTESIAN_POINT ( 'NONE',  ( 0.09264507800364833700, 0.5418953983184482400, -0.04921259842500076700 ) ) ;
#1125 = CIRCLE ( 'NONE', #1730, 0.01000000000000001900 ) ;
#1126 = AXIS2_PLACEMENT_3D ( 'NONE', #2512, #620, #930 ) ;
#1127 = CARTESIAN_POINT ( 'NONE',  ( -0.1401724282636485900, 0.2903730036151951400, -0.02617076727118236600 ) ) ;
#1128 = ORIENTED_EDGE ( 'NONE', *, *, #2913, .F. ) ;
#1129 = CYLINDRICAL_SURFACE ( 'NONE', #592, 0.009999999999999995000 ) ;
#1130 = DIRECTION ( 'NONE',  ( -1.000000000000000000, 0.0000000000000000000, 0.0000000000000000000 ) ) ;
#1131 = ORIENTED_EDGE ( 'NONE', *, *, #1309, .F. ) ;
#1132 = DIRECTION ( 'NONE',  ( 0.0000000000000000000, 1.000000000000000000, 0.0000000000000000000 ) ) ;
#1133 = DIRECTION ( 'NONE',  ( 0.0000000000000000000, 0.0000000000000000000, 1.000000000000000000 ) ) ;
#1134 = B_SPLINE_CURVE_WITH_KNOTS ( 'NONE', 3,
 ( #2331, #1302, #2100, #3163, #1542, #3392 ),
 .UNSPECIFIED., .F., .F.,
 ( 4, 2, 4 ),
 ( 0.0000000000000000000, 0.0003553234598768350200, 0.0007106469197536700300 ),
 .UNSPECIFIED. ) ;
#1135 = CIRCLE ( 'NONE', #2681, 0.01000000000000000200 ) ;
#1136 = CARTESIAN_POINT ( 'NONE',  ( 0.09009891424917447500, 0.5403426369772215100, -0.05243122495782320100 ) ) ;
#1137 = CARTESIAN_POINT ( 'NONE',  ( -0.06154680183733553900, 0.3185364642836278100, -0.04341366830000939500 ) ) ;
#1138 = EDGE_CURVE ( 'NONE', #2524, #3185, #510, .T. ) ;
#1139 = VECTOR ( 'NONE', #2253, 39.37007874015748100 ) ;
#1140 = AXIS2_PLACEMENT_3D ( 'NONE', #1551, #3170, #1862 ) ;
#1141 = DIRECTION ( 'NONE',  ( 1.344168452385279300E-022, 1.757758745426902400E-022, -1.000000000000000000 ) ) ;
#1142 = EDGE_CURVE ( 'NONE', #210, #2768, #2254, .T. ) ;
#1143 = EDGE_CURVE ( 'NONE', #1985, #356, #2440, .T. ) ;
#1144 = CARTESIAN_POINT ( 'NONE',  ( -0.1194849609876895400, 0.2980425611371078600, 0.02273078703208905900 ) ) ;
#1145 = DIRECTION ( 'NONE',  ( 0.9801980198019799600, 0.1980198019801999200, 0.0000000000000000000 ) ) ;
#1146 = ORIENTED_EDGE ( 'NONE', *, *, #2643, .T. ) ;
#1147 = DIRECTION ( 'NONE',  ( 0.7660444431189794600, 0.6427876096865378100, 0.0000000000000000000 ) ) ;
#1148 = DIRECTION ( 'NONE',  ( -0.7660444431189739100, -0.6427876096865442500, 0.0000000000000000000 ) ) ;
#1149 = CARTESIAN_POINT ( 'NONE',  ( -0.1162944980623131200, 0.2675000000000000200, -0.01651676611876546800 ) ) ;
#1150 = EDGE_LOOP ( 'NONE', ( #557, #775 ) ) ;
#1151 = DIRECTION ( 'NONE',  ( 1.000000000000000000, 0.0000000000000000000, 0.0000000000000000000 ) ) ;
#1152 = CARTESIAN_POINT ( 'NONE',  ( 0.1444383268629482200, 0.2925000002632718900, -0.004258639399573303100 ) ) ;
#1153 = ORIENTED_EDGE ( 'NONE', *, *, #3262, .T. ) ;
#1154 = DIRECTION ( 'NONE',  ( 0.0000000000000000000, -1.000000000000000000, 0.0000000000000000000 ) ) ;
#1155 = CARTESIAN_POINT ( 'NONE',  ( 0.06081242005117958700, 0.2853571041192500300, 0.007150500059604826000 ) ) ;
#1156 = ORIENTED_EDGE ( 'NONE', *, *, #3317, .F. ) ;
#1157 = ORIENTED_EDGE ( 'NONE', *, *, #2918, .F. ) ;
#1158 = CARTESIAN_POINT ( 'NONE',  ( 0.05059155507501311000, 0.5600252011756032800, -0.04921259842499999700 ) ) ;
#1159 = CARTESIAN_POINT ( 'NONE',  ( 0.1000000000000000500, -0.2775000000000000200, 0.01950000000000000000 ) ) ;
#1160 = DIRECTION ( 'NONE',  ( 0.3861385622530508200, -1.822806677720571600E-008, -0.9224407898294322300 ) ) ;
#1161 = VERTEX_POINT ( 'NONE', #581 ) ;
#1162 = DIRECTION ( 'NONE',  ( 1.000000000000000000, 0.0000000000000000000, 0.0000000000000000000 ) ) ;
#1163 = ORIENTED_EDGE ( 'NONE', *, *, #3261, .F. ) ;
#1164 = DIRECTION ( 'NONE',  ( 0.0000000000000000000, 1.000000000000000000, -0.0000000000000000000 ) ) ;
#1165 = CARTESIAN_POINT ( 'NONE',  ( -0.06193346185006249500, 0.3268587411213691500, -0.04691740324638498500 ) ) ;
#1166 = VERTEX_POINT ( 'NONE', #861 ) ;
#1167 = DIRECTION ( 'NONE',  ( 0.0000000000000000000, 1.000000000000000000, 1.757758745426902700E-022 ) ) ;
#1168 = DIRECTION ( 'NONE',  ( 0.7660444431189804600, -0.6427876096865365900, 0.0000000000000000000 ) ) ;
#1169 = CIRCLE ( 'NONE', #2450, 0.04921260000000000200 ) ;
#1170 = CARTESIAN_POINT ( 'NONE',  ( -0.08315233707286263900, 0.2954570865942721700, 0.01777238228735739500 ) ) ;
#1171 = CARTESIAN_POINT ( 'NONE',  ( 0.09364955011587984500, 0.5328875975451439200, -0.05185451460282346200 ) ) ;
#1172 = B_SPLINE_CURVE_WITH_KNOTS ( 'NONE', 3,
 ( #2661, #62, #812, #772, #278, #520 ),
 .UNSPECIFIED., .F., .F.,
 ( 4, 2, 4 ),
 ( 0.0000000000000000000, 0.0003635559758489068300, 0.0007271119516978135600 ),
 .UNSPECIFIED. ) ;
#1173 = LINE ( 'NONE', #865, #299 ) ;
#1174 = CARTESIAN_POINT ( 'NONE',  ( 0.1074672577783304400, 0.3620478284633283900, 0.05134871754876235700 ) ) ;
#1175 = DIRECTION ( 'NONE',  ( 0.0000000000000000000, 0.0000000000000000000, 1.000000000000000000 ) ) ;
#1176 = CARTESIAN_POINT ( 'NONE',  ( -0.08505799301070587900, 0.2675000000000000200, -0.02362145934492701100 ) ) ;
#1177 = CARTESIAN_POINT ( 'NONE',  ( -0.05538304154445332400, 0.2924999999999999800, 0.003903976905202397400 ) ) ;
#1178 = AXIS2_PLACEMENT_3D ( 'NONE', #2384, #1787, #192 ) ;
#1179 = CARTESIAN_POINT ( 'NONE',  ( -0.09604139098973281400, 0.5171270271061855200, 0.04921259842499999700 ) ) ;
#1180 = CARTESIAN_POINT ( 'NONE',  ( 0.08435634523300843100, 0.2675000000000000200, 0.01295148263963480500 ) ) ;
#1181 = ADVANCED_FACE ( 'NONE', ( #3235 ), #1998, .F. ) ;
#1182 = CIRCLE ( 'NONE', #1262, 0.01550000000000000000 ) ;
#1183 = CARTESIAN_POINT ( 'NONE',  ( -0.09000000000000005200, 0.1099999999999999900, -0.01950000000000000000 ) ) ;
#1184 = AXIS2_PLACEMENT_3D ( 'NONE', #2106, #3200, #616 ) ;
#1185 = SURFACE_SIDE_STYLE ('',( #1019 ) ) ;
#1186 = DIRECTION ( 'NONE',  ( 1.000000000000000000, 3.076405398270569000E-016, 0.0000000000000000000 ) ) ;
#1187 = CARTESIAN_POINT ( 'NONE',  ( 0.1401025243100761900, 0.3007915378987512400, 0.02769846929452159100 ) ) ;
#1188 = ORIENTED_EDGE ( 'NONE', *, *, #3326, .F. ) ;
#1189 = CARTESIAN_POINT ( 'NONE',  ( -0.07740592968935940100, 0.5528157424727949700, 0.05280839907788204700 ) ) ;
#1190 = DIRECTION ( 'NONE',  ( 0.0000000000000000000, 1.000000000000000000, 0.0000000000000000000 ) ) ;
#1191 = FILL_AREA_STYLE_COLOUR ( '', #805 ) ;
#1192 = ORIENTED_EDGE ( 'NONE', *, *, #1606, .F. ) ;
#1193 = ORIENTED_EDGE ( 'NONE', *, *, #1794, .T. ) ;
#1194 = CARTESIAN_POINT ( 'NONE',  ( -0.05341674054528816600, 0.2924999999999999800, -1.575000005472533700E-009 ) ) ;
#1195 = ORIENTED_EDGE ( 'NONE', *, *, #252, .F. ) ;
#1196 = DIRECTION ( 'NONE',  ( 0.0000000000000000000, 0.0000000000000000000, 1.000000000000000000 ) ) ;
#1197 = DIRECTION ( 'NONE',  ( 1.000000000000000000, 0.0000000000000000000, 0.0000000000000000000 ) ) ;
#1198 = ORIENTED_EDGE ( 'NONE', *, *, #2715, .F. ) ;
#1199 = EDGE_CURVE ( 'NONE', #30, #3299, #1798, .T. ) ;
#1200 = B_SPLINE_CURVE_WITH_KNOTS ( 'NONE', 3,
 ( #2464, #1399, #621, #881, #3252, #2499 ),
 .UNSPECIFIED., .F., .F.,
 ( 4, 2, 4 ),
 ( 0.0000000000000000000, 0.0003412374528930435800, 0.0006824749057860871700 ),
 .UNSPECIFIED. ) ;
#1201 = CARTESIAN_POINT ( 'NONE',  ( 0.06639111719070327200, 0.3168231717907127300, 0.04249903704556892000 ) ) ;
#1202 = AXIS2_PLACEMENT_3D ( 'NONE', #2250, #342, #1964 ) ;
#1203 = DIRECTION ( 'NONE',  ( 0.0000000000000000000, 0.0000000000000000000, -1.000000000000000000 ) ) ;
#1204 = ADVANCED_FACE ( 'NONE', ( #3166 ), #3404, .F. ) ;
#1205 = EDGE_CURVE ( 'NONE', #686, #2149, #1134, .T. ) ;
#1206 = FACE_OUTER_BOUND ( 'NONE', #2329, .T. ) ;
#1207 = EDGE_CURVE ( 'NONE', #2911, #1892, #230, .T. ) ;
#1208 = AXIS2_PLACEMENT_3D ( 'NONE', #1531, #1055, #1557 ) ;
#1209 = LINE ( 'NONE', #381, #173 ) ;
#1210 = CARTESIAN_POINT ( 'NONE',  ( -0.09217842631480174800, 0.5499341426937417500, 0.04921259842500000400 ) ) ;
#1211 = DIRECTION ( 'NONE',  ( 0.0000000000000000000, 1.000000000000000000, 0.0000000000000000000 ) ) ;
#1212 = VECTOR ( 'NONE', #2888, 39.37007874015748100 ) ;
#1213 = CARTESIAN_POINT ( 'NONE',  ( 0.09999999999999996400, 0.0000000000000000000, 0.01950000000000000000 ) ) ;
#1214 = CARTESIAN_POINT ( 'NONE',  ( 0.05941506784767353700, 0.3321516765588593000, 0.04859312500340652600 ) ) ;
#1215 = FACE_OUTER_BOUND ( 'NONE', #2138, .T. ) ;
#1216 = AXIS2_PLACEMENT_3D ( 'NONE', #3203, #838, #2458 ) ;
#1217 = CARTESIAN_POINT ( 'NONE',  ( -0.06630187805909440500, 0.2833731874378521100, 0.003314396928202049300 ) ) ;
#1218 = DIRECTION ( 'NONE',  ( 0.0000000000000000000, 0.0000000000000000000, 1.000000000000000000 ) ) ;
#1219 = ADVANCED_FACE ( 'NONE', ( #2790 ), #2165, .T. ) ;
#1220 = CARTESIAN_POINT ( 'NONE',  ( -0.05577119029551824000, 0.3371341758915313800, -0.04921259842499999700 ) ) ;
#1221 = CARTESIAN_POINT ( 'NONE',  ( -0.1100000000000000300, 0.2925000000000000400, -0.01950000000000000000 ) ) ;
#1222 = CARTESIAN_POINT ( 'NONE',  ( 0.05128175674185558200, 0.2924999999999999800, 0.004238890771105500100 ) ) ;
#1223 = CARTESIAN_POINT ( 'NONE',  ( -0.08658663554130112400, 0.5451122155391700000, 0.05280839911399835100 ) ) ;
#1224 = SURFACE_STYLE_FILL_AREA ( #3287 ) ;
#1225 = DIRECTION ( 'NONE',  ( -1.000000000000000000, 0.0000000000000000000, 0.0000000000000000000 ) ) ;
#1226 = ORIENTED_EDGE ( 'NONE', *, *, #1779, .T. ) ;
#1227 = DIRECTION ( 'NONE',  ( 0.0000000000000000000, 0.0000000000000000000, 1.000000000000000000 ) ) ;
#1228 =( BOUNDED_SURFACE ( )  B_SPLINE_SURFACE ( 3, 2, ( 
 ( #3318, #3306, #1715 ),
 ( #400, #2261, #967 ),
 ( #1220, #3060, #1477 ),
 ( #956, #2283, #429 ) ),
 .UNSPECIFIED., .F., .F., .T. ) 
 B_SPLINE_SURFACE_WITH_KNOTS ( ( 4, 4 ),
 ( 3, 3 ),
 ( 0.0000000000000000000, 0.0005352250486618529300 ),
 ( 0.0000000000000000000, 1.000000000000000000 ),
 .UNSPECIFIED. ) 
 GEOMETRIC_REPRESENTATION_ITEM ( )  RATIONAL_B_SPLINE_SURFACE ( (
 ( 1.000000000000000000, 0.9565096880443575400, 1.000000000000000000),
 ( 1.000000000000000000, 0.9585147965806429800, 1.000000000000000000),
 ( 1.000000000000000000, 0.9548488026981503100, 1.000000000000000000),
 ( 1.000000000000000000, 0.9450894369380507000, 1.000000000000000000) ) ) 
 REPRESENTATION_ITEM ( '' )  SURFACE ( )  );
#1229 = ORIENTED_EDGE ( 'NONE', *, *, #3149, .T. ) ;
#1230 = CARTESIAN_POINT ( 'NONE',  ( 0.06925720872477647600, 0.2675000000000000200, 0.001237041852286258400 ) ) ;
#1231 = DIRECTION ( 'NONE',  ( 1.000000000000000000, 0.0000000000000000000, -0.0000000000000000000 ) ) ;
#1232 = VERTEX_POINT ( 'NONE', #1295 ) ;
#1233 = VERTEX_POINT ( 'NONE', #756 ) ;
#1234 = ADVANCED_FACE ( 'NONE', ( #1664 ), #2457, .T. ) ;
#1235 = VERTEX_POINT ( 'NONE', #2104 ) ;
#1236 = CARTESIAN_POINT ( 'NONE',  ( -0.07328048067382161900, 0.2875755251426153600, 0.01146601411460935200 ) ) ;
#1237 = CARTESIAN_POINT ( 'NONE',  ( 0.1162272495261272300, 0.2675000000000000200, 0.01742398054899249900 ) ) ;
#1238 = EDGE_CURVE ( 'NONE', #350, #282, #1169, .T. ) ;
#1239 = AXIS2_PLACEMENT_3D ( 'NONE', #331, #2469, #2199 ) ;
#1240 = DIRECTION ( 'NONE',  ( -1.000000000000000000, 0.0000000000000000000, 0.0000000000000000000 ) ) ;
#1241 = CARTESIAN_POINT ( 'NONE',  ( -0.1464252616430605800, 0.3050013682726172600, -0.03305668792435720300 ) ) ;
#1242 = CARTESIAN_POINT ( 'NONE',  ( 0.07749999999999997200, 0.1099999999999999600, 0.01950000000000000000 ) ) ;
#1243 = CIRCLE ( 'NONE', #1281, 0.01000000000000000400 ) ;
#1244 = FACE_OUTER_BOUND ( 'NONE', #1555, .T. ) ;
#1245 = AXIS2_PLACEMENT_3D ( 'NONE', #1655, #618, #1923 ) ;
#1246 = AXIS2_PLACEMENT_3D ( 'NONE', #803, #2154, #2195 ) ;
#1247 = CARTESIAN_POINT ( 'NONE',  ( -0.06489397136533313300, 0.2856032509569981800, 0.001608159132385733700 ) ) ;
#1248 = CARTESIAN_POINT ( 'NONE',  ( 0.07934589340626378700, 0.2946978022798635900, -0.01579419577482987400 ) ) ;
#1249 = AXIS2_PLACEMENT_3D ( 'NONE', #747, #1021, #3143 ) ;
#1250 = ADVANCED_FACE ( 'NONE', ( #1369 ), #295, .T. ) ;
#1251 = CARTESIAN_POINT ( 'NONE',  ( 0.09339241029294788300, 0.5193497858318535400, -0.04921259842499999700 ) ) ;
#1252 = CARTESIAN_POINT ( 'NONE',  ( -0.06712323109392462400, 0.3203408078458973600, -0.04449803246264629600 ) ) ;
#1253 = CARTESIAN_POINT ( 'NONE',  ( -0.05297921218388755600, 0.5532604854598604000, 0.05134871754876237100 ) ) ;
#1254 = DIRECTION ( 'NONE',  ( 1.344168452385279700E-022, -1.757758745426904100E-022, -1.000000000000000000 ) ) ;
#1255 = CYLINDRICAL_SURFACE ( 'NONE', #12, 0.04921260000000000200 ) ;
#1256 = CARTESIAN_POINT ( 'NONE',  ( -0.06964208251490049100, 0.3238209636391415300, -0.04827359709271376900 ) ) ;
#1257 = CARTESIAN_POINT ( 'NONE',  ( 0.0000000000000000000, 0.3417125999999999800, -0.04921259842499999700 ) ) ;
#1258 = CARTESIAN_POINT ( 'NONE',  ( 0.1239184302223308300, 0.2971301704007517400, -0.02098210681375275000 ) ) ;
#1259 = CARTESIAN_POINT ( 'NONE',  ( 0.1390420182623497400, 0.2924999999999988200, 0.03026897441738760100 ) ) ;
#1260 = CARTESIAN_POINT ( 'NONE',  ( -0.08505799301070587900, 0.2925000000000000400, -0.02362145934492701100 ) ) ;
#1261 = CARTESIAN_POINT ( 'NONE',  ( 0.06749458360544641200, 0.3092541044599292900, 0.04379524570575313300 ) ) ;
#1262 = AXIS2_PLACEMENT_3D ( 'NONE', #1579, #2646, #1323 ) ;
#1263 = CARTESIAN_POINT ( 'NONE',  ( 0.09835489910293059000, 0.5198841633451241100, -0.04921259842499999700 ) ) ;
#1264 = CARTESIAN_POINT ( 'NONE',  ( -0.1372321409284622000, 0.2975416463726927600, -0.03575919185279348400 ) ) ;
#1265 = CIRCLE ( 'NONE', #1790, 0.01000000000000000200 ) ;
#1266 = CARTESIAN_POINT ( 'NONE',  ( -0.09999999999999997800, 0.2925000000000000400, -0.01950000000000000000 ) ) ;
#1267 = EDGE_CURVE ( 'NONE', #2147, #364, #471, .T. ) ;
#1268 = DIRECTION ( 'NONE',  ( 0.9801980198019805100, 0.1980198019801974700, 0.0000000000000000000 ) ) ;
#1269 = CARTESIAN_POINT ( 'NONE',  ( -0.1367441475955978000, 0.2987713449639230500, -0.03678346370990419300 ) ) ;
#1270 = EDGE_LOOP ( 'NONE', ( #3371, #833, #875, #1899 ) ) ;
#1271 = DIRECTION ( 'NONE',  ( 0.0000000000000000000, 0.0000000000000000000, 1.000000000000000000 ) ) ;
#1272 = ORIENTED_EDGE ( 'NONE', *, *, #1070, .F. ) ;
#1273 = ORIENTED_EDGE ( 'NONE', *, *, #1199, .T. ) ;
#1274 = CARTESIAN_POINT ( 'NONE',  ( 0.1320755982949858600, 0.2952721702540197500, -0.01646597505616182200 ) ) ;
#1275 = CARTESIAN_POINT ( 'NONE',  ( -0.1149420069892941900, 0.2925000000000000400, -0.02362145934492659200 ) ) ;
#1276 = ORIENTED_EDGE ( 'NONE', *, *, #2860, .F. ) ;
#1277 = CARTESIAN_POINT ( 'NONE',  ( 0.1156436546299083900, 0.2925000000000000400, 0.01295148231215923600 ) ) ;
#1278 = ORIENTED_EDGE ( 'NONE', *, *, #397, .T. ) ;
#1279 = CARTESIAN_POINT ( 'NONE',  ( 0.05588089765932348400, 0.3456833097091949700, 0.05134871754876236400 ) ) ;
#1280 = CARTESIAN_POINT ( 'NONE',  ( 0.1425767008033249900, 0.3114165229276541500, 0.03901519422500788300 ) ) ;
#1281 = AXIS2_PLACEMENT_3D ( 'NONE', #1538, #2039, #2844 ) ;
#1282 = CARTESIAN_POINT ( 'NONE',  ( -0.04977108389960167900, 0.2975003435357545000, -0.02208387455481765000 ) ) ;
#1283 = DIRECTION ( 'NONE',  ( 0.0000000000000000000, 1.000000000000000000, 0.0000000000000000000 ) ) ;
#1284 = ORIENTED_EDGE ( 'NONE', *, *, #252, .T. ) ;
#1285 = EDGE_CURVE ( 'NONE', #3388, #3080, #375, .T. ) ;
#1286 = VERTEX_POINT ( 'NONE', #1814 ) ;
#1287 = LINE ( 'NONE', #150, #2081 ) ;
#1288 = CARTESIAN_POINT ( 'NONE',  ( 0.1377433714217669300, 0.2853571428571429200, 0.003700422396864040800 ) ) ;
#1289 = ORIENTED_EDGE ( 'NONE', *, *, #2514, .T. ) ;
#1290 = CIRCLE ( 'NONE', #2808, 0.01000000000000000200 ) ;
#1291 = DIRECTION ( 'NONE',  ( 0.0000000000000000000, -0.0000000000000000000, 1.000000000000000000 ) ) ;
#1292 = DIRECTION ( 'NONE',  ( 0.6427876096865401400, 0.7660444431189774600, 0.0000000000000000000 ) ) ;
#1293 = CARTESIAN_POINT ( 'NONE',  ( 0.1757874000000000100, 0.0000000000000000000, -0.04921259842499999700 ) ) ;
#1294 = TOROIDAL_SURFACE ( 'NONE', #1421, 0.02249999999999999900, 0.01000000000000000200 ) ;
#1295 = CARTESIAN_POINT ( 'NONE',  ( 0.06715499854429740600, 0.3282218266081283200, 0.04913398601665536900 ) ) ;
#1296 = CARTESIAN_POINT ( 'NONE',  ( -0.09999999999999996400, 0.0000000000000000000, -0.01950000000000000000 ) ) ;
#1297 = AXIS2_PLACEMENT_3D ( 'NONE', #2394, #2323, #1225 ) ;
#1298 = CIRCLE ( 'NONE', #2572, 0.02500000000000001200 ) ;
#1299 = ORIENTED_EDGE ( 'NONE', *, *, #1947, .F. ) ;
#1300 = TOROIDAL_SURFACE ( 'NONE', #2322, 0.01550000000000000000, 0.02500000000000000100 ) ;
#1301 = AXIS2_PLACEMENT_3D ( 'NONE', #1474, #2587, #2301 ) ;
#1302 = CARTESIAN_POINT ( 'NONE',  ( -0.06767920710844427300, 0.3097606555199476400, -0.04401211735694857100 ) ) ;
#1303 = CARTESIAN_POINT ( 'NONE',  ( -0.06095798173765376600, 0.2925000000000168000, -0.03026897441741617200 ) ) ;
#1305 = EDGE_LOOP ( 'NONE', ( #1687, #1534 ) ) ;
#1304 = CARTESIAN_POINT ( 'NONE',  ( 0.08195544554455443100, 0.02205445544554463000, 0.01950000000000000000 ) ) ;
#1306 = ORIENTED_EDGE ( 'NONE', *, *, #1720, .F. ) ;
#1307 = DIRECTION ( 'NONE',  ( -3.076405398270567000E-016, -1.000000000000000000, 0.0000000000000000000 ) ) ;
#1308 = CIRCLE ( 'NONE', #2099, 0.01249999999999999500 ) ;
#1309 = EDGE_CURVE ( 'NONE', #2193, #1032, #1386, .T. ) ;
#1310 = VERTEX_POINT ( 'NONE', #774 ) ;
#1311 = CARTESIAN_POINT ( 'NONE',  ( 0.08590974534199367900, 0.2675000000000000200, -0.01651516514247186600 ) ) ;
#1312 = EDGE_CURVE ( 'NONE', #1973, #2366, #3358, .T. ) ;
#1313 = CARTESIAN_POINT ( 'NONE',  ( 0.04977108355199585200, 0.2975003425887790000, 0.02208387272361754500 ) ) ;
#1314 = EDGE_CURVE ( 'NONE', #1568, #2180, #2503, .T. ) ;
#1315 = ORIENTED_EDGE ( 'NONE', *, *, #1819, .T. ) ;
#1316 = CARTESIAN_POINT ( 'NONE',  ( 0.1757874000000000100, 0.3417125999999999800, 1.575000007109739800E-009 ) ) ;
#1317 = DIRECTION ( 'NONE',  ( -0.3861386577249224000, -5.736613574164981900E-008, 0.9224407498643975000 ) ) ;
#1318 = ORIENTED_EDGE ( 'NONE', *, *, #1825, .F. ) ;
#1319 = ORIENTED_EDGE ( 'NONE', *, *, #2507, .F. ) ;
#1320 = EDGE_LOOP ( 'NONE', ( #1688, #1472, #791, #1981, #1597 ) ) ;
#1321 = ORIENTED_EDGE ( 'NONE', *, *, #1375, .F. ) ;
#1322 = DIRECTION ( 'NONE',  ( 0.0000000000000000000, 0.0000000000000000000, 1.000000000000000000 ) ) ;
#1323 = DIRECTION ( 'NONE',  ( 2.203103220696986700E-015, 0.0000000000000000000, 1.000000000000000000 ) ) ;
#1324 = EDGE_LOOP ( 'NONE', ( #2317, #247 ) ) ;
#1325 = LINE ( 'NONE', #2528, #1660 ) ;
#1326 = CARTESIAN_POINT ( 'NONE',  ( -0.1031401744572667700, 0.2675000000000000200, -0.004205352350286287700 ) ) ;
#1327 = CARTESIAN_POINT ( 'NONE',  ( -0.09130928342865091100, 0.5210977368153805200, 0.05134871754876237100 ) ) ;
#1328 = CARTESIAN_POINT ( 'NONE',  ( 0.1154247767292786300, 0.2675000000000000200, 0.02187121793154312900 ) ) ;
#1329 = FACE_BOUND ( 'NONE', #1080, .T. ) ;
#1330 = SHAPE_DEFINITION_REPRESENTATION ( #1120, #353 ) ;
#1331 = ADVANCED_FACE ( 'NONE', ( #1096 ), #1057, .T. ) ;
#1332 = CARTESIAN_POINT ( 'NONE',  ( 0.1104227385351544800, 0.2674999999999999600, 0.007170588352513581100 ) ) ;
#1333 = CYLINDRICAL_SURFACE ( 'NONE', #1646, 0.009999999999999995000 ) ;
#1334 = CARTESIAN_POINT ( 'NONE',  ( -0.1179375313583852500, 0.2896594318766626500, 0.01704888174535456100 ) ) ;
#1335 = DIRECTION ( 'NONE',  ( -0.3861386690885544900, -1.822806578093964500E-008, 0.9224407451075215000 ) ) ;
#1336 = VERTEX_POINT ( 'NONE', #1637 ) ;
#1337 = EDGE_LOOP ( 'NONE', ( #1284, #2126, #115, #3208, #1641 ) ) ;
#1338 = CARTESIAN_POINT ( 'NONE',  ( 0.06057428733013592300, 0.5642495336052740800, -0.04921259842499999700 ) ) ;
#1339 = CARTESIAN_POINT ( 'NONE',  ( -0.06913718653356716600, 0.3298850798188485700, -0.05134871754876239200 ) ) ;
#1340 = FACE_OUTER_BOUND ( 'NONE', #608, .T. ) ;
#1341 = ORIENTED_EDGE ( 'NONE', *, *, #2685, .T. ) ;
#1342 = DIRECTION ( 'NONE',  ( 1.000000000000000000, 0.0000000000000000000, 0.0000000000000000000 ) ) ;
#1343 = CARTESIAN_POINT ( 'NONE',  ( 0.07077902091227057700, 0.2870240274554362000, -0.009962415707769085200 ) ) ;
#1344 = ORIENTED_EDGE ( 'NONE', *, *, #1779, .F. ) ;
#1345 = CARTESIAN_POINT ( 'NONE',  ( 0.1308387034769882800, 0.3138270736567614900, 0.04575308301625524700 ) ) ;
#1346 = ORIENTED_EDGE ( 'NONE', *, *, #428, .T. ) ;
#1347 = EDGE_LOOP ( 'NONE', ( #256, #859 ) ) ;
#1348 = VERTEX_POINT ( 'NONE', #884 ) ;
#1349 = DIRECTION ( 'NONE',  ( 1.000000000000000000, 0.0000000000000000000, 0.0000000000000000000 ) ) ;
#1350 = CARTESIAN_POINT ( 'NONE',  ( -0.08435634487629419000, 0.2675000000000000200, -0.01295148349178449500 ) ) ;
#1351 = CARTESIAN_POINT ( 'NONE',  ( -0.07214424780626921300, 0.5371791111376204000, 0.05999999999999999800 ) ) ;
#1352 = ORIENTED_EDGE ( 'NONE', *, *, #2839, .F. ) ;
#1353 = AXIS2_PLACEMENT_3D ( 'NONE', #606, #1406, #2996 ) ;
#1354 = ORIENTED_EDGE ( 'NONE', *, *, #3310, .T. ) ;
#1355 = DIRECTION ( 'NONE',  ( 0.0000000000000000000, 0.0000000000000000000, 1.000000000000000000 ) ) ;
#1356 = AXIS2_PLACEMENT_3D ( 'NONE', #2687, #2949, #1349 ) ;
#1357 = DIRECTION ( 'NONE',  ( 0.7660444431189752400, -0.6427876096865425800, 0.0000000000000000000 ) ) ;
#1358 = ORIENTED_EDGE ( 'NONE', *, *, #842, .F. ) ;
#1359 = FACE_OUTER_BOUND ( 'NONE', #130, .T. ) ;
#1360 = CARTESIAN_POINT ( 'NONE',  ( 0.1163551421428909900, 0.2674999999999999600, 0.01465114431887744300 ) ) ;
#1361 = DIRECTION ( 'NONE',  ( -9.355643813918710700E-017, -1.000000000000000000, 0.0000000000000000000 ) ) ;
#1362 = CARTESIAN_POINT ( 'NONE',  ( 0.06350989963244328700, 0.2675000000000000700, 0.01712764358506584800 ) ) ;
#1363 = ORIENTED_EDGE ( 'NONE', *, *, #66, .T. ) ;
#1364 = DIRECTION ( 'NONE',  ( 0.0000000000000000000, 0.0000000000000000000, 1.000000000000000000 ) ) ;
#1365 = FACE_OUTER_BOUND ( 'NONE', #2902, .T. ) ;
#1366 = CARTESIAN_POINT ( 'NONE',  ( 0.08642434301148195500, 0.5491617905483050500, -0.04921259842499996200 ) ) ;
#1367 = EDGE_CURVE ( 'NONE', #824, #2149, #2973, .T. ) ;
#1368 = AXIS2_PLACEMENT_3D ( 'NONE', #1733, #1425, #402 ) ;
#1369 = FACE_OUTER_BOUND ( 'NONE', #2479, .T. ) ;
#1370 = CARTESIAN_POINT ( 'NONE',  ( -0.1267163984860212600, 0.2875764987687868800, 0.01146470658171008400 ) ) ;
#1371 = CYLINDRICAL_SURFACE ( 'NONE', #1301, 0.009999999999999981100 ) ;
#1372 = EDGE_CURVE ( 'NONE', #3217, #521, #2953, .T. ) ;
#1373 = EDGE_LOOP ( 'NONE', ( #1113, #631 ) ) ;
#1374 = CIRCLE ( 'NONE', #953, 0.04921260000000003700 ) ;
#1375 = EDGE_CURVE ( 'NONE', #2083, #1348, #663, .T. ) ;
#1376 = CARTESIAN_POINT ( 'NONE',  ( 0.06511757946636742600, 0.2945503103061057900, -0.01443606086565886800 ) ) ;
#1377 = CARTESIAN_POINT ( 'NONE',  ( 0.07137251715302368700, 0.5634560370429587700, -0.04921259842499999700 ) ) ;
#1378 = CARTESIAN_POINT ( 'NONE',  ( 0.06426656726262006100, 0.5644451989545255000, -0.04921259842499999700 ) ) ;
#1379 = ORIENTED_EDGE ( 'NONE', *, *, #2161, .T. ) ;
#1380 = DIRECTION ( 'NONE',  ( 1.000000000000000000, 0.0000000000000000000, 0.0000000000000000000 ) ) ;
#1381 = FACE_OUTER_BOUND ( 'NONE', #1932, .T. ) ;
#1382 = CARTESIAN_POINT ( 'NONE',  ( -0.09000000000000002400, 0.2925000000000000400, -0.01950000000000000000 ) ) ;
#1383 = CARTESIAN_POINT ( 'NONE',  ( 0.07483799560177299700, 0.5622787196980311200, -0.04921259842500000400 ) ) ;
#1384 = AXIS2_PLACEMENT_3D ( 'NONE', #2753, #1404, #1175 ) ;
#1385 = ORIENTED_EDGE ( 'NONE', *, *, #2738, .T. ) ;
#1386 = B_SPLINE_CURVE_WITH_KNOTS ( 'NONE', 3,
 ( #3140, #261, #792, #2931, #2402, #3427, #813, #2125, #2672, #1332, #821, #1599, #20, #2680 ),
 .UNSPECIFIED., .F., .F.,
 ( 4, 2, 2, 2, 2, 2, 4 ),
 ( 0.0000000000000000000, 0.0001198383084435502800, 0.0002396766168871006700, 0.0004793532337742013500, 0.0007190298506613020800, 0.0008388681591048525500, 0.0009587064675484029100 ),
 .UNSPECIFIED. ) ;
#1387 = CARTESIAN_POINT ( 'NONE',  ( -0.05341674027734730900, 0.2925000000000001500, -1.575000009849489000E-009 ) ) ;
#1388 = DIRECTION ( 'NONE',  ( 1.000000000000000000, 0.0000000000000000000, 0.0000000000000000000 ) ) ;
#1389 = CARTESIAN_POINT ( 'NONE',  ( 0.07022617452151368200, 0.3186754984281149300, 0.04700396302964797400 ) ) ;
#1390 = DIRECTION ( 'NONE',  ( 0.0000000000000000000, 0.0000000000000000000, 1.000000000000000000 ) ) ;
#1391 = ORIENTED_EDGE ( 'NONE', *, *, #1205, .F. ) ;
#1392 = CARTESIAN_POINT ( 'NONE',  ( -0.1377433724882977700, 0.2853571428571428600, -0.003700424944683641100 ) ) ;
#1393 = DIRECTION ( 'NONE',  ( 0.0000000000000000000, 1.000000000000000000, 1.757758745426902700E-022 ) ) ;
#1394 = VERTEX_POINT ( 'NONE', #1675 ) ;
#1395 = VERTEX_POINT ( 'NONE', #893 ) ;
#1396 = ORIENTED_EDGE ( 'NONE', *, *, #1492, .F. ) ;
#1397 = CARTESIAN_POINT ( 'NONE',  ( -0.1156759949906669100, 0.2894131679711572900, 0.01805669236144264200 ) ) ;
#1398 = CARTESIAN_POINT ( 'NONE',  ( -0.06257405453591675900, 0.5577269276949961000, 0.05173926965039525600 ) ) ;
#1399 = CARTESIAN_POINT ( 'NONE',  ( -0.1280874410803915000, 0.3375520271270321400, -0.04921259842499999000 ) ) ;
#1400 = EDGE_LOOP ( 'NONE', ( #2936, #2828, #1043, #2178, #2575 ) ) ;
#1401 = EDGE_LOOP ( 'NONE', ( #3019, #970, #781, #2119 ) ) ;
#1402 = CARTESIAN_POINT ( 'NONE',  ( -0.06050965811006921900, 0.5642365431889743200, 0.04921259842499999700 ) ) ;
#1403 = CARTESIAN_POINT ( 'NONE',  ( -0.08364581422041694700, 0.2675000000000000200, -0.01464885989620616800 ) ) ;
#1404 = DIRECTION ( 'NONE',  ( 0.0000000000000000000, 1.000000000000000000, 0.0000000000000000000 ) ) ;
#1405 = FACE_OUTER_BOUND ( 'NONE', #1305, .T. ) ;
#1406 = DIRECTION ( 'NONE',  ( -0.3721202035001300900, -0.8188126115384108900, 0.4371183607819159600 ) ) ;
#1407 = CARTESIAN_POINT ( 'NONE',  ( 0.1416146170924852700, 0.2930325381959434400, -0.007955575584844070200 ) ) ;
#1408 = CIRCLE ( 'NONE', #191, 0.01550000000000000000 ) ;
#1409 = DIRECTION ( 'NONE',  ( 0.0000000000000000000, 0.0000000000000000000, -1.000000000000000000 ) ) ;
#1410 = B_SPLINE_CURVE_WITH_KNOTS ( 'NONE', 3,
 ( #300, #1152, #1407, #90, #321, #1670, #2756, #2750, #1933, #1640, #3018, #72, #1376, #58, #1913, #355 ),
 .UNSPECIFIED., .F., .F.,
 ( 4, 2, 2, 2, 2, 2, 2, 4 ),
 ( 2.185494226568819700E-012, 0.0003564490415893474700, 0.0007128980809932006500, 0.001069347120397054100, 0.001425796159800907100, 0.002138694238608612900, 0.002495143278012465500, 0.002851592317416317200 ),
 .UNSPECIFIED. ) ;
#1411 = VECTOR ( 'NONE', #2772, 39.37007874015748100 ) ;
#1412 = CARTESIAN_POINT ( 'NONE',  ( 0.05089608531952022300, 0.5550084364434584300, -0.04921259842499998300 ) ) ;
#1413 = EDGE_CURVE ( 'NONE', #2911, #3299, #1536, .T. ) ;
#1414 = CARTESIAN_POINT ( 'NONE',  ( -0.1407405784898676000, 0.2879327331722960600, -0.01962790643571904800 ) ) ;
#1415 = CYLINDRICAL_SURFACE ( 'NONE', #900, 0.04050000000000000100 ) ;
#1416 = CARTESIAN_POINT ( 'NONE',  ( -0.1308387034769882800, 0.3138270736567614900, -0.04575308301625524700 ) ) ;
#1417 = AXIS2_PLACEMENT_3D ( 'NONE', #2770, #2550, #2021 ) ;
#1418 = ORIENTED_EDGE ( 'NONE', *, *, #2523, .F. ) ;
#1419 = CARTESIAN_POINT ( 'NONE',  ( 0.09999999999999997800, 0.2675000000000000200, 0.01950000000000000000 ) ) ;
#1420 = ORIENTED_EDGE ( 'NONE', *, *, #2563, .F. ) ;
#1421 = AXIS2_PLACEMENT_3D ( 'NONE', #2176, #3006, #368 ) ;
#1422 = CARTESIAN_POINT ( 'NONE',  ( -0.06440507897248526300, 0.3259143701096535200, -0.05921259842499999200 ) ) ;
#1423 = DIRECTION ( 'NONE',  ( -0.6427876096865400300, 0.7660444431189774600, 0.0000000000000000000 ) ) ;
#1424 = AXIS2_PLACEMENT_3D ( 'NONE', #810, #2941, #2376 ) ;
#1425 = DIRECTION ( 'NONE',  ( -0.0000000000000000000, 1.000000000000000000, -0.0000000000000000000 ) ) ;
#1426 = TOROIDAL_SURFACE ( 'NONE', #543, 0.03361111111111105700, 0.01000000000000000200 ) ;
#1427 = DIRECTION ( 'NONE',  ( -0.7660444431189761300, -0.6427876096865414700, -0.0000000000000000000 ) ) ;
#1428 = CARTESIAN_POINT ( 'NONE',  ( -0.06715499854429742000, 0.3282218266081282600, -0.04913398601665536200 ) ) ;
#1429 = ORIENTED_EDGE ( 'NONE', *, *, #1312, .T. ) ;
#1430 = ORIENTED_EDGE ( 'NONE', *, *, #1855, .T. ) ;
#1431 = CARTESIAN_POINT ( 'NONE',  ( -0.07934589125254876100, 0.2946978026300901000, 0.01579419634358270700 ) ) ;
#1432 = ORIENTED_EDGE ( 'NONE', *, *, #2344, .T. ) ;
#1433 = CARTESIAN_POINT ( 'NONE',  ( -0.09838174763019108500, 0.5199161555404033800, 0.04921259842499999700 ) ) ;
#1434 = DIRECTION ( 'NONE',  ( -1.101551610348493300E-015, 0.0000000000000000000, 1.000000000000000000 ) ) ;
#1435 = B_SPLINE_CURVE_WITH_KNOTS ( 'NONE', 3,
 ( #2690, #29, #1598, #2677 ),
 .UNSPECIFIED., .F., .F.,
 ( 4, 4 ),
 ( 0.0000000000000000000, 0.0005360251904960198700 ),
 .UNSPECIFIED. ) ;
#1436 = DIRECTION ( 'NONE',  ( -0.7660444431189791200, 0.6427876096865382500, 0.0000000000000000000 ) ) ;
#1437 = PRODUCT_RELATED_PRODUCT_CATEGORY ( 'part', '', ( #1114 ) ) ;
#1438 = ORIENTED_EDGE ( 'NONE', *, *, #742, .F. ) ;
#1439 = ORIENTED_EDGE ( 'NONE', *, *, #187, .T. ) ;
#1440 = DIRECTION ( 'NONE',  ( 0.0000000000000000000, 0.0000000000000000000, 1.000000000000000000 ) ) ;
#1441 = CARTESIAN_POINT ( 'NONE',  ( 0.1405260794704567800, 0.3147456058236013400, 0.04138994051094942900 ) ) ;
#1442 = ORIENTED_EDGE ( 'NONE', *, *, #672, .F. ) ;
#1443 = ADVANCED_FACE ( 'NONE', ( #333 ), #1294, .T. ) ;
#1444 = EDGE_CURVE ( 'NONE', #1732, #1348, #547, .T. ) ;
#1445 = CARTESIAN_POINT ( 'NONE',  ( 0.04824710462280564600, 0.5572311951690553900, -0.05921259842499997800 ) ) ;
#1446 = EDGE_CURVE ( 'NONE', #1161, #1453, #346, .T. ) ;
#1447 = CARTESIAN_POINT ( 'NONE',  ( -0.07610302270740827700, 0.2971343830345756200, 0.02098903368306867900 ) ) ;
#1448 = DIRECTION ( 'NONE',  ( -0.9640004509222001000, 0.0000000000000000000, 0.2659006028985172500 ) ) ;
#1449 = VECTOR ( 'NONE', #634, 39.37007874015748100 ) ;
#1450 = CARTESIAN_POINT ( 'NONE',  ( -0.09999999999999997800, 0.2675000000000000200, -0.01950000000000000000 ) ) ;
#1451 = DIRECTION ( 'NONE',  ( -0.0000000000000000000, 1.000000000000000000, -0.0000000000000000000 ) ) ;
#1452 = CARTESIAN_POINT ( 'NONE',  ( 0.1385653420550518300, 0.2941128853371534100, 0.03243873175725575700 ) ) ;
#1453 = VERTEX_POINT ( 'NONE', #2489 ) ;
#1454 = CARTESIAN_POINT ( 'NONE',  ( -0.08394510061484351800, 0.5512428198679144600, 0.04921259842499998300 ) ) ;
#1455 = CIRCLE ( 'NONE', #664, 0.04921260000000000200 ) ;
#1456 = DIRECTION ( 'NONE',  ( 0.0000000000000000000, 0.0000000000000000000, 1.000000000000000000 ) ) ;
#1457 = CARTESIAN_POINT ( 'NONE',  ( -0.1264398522134505500, 0.3318856630436912100, -0.04901233755229831400 ) ) ;
#1458 = CARTESIAN_POINT ( 'NONE',  ( -0.1220979456689017800, 0.3350989124593551400, -0.05134871754877572800 ) ) ;
#1459 = AXIS2_PLACEMENT_3D ( 'NONE', #1797, #229, #753 ) ;
#1460 = CARTESIAN_POINT ( 'NONE',  ( -0.09816040036224296700, 0.5409726252014990200, 0.04921259842500000400 ) ) ;
#1461 = DIRECTION ( 'NONE',  ( 0.0000000000000000000, 0.0000000000000000000, -1.000000000000000000 ) ) ;
#1462 = CIRCLE ( 'NONE', #1537, 0.01000000000000000200 ) ;
#1463 = ADVANCED_FACE ( 'NONE', ( #933, #1329 ), #79, .F. ) ;
#1464 = EDGE_CURVE ( 'NONE', #3335, #3057, #3398, .T. ) ;
#1465 = CARTESIAN_POINT ( 'NONE',  ( 0.06291963524579243000, 0.3210470907256019500, 0.04475395165591611300 ) ) ;
#1466 = CIRCLE ( 'NONE', #478, 0.01000000000000000400 ) ;
#1467 = CARTESIAN_POINT ( 'NONE',  ( -0.08121055967468411600, 0.2982609833131076300, 0.02356949988714494200 ) ) ;
#1468 = CARTESIAN_POINT ( 'NONE',  ( -0.08435634505225814200, 0.2675000000000000200, -0.01295148307142667200 ) ) ;
#1469 = CARTESIAN_POINT ( 'NONE',  ( 0.05913667945455480800, 0.2968527790200611300, 0.02068286998409564800 ) ) ;
#1470 = CARTESIAN_POINT ( 'NONE',  ( -0.06075975711763553100, 0.3032935110806963000, -0.03116590485125674000 ) ) ;
#1471 = CARTESIAN_POINT ( 'NONE',  ( 0.1757874000000000100, 0.3417125999999999800, -1.575000007109739800E-009 ) ) ;
#1472 = ORIENTED_EDGE ( 'NONE', *, *, #1662, .F. ) ;
#1473 = CARTESIAN_POINT ( 'NONE',  ( -0.05801761052131482200, 0.2929649181811049800, 0.007472721491227056300 ) ) ;
#1474 = CARTESIAN_POINT ( 'NONE',  ( 0.06440507897248520800, 0.3259143701096535200, 0.05921259842499999200 ) ) ;
#1475 = CARTESIAN_POINT ( 'NONE',  ( 0.09000000000000002400, 0.2925000000000000400, 0.01950000000000000000 ) ) ;
#1476 = ORIENTED_EDGE ( 'NONE', *, *, #662, .F. ) ;
#1477 = CARTESIAN_POINT ( 'NONE',  ( -0.06049639730791416700, 0.3401827731715526500, -0.05134871843248227400 ) ) ;
#1478 = AXIS2_PLACEMENT_3D ( 'NONE', #1564, #826, #1342 ) ;
#1479 = CARTESIAN_POINT ( 'NONE',  ( -0.06681303246384939800, 0.3243444422528839500, -0.04618907146833494500 ) ) ;
#1480 = CARTESIAN_POINT ( 'NONE',  ( 0.06208404705454656500, 0.3334841991113759500, 0.04888800052584923300 ) ) ;
#1481 = VERTEX_POINT ( 'NONE', #3078 ) ;
#1482 = ADVANCED_FACE ( 'NONE', ( #2637 ), #2090, .T. ) ;
#1483 = EDGE_LOOP ( 'NONE', ( #1118, #1429, #1562, #3297 ) ) ;
#1484 = CARTESIAN_POINT ( 'NONE',  ( -0.07130463966868529100, 0.2850134487114675500, 0.009353672707440224800 ) ) ;
#1485 = ORIENTED_EDGE ( 'NONE', *, *, #1041, .T. ) ;
#1486 = ORIENTED_EDGE ( 'NONE', *, *, #1669, .T. ) ;
#1487 = EDGE_CURVE ( 'NONE', #532, #350, #1018, .T. ) ;
#1488 = SURFACE_STYLE_USAGE ( .BOTH. , #1185 ) ;
#1489 = DIRECTION ( 'NONE',  ( -0.3861386499241643000, -1.822806604832178800E-008, -0.9224407531298384200 ) ) ;
#1490 = ORIENTED_EDGE ( 'NONE', *, *, #1618, .T. ) ;
#1491 = CARTESIAN_POINT ( 'NONE',  ( 0.1308387034769882800, 0.3138270736567614900, 0.04575308301625524000 ) ) ;
#1492 = EDGE_CURVE ( 'NONE', #2074, #3335, #1750, .T. ) ;
#1493 = EDGE_CURVE ( 'NONE', #1732, #2518, #1620, .T. ) ;
#1494 = AXIS2_PLACEMENT_3D ( 'NONE', #2837, #487, #1520 ) ;
#1495 = CARTESIAN_POINT ( 'NONE',  ( -0.06716767580351304400, 0.2675000000000000200, -0.005756215760237559000 ) ) ;
#1496 = LINE ( 'NONE', #3231, #2493 ) ;
#1497 = ADVANCED_FACE ( 'NONE', ( #1704 ), #831, .F. ) ;
#1498 = DIRECTION ( 'NONE',  ( 9.355643813918710700E-017, -1.000000000000000000, 0.0000000000000000000 ) ) ;
#1499 = FACE_OUTER_BOUND ( 'NONE', #743, .T. ) ;
#1500 = CARTESIAN_POINT ( 'NONE',  ( -0.09999999999999997800, 0.2925000000000000400, -0.03499999999999999600 ) ) ;
#1501 = VECTOR ( 'NONE', #1361, 39.37007874015748100 ) ;
#1502 = MANIFOLD_SOLID_BREP ( 'Fillet9', #204 ) ;
#1503 = CARTESIAN_POINT ( 'NONE',  ( -0.07801198456790828200, 0.2674999999999999600, 0.01055034794750821600 ) ) ;
#1504 = FACE_OUTER_BOUND ( 'NONE', #2185, .T. ) ;
#1505 = CARTESIAN_POINT ( 'NONE',  ( 0.09102840759665095600, 0.5389252796234661500, -0.05231344724860893100 ) ) ;
#1506 = CARTESIAN_POINT ( 'NONE',  ( 0.1194849600830762400, 0.2980425612883839700, -0.02273078731364251000 ) ) ;
#1507 = DIRECTION ( 'NONE',  ( 1.000000000000000000, -0.0000000000000000000, -0.0000000000000000000 ) ) ;
#1508 = CARTESIAN_POINT ( 'NONE',  ( -0.07025826335527680900, 0.3188216200105109500, -0.04704165681322113700 ) ) ;
#1509 =( NAMED_UNIT ( * ) SI_UNIT ( $, .STERADIAN. ) SOLID_ANGLE_UNIT ( ) );
#1510 = CARTESIAN_POINT ( 'NONE',  ( -0.1373588516287828400, 0.2925000002471577800, -0.003861387370403173400 ) ) ;
#1511 = ADVANCED_FACE ( 'NONE', ( #844, #2878 ), #706, .F. ) ;
#1512 = CIRCLE ( 'NONE', #3419, 0.04921260000000000200 ) ;
#1513 = DIRECTION ( 'NONE',  ( 0.3861385701406188600, -1.822806641093167600E-008, 0.9224407865276547100 ) ) ;
#1514 = SPHERICAL_SURFACE ( 'NONE', #1809, 0.04921260000000000200 ) ;
#1515 = CARTESIAN_POINT ( 'NONE',  ( 0.06798806137537460900, 0.2952873371611320900, -0.01650611843596956300 ) ) ;
#1516 = CARTESIAN_POINT ( 'NONE',  ( 0.0000000000000000000, 0.0000000000000000000, 0.04921259842499999700 ) ) ;
#1517 = ORIENTED_EDGE ( 'NONE', *, *, #3189, .F. ) ;
#1518 = DIRECTION ( 'NONE',  ( 0.0000000000000000000, -1.000000000000000000, 0.0000000000000000000 ) ) ;
#1519 = CARTESIAN_POINT ( 'NONE',  ( -0.1387928205490237800, 0.2928393566669438800, -0.007286977992007882100 ) ) ;
#1520 = DIRECTION ( 'NONE',  ( -0.7660444431189785700, 0.6427876096865385900, 0.0000000000000000000 ) ) ;
#1521 = ORIENTED_EDGE ( 'NONE', *, *, #1238, .F. ) ;
#1522 = EDGE_LOOP ( 'NONE', ( #1909, #3354, #1352, #2157 ) ) ;
#1523 = ORIENTED_EDGE ( 'NONE', *, *, #2026, .F. ) ;
#1524 = CARTESIAN_POINT ( 'NONE',  ( -0.06154680183733553900, 0.3185364642836278100, -0.04341366830000939500 ) ) ;
#1525 = CARTESIAN_POINT ( 'NONE',  ( 0.09999999999999997800, 0.2925000000000000400, 0.01950000000000000000 ) ) ;
#1526 = CARTESIAN_POINT ( 'NONE',  ( 0.1272823442600316000, 0.2933579186954039000, -0.01105615262323041300 ) ) ;
#1527 = CARTESIAN_POINT ( 'NONE',  ( 0.1100000000000000300, 0.2925000000000000400, 0.01950000000000000000 ) ) ;
#1528 = CARTESIAN_POINT ( 'NONE',  ( 0.08312690366840440300, 0.2675000000000000200, -0.01473457526519881600 ) ) ;
#1529 = CARTESIAN_POINT ( 'NONE',  ( 0.06319972773374858700, 0.3093050840613662000, 0.03734718830065874400 ) ) ;
#1530 = CIRCLE ( 'NONE', #802, 0.01000000000000000400 ) ;
#1531 = CARTESIAN_POINT ( 'NONE',  ( 0.04999999999999996800, 0.3138270736567614300, 0.01950000000000000000 ) ) ;
#1532 = DIRECTION ( 'NONE',  ( 0.0000000000000000000, 0.0000000000000000000, 1.000000000000000000 ) ) ;
#1533 = AXIS2_PLACEMENT_3D ( 'NONE', #2755, #1666, #1130 ) ;
#1534 = ORIENTED_EDGE ( 'NONE', *, *, #1033, .T. ) ;
#1535 = CARTESIAN_POINT ( 'NONE',  ( 0.1088313019905724300, 0.2965646796393020500, -0.02038909614533104500 ) ) ;
#1536 = CIRCLE ( 'NONE', #3374, 0.04050000000000000100 ) ;
#1537 = AXIS2_PLACEMENT_3D ( 'NONE', #845, #1110, #2960 ) ;
#1538 = CARTESIAN_POINT ( 'NONE',  ( -0.1465832594547117900, 0.2824999999999999700, -1.575000008710432100E-009 ) ) ;
#1539 = DIRECTION ( 'NONE',  ( 0.2659006028984984800, 0.0000000000000000000, -0.9640004509222052100 ) ) ;
#1540 = EDGE_CURVE ( 'NONE', #1741, #1235, #2496, .T. ) ;
#1541 = CYLINDRICAL_SURFACE ( 'NONE', #122, 0.04921260000000000200 ) ;
#1542 = CARTESIAN_POINT ( 'NONE',  ( -0.06191926045338673500, 0.2954075848816193300, -0.03375401019891826500 ) ) ;
#1543 = CARTESIAN_POINT ( 'NONE',  ( -0.1336088828092966400, 0.3168231717907125700, -0.04249903704556892000 ) ) ;
#1544 = VERTEX_POINT ( 'NONE', #1253 ) ;
#1545 = CARTESIAN_POINT ( 'NONE',  ( 0.2250000000000000300, 0.3417125999999999800, 0.04921259842499999700 ) ) ;
#1546 = DIMENSIONAL_EXPONENTS ( 1.000000000000000000, 0.0000000000000000000, 0.0000000000000000000, 0.0000000000000000000, 0.0000000000000000000, 0.0000000000000000000, 0.0000000000000000000 ) ;
#1547 = DIRECTION ( 'NONE',  ( 0.0000000000000000000, 1.000000000000000000, 0.0000000000000000000 ) ) ;
#1548 = DIRECTION ( 'NONE',  ( 0.0000000000000000000, 0.0000000000000000000, 1.000000000000000000 ) ) ;
#1549 = EDGE_CURVE ( 'NONE', #452, #1032, #757, .T. ) ;
#1550 = AXIS2_PLACEMENT_3D ( 'NONE', #2158, #1335, #841 ) ;
#1551 = CARTESIAN_POINT ( 'NONE',  ( -0.08195544554455436200, 0.08794554455445535700, -0.01950000000000000000 ) ) ;
#1552 = DIRECTION ( 'NONE',  ( -0.7660444431189779000, 0.6427876096865395800, 0.0000000000000000000 ) ) ;
#1553 = EDGE_CURVE ( 'NONE', #876, #529, #2203, .T. ) ;
#1554 = DIRECTION ( 'NONE',  ( -0.6427876096865400300, 0.7660444431189774600, 0.0000000000000000000 ) ) ;
#1555 = EDGE_LOOP ( 'NONE', ( #2754, #2540, #3422, #216 ) ) ;
#1556 = EDGE_CURVE ( 'NONE', #822, #2433, #2830, .T. ) ;
#1557 = DIRECTION ( 'NONE',  ( 1.000000000000000000, 0.0000000000000000000, 0.0000000000000000000 ) ) ;
#1558 = AXIS2_PLACEMENT_3D ( 'NONE', #1277, #1489, #1768 ) ;
#1559 = ORIENTED_EDGE ( 'NONE', *, *, #10, .F. ) ;
#1560 = CARTESIAN_POINT ( 'NONE',  ( -0.06715499854429742000, 0.3282218266081282600, -0.04913398601665536200 ) ) ;
#1561 = ORIENTED_EDGE ( 'NONE', *, *, #3389, .F. ) ;
#1562 = ORIENTED_EDGE ( 'NONE', *, *, #740, .T. ) ;
#1563 = ORIENTED_EDGE ( 'NONE', *, *, #3209, .T. ) ;
#1564 = CARTESIAN_POINT ( 'NONE',  ( -0.04999999999999996800, 0.3138270736567614300, -0.05921259842499999200 ) ) ;
#1565 = ADVANCED_FACE ( 'NONE', ( #3038 ), #3192, .T. ) ;
#1566 = CARTESIAN_POINT ( 'NONE',  ( -0.09705761367196401300, 0.5443861462164437700, 0.04921259842499999700 ) ) ;
#1567 = CARTESIAN_POINT ( 'NONE',  ( 0.08521448735879255700, 0.2902969674752600700, -0.01842018593232883100 ) ) ;
#1568 = VERTEX_POINT ( 'NONE', #2352 ) ;
#1569 = ORIENTED_EDGE ( 'NONE', *, *, #260, .F. ) ;
#1570 = CARTESIAN_POINT ( 'NONE',  ( 0.1000000000000000100, 0.2925000000000000400, 0.01950000000000000000 ) ) ;
#1571 = DIRECTION ( 'NONE',  ( 0.0000000000000000000, 0.0000000000000000000, 1.000000000000000000 ) ) ;
#1572 = AXIS2_PLACEMENT_3D ( 'NONE', #3015, #1427, #369 ) ;
#1573 = ORIENTED_EDGE ( 'NONE', *, *, #657, .F. ) ;
#1574 = DIRECTION ( 'NONE',  ( -0.7660444431189772400, -0.6427876096865403600, 0.0000000000000000000 ) ) ;
#1575 = CARTESIAN_POINT ( 'NONE',  ( -0.06040461528887558500, 0.3402921529722946500, -0.05134871754876238500 ) ) ;
#1576 = CARTESIAN_POINT ( 'NONE',  ( -0.09000000000000002400, 0.2925000000000000400, -0.01950000000000000000 ) ) ;
#1577 = CIRCLE ( 'NONE', #270, 0.01250000000000009800 ) ;
#1578 = CARTESIAN_POINT ( 'NONE',  ( 0.1031401744577945000, 0.2675000000000000200, 0.004205352354188549000 ) ) ;
#1579 = CARTESIAN_POINT ( 'NONE',  ( -0.09999999999999997800, 0.2675000000000000200, -0.01950000000000000000 ) ) ;
#1580 = ADVANCED_FACE ( 'NONE', ( #2952 ), #801, .T. ) ;
#1581 = DIRECTION ( 'NONE',  ( -0.0000000000000000000, -1.000000000000000000, -0.0000000000000000000 ) ) ;
#1582 = FACE_OUTER_BOUND ( 'NONE', #410, .T. ) ;
#1583 = CARTESIAN_POINT ( 'NONE',  ( -0.08829379654780884800, 0.2675000000000000200, -0.008070567949497219400 ) ) ;
#1584 = CARTESIAN_POINT ( 'NONE',  ( -0.1500036285647029500, 0.2930698888318826700, -0.008806852790009733400 ) ) ;
#1585 = CARTESIAN_POINT ( 'NONE',  ( 0.08830222215594879500, 0.3459664541410885100, 0.01950000000000000000 ) ) ;
#1586 = CARTESIAN_POINT ( 'NONE',  ( -0.1031201691428291100, 0.2674999999999999600, -0.003978392744344888500 ) ) ;
#1587 = DIRECTION ( 'NONE',  ( 0.6427876096865400300, 0.7660444431189773500, 0.0000000000000000000 ) ) ;
#1588 = CONICAL_SURFACE ( 'NONE', #2371, 0.01000000000000000200, 0.5235987755983023700 ) ;
#1589 = EDGE_CURVE ( 'NONE', #3057, #2693, #839, .T. ) ;
#1590 =( LENGTH_UNIT ( ) NAMED_UNIT ( * ) SI_UNIT ( $, .METRE. ) );
#1591 = DIRECTION ( 'NONE',  ( -0.0000000000000000000, 1.000000000000000000, -0.0000000000000000000 ) ) ;
#1592 = ADVANCED_FACE ( 'NONE', ( #1499 ), #87, .T. ) ;
#1593 = CARTESIAN_POINT ( 'NONE',  ( 0.1080581807414374000, 0.2916126683451060200, -0.02099896075903789900 ) ) ;
#1594 = VECTOR ( 'NONE', #199, 39.37007874015748900 ) ;
#1595 = CARTESIAN_POINT ( 'NONE',  ( 0.1465832581361050400, 0.2825000000000000800, -1.575000010844688200E-009 ) ) ;
#1596 = CARTESIAN_POINT ( 'NONE',  ( -0.08377308768087046700, 0.2675000000000000200, -0.01742842179776767400 ) ) ;
#1597 = ORIENTED_EDGE ( 'NONE', *, *, #2276, .T. ) ;
#1598 = CARTESIAN_POINT ( 'NONE',  ( 0.06425319666869643000, 0.3344327082632928500, 0.05078225326139070000 ) ) ;
#1599 = CARTESIAN_POINT ( 'NONE',  ( 0.1139947145582759400, 0.2674999999999999600, 0.01021473087702467000 ) ) ;
#1600 = AXIS2_PLACEMENT_3D ( 'NONE', #2880, #488, #2065 ) ;
#1601 = ORIENTED_EDGE ( 'NONE', *, *, #3093, .F. ) ;
#1602 = AXIS2_PLACEMENT_3D ( 'NONE', #1103, #556, #3411 ) ;
#1603 = EDGE_LOOP ( 'NONE', ( #405, #190, #685, #2728, #2821 ) ) ;
#1604 = CARTESIAN_POINT ( 'NONE',  ( -0.1286018216414992800, 0.2675000000000000200, 0.002402516639507133400 ) ) ;
#1605 = CARTESIAN_POINT ( 'NONE',  ( 0.09602638879843247700, 0.2916186160753757600, -0.02100986125637745200 ) ) ;
#1606 = EDGE_CURVE ( 'NONE', #3024, #1763, #1455, .T. ) ;
#1607 =( BOUNDED_SURFACE ( )  B_SPLINE_SURFACE ( 3, 2, ( 
 ( #464, #1543, #3383 ),
 ( #2030, #1810, #991 ),
 ( #171, #2298, #1017 ),
 ( #1241, #697, #1264 ),
 ( #2345, #3368, #3130 ),
 ( #983, #228, #2077 ),
 ( #184, #3095, #3347 ),
 ( #1769, #2836, #2042 ),
 ( #455, #1519, #3110 ),
 ( #218, #1510, #1783 ) ),
 .UNSPECIFIED., .F., .F., .F. ) 
 B_SPLINE_SURFACE_WITH_KNOTS ( ( 4, 2, 2, 2, 4 ),
 ( 3, 3 ),
 ( 0.0000000000000000000, 0.0004191106630613371100, 0.0008382213261226742200, 0.001257331989184011400, 0.001676442652245348400 ),
 ( 0.0000000000000000000, 1.000000000000000000 ),
 .UNSPECIFIED. ) 
 GEOMETRIC_REPRESENTATION_ITEM ( )  RATIONAL_B_SPLINE_SURFACE ( (
 ( 1.000000000000000000, 0.8865216429828521900, 1.000000000000000000),
 ( 1.000000000000000000, 0.8670276847437372600, 1.000000000000000000),
 ( 1.000000000000000000, 0.8442220328309305600, 1.000000000000000000),
 ( 1.000000000000000000, 0.7958188561247893100, 1.000000000000000000),
 ( 1.000000000000000000, 0.7700967419863026200, 1.000000000000000000),
 ( 1.000000000000000000, 0.7262274114457600800, 1.000000000000000000),
 ( 1.000000000000000000, 0.7081845014415395500, 1.000000000000000000),
 ( 1.000000000000000000, 0.6924716147154725800, 1.000000000000000000),
 ( 1.000000000000000000, 0.6949991191143486400, 1.000000000000000000),
 ( 1.000000000000000000, 0.7071067724482018600, 1.000000000000000000) ) ) 
 REPRESENTATION_ITEM ( '' )  SURFACE ( )  );
#1608 = CARTESIAN_POINT ( 'NONE',  ( 0.04824710462280563900, 0.5572311951690553900, -0.04921259842499999700 ) ) ;
#1609 = B_SPLINE_CURVE_WITH_KNOTS ( 'NONE', 3,
 ( #517, #808, #2096, #2625, #760, #506 ),
 .UNSPECIFIED., .F., .F.,
 ( 4, 2, 4 ),
 ( 0.0000000000000000000, 0.0001380150893117690700, 0.0002760301786235381300 ),
 .UNSPECIFIED. ) ;
#1610 = CARTESIAN_POINT ( 'NONE',  ( -0.1757873999999999500, 0.2924999999999999300, 0.04921259842499999700 ) ) ;
#1611 = ORIENTED_EDGE ( 'NONE', *, *, #2361, .T. ) ;
#1612 = CYLINDRICAL_SURFACE ( 'NONE', #2357, 0.01000000000000001900 ) ;
#1613 = AXIS2_PLACEMENT_3D ( 'NONE', #3007, #2211, #2748 ) ;
#1614 = CIRCLE ( 'NONE', #3071, 0.04050000000000000100 ) ;
#1615 = CARTESIAN_POINT ( 'NONE',  ( -0.1153339463175001300, 0.2675000000000000200, -0.01221164842070911900 ) ) ;
#1616 = CARTESIAN_POINT ( 'NONE',  ( 0.1259184843675701700, 0.2878058159758031300, -0.01210613520269748100 ) ) ;
#1617 = AXIS2_PLACEMENT_3D ( 'NONE', #292, #2420, #1133 ) ;
#1618 = EDGE_CURVE ( 'NONE', #1161, #686, #42, .T. ) ;
#1619 = DIRECTION ( 'NONE',  ( 9.355643813918709500E-017, -1.000000000000000000, 0.0000000000000000000 ) ) ;
#1620 = CIRCLE ( 'NONE', #314, 0.009999999999999995000 ) ;
#1621 = CARTESIAN_POINT ( 'NONE',  ( -0.1000000000000000500, 0.2925000000000000400, -0.01950000000000000000 ) ) ;
#1622 = CYLINDRICAL_SURFACE ( 'NONE', #1239, 0.04921260000000000200 ) ;
#1623 = CARTESIAN_POINT ( 'NONE',  ( -0.04924851629972049800, 0.2955422677643683200, -0.01764230913078984300 ) ) ;
#1624 = EDGE_LOOP ( 'NONE', ( #114, #868, #911 ) ) ;
#1625 = TOROIDAL_SURFACE ( 'NONE', #2504, 0.03361111111111107800, 0.01000000000000000200 ) ;
#1626 = CARTESIAN_POINT ( 'NONE',  ( 0.09216861665614165000, 0.5499493925976146600, -0.04921259842499999700 ) ) ;
#1627 = CIRCLE ( 'NONE', #1890, 0.04049999999999998000 ) ;
#1628 = CARTESIAN_POINT ( 'NONE',  ( -0.1408300078123757300, 0.2885422585234286900, -0.02186060157053774200 ) ) ;
#1629 = DIRECTION ( 'NONE',  ( 0.0000000000000000000, 1.000000000000000000, 0.0000000000000000000 ) ) ;
#1630 = CARTESIAN_POINT ( 'NONE',  ( 0.07214424780626924000, 0.5371791111376204000, -0.01950000000000000000 ) ) ;
#1631 = CARTESIAN_POINT ( 'NONE',  ( 0.1230091831009329600, 0.3405249959046874900, 0.04921259842499999700 ) ) ;
#1632 = CARTESIAN_POINT ( 'NONE',  ( 0.09642411413818174900, 0.5441498046893162900, -0.04921259842499999700 ) ) ;
#1633 = ORIENTED_EDGE ( 'NONE', *, *, #397, .F. ) ;
#1634 = CARTESIAN_POINT ( 'NONE',  ( -0.1340235029621703600, 0.2857880667161119000, 0.003494976603381337400 ) ) ;
#1635 = CARTESIAN_POINT ( 'NONE',  ( 0.06153864744323006600, 0.5576529823481242200, -0.05167482388170788900 ) ) ;
#1636 = EDGE_CURVE ( 'NONE', #2526, #1395, #1172, .T. ) ;
#1637 = CARTESIAN_POINT ( 'NONE',  ( -0.1100000000000000400, -0.2688397459621558200, -0.01950000000000000000 ) ) ;
#1638 = ORIENTED_EDGE ( 'NONE', *, *, #1039, .F. ) ;
#1639 = EDGE_LOOP ( 'NONE', ( #1198, #309, #4, #248, #1905 ) ) ;
#1640 = CARTESIAN_POINT ( 'NONE',  ( 0.09067302934684098900, 0.2997879039657766500, -0.02577207513612333000 ) ) ;
#1641 = ORIENTED_EDGE ( 'NONE', *, *, #2270, .F. ) ;
#1642 = ORIENTED_EDGE ( 'NONE', *, *, #3213, .F. ) ;
#1643 = CARTESIAN_POINT ( 'NONE',  ( 0.05371441517379681900, 0.5620381330563698500, -0.04921259842500000400 ) ) ;
#1644 = CARTESIAN_POINT ( 'NONE',  ( 0.08435634540897252200, 0.2675000000000000200, 0.01295148221927707800 ) ) ;
#1645 = ORIENTED_EDGE ( 'NONE', *, *, #1267, .F. ) ;
#1646 = AXIS2_PLACEMENT_3D ( 'NONE', #2292, #2009, #1752 ) ;
#1647 = CARTESIAN_POINT ( 'NONE',  ( 0.2250000000000000300, 0.6932873999999998900, -1.575000007109739800E-009 ) ) ;
#1648 = ORIENTED_EDGE ( 'NONE', *, *, #894, .T. ) ;
#1649 = CARTESIAN_POINT ( 'NONE',  ( 0.04999999999999996800, 0.3138270736567614300, 0.05134871754876235700 ) ) ;
#1650 = STYLED_ITEM ( 'NONE', ( #2549 ), #1053 ) ;
#1651 = DIRECTION ( 'NONE',  ( 1.000000000000000000, -3.076405398270569000E-016, 0.0000000000000000000 ) ) ;
#1652 =( BOUNDED_SURFACE ( )  B_SPLINE_SURFACE ( 3, 2, ( 
 ( #629, #2449, #2470 ),
 ( #2969, #332, #2190 ),
 ( #2495, #3271, #3240 ),
 ( #2212, #2719, #598 ),
 ( #2997, #371, #2462 ),
 ( #879, #2727, #2740 ),
 ( #1144, #1690, #1397 ),
 ( #1982, #131, #1712 ),
 ( #2539, #1740, #677 ),
 ( #2267, #3072, #3030 ),
 ( #1967, #687, #964 ),
 ( #665, #1170, #395 ),
 ( #1447, #1431, #423 ),
 ( #1995, #2238, #2280 ),
 ( #978, #3280, #1484 ),
 ( #1473, #2809, #1217 ),
 ( #1177, #951, #653 ),
 ( #1194, #1699, #639 ) ),
 .UNSPECIFIED., .F., .F., .F. ) 
 B_SPLINE_SURFACE_WITH_KNOTS ( ( 4, 2, 2, 2, 2, 2, 2, 2, 4 ),
 ( 3, 3 ),
 ( 0.0000000000000000000, 0.0003791737633422325900, 0.0007583475266844651700, 0.001137521290026697800, 0.001516695053368930300, 0.001895868816711162900, 0.002275042580053395600, 0.002654216343395627900, 0.003033390106737860700 ),
 ( 0.0000000000000000000, 0.9767655193437120300 ),
 .UNSPECIFIED. ) 
 GEOMETRIC_REPRESENTATION_ITEM ( )  RATIONAL_B_SPLINE_SURFACE ( (
 ( 1.000000000000000000, 0.7139120030134278300, 0.9867057879360385800),
 ( 1.000000000000000000, 0.7244717950135534100, 0.9871964905019612300),
 ( 1.000000000000000000, 0.7411051381602441500, 0.9879694246811436800),
 ( 1.000000000000000000, 0.7783220289704253500, 0.9896988549403764600),
 ( 1.000000000000000000, 0.7981014471179689300, 0.9906179839570598000),
 ( 1.000000000000000000, 0.8334080601832236600, 0.9922586455936672800),
 ( 1.000000000000000000, 0.8485993334884245300, 0.9929645682851753200),
 ( 1.000000000000000000, 0.8698110637251488300, 0.9939502553569185000),
 ( 1.000000000000000000, 0.8756975468566577900, 0.9942237941138236700),
 ( 1.000000000000000000, 0.8758000479515765100, 0.9942285572332380000),
 ( 1.000000000000000000, 0.8699687244063222200, 0.9939575816850124700),
 ( 1.000000000000000000, 0.8488717126514856400, 0.9929772254619661000),
 ( 1.000000000000000000, 0.8334735768569363500, 0.9922616900854432900),
 ( 1.000000000000000000, 0.7984040401295081600, 0.9906320451400065800),
 ( 1.000000000000000000, 0.7783072242293629400, 0.9896981669794366900),
 ( 1.000000000000000000, 0.7415466402751931300, 0.9879899408258425700),
 ( 1.000000000000000000, 0.7245110494921559500, 0.9871983146168088500),
 ( 1.000000000000000000, 0.7139120030134278300, 0.9867057879360385800) ) ) 
 REPRESENTATION_ITEM ( '' )  SURFACE ( )  );
#1653 = ADVANCED_FACE ( 'NONE', ( #2784 ), #2915, .T. ) ;
#1654 = ORIENTED_EDGE ( 'NONE', *, *, #3056, .F. ) ;
#1655 = CARTESIAN_POINT ( 'NONE',  ( 0.09999999999999997800, 0.2925000000000000400, 0.03499999999999999600 ) ) ;
#1656 = CLOSED_SHELL ( 'NONE', ( #1443, #735, #2670, #387, #2302, #710, #637, #939, #3312, #165, #1984, #2840, #2535, #3264 ) ) ;
#1657 = CARTESIAN_POINT ( 'NONE',  ( 0.1757874000000000100, 0.3417125999999999800, -0.04921259842499999700 ) ) ;
#1658 = B_SPLINE_CURVE_WITH_KNOTS ( 'NONE', 3,
 ( #1071, #519, #9, #2889, #2920, #538 ),
 .UNSPECIFIED., .F., .F.,
 ( 4, 2, 4 ),
 ( 0.0007395916269026730600, 0.001091328495672834300, 0.001443065364442996100 ),
 .UNSPECIFIED. ) ;
#1659 = CARTESIAN_POINT ( 'NONE',  ( -0.09193364441201916400, 0.2912702590980790200, 0.02039629553533325500 ) ) ;
#1660 = VECTOR ( 'NONE', #942, 39.37007874015748100 ) ;
#1661 = FILL_AREA_STYLE ('',( #1191 ) ) ;
#1662 = EDGE_CURVE ( 'NONE', #2802, #210, #380, .T. ) ;
#1663 = AXIS2_PLACEMENT_3D ( 'NONE', #44, #1099, #816 ) ;
#1664 = FACE_OUTER_BOUND ( 'NONE', #1930, .T. ) ;
#1665 = ORIENTED_EDGE ( 'NONE', *, *, #2918, .T. ) ;
#1666 = DIRECTION ( 'NONE',  ( -0.0000000000000000000, -0.0000000000000000000, -1.000000000000000000 ) ) ;
#1667 = CIRCLE ( 'NONE', #1249, 0.04921260000000000200 ) ;
#1668 = AXIS2_PLACEMENT_3D ( 'NONE', #2742, #3010, #965 ) ;
#1669 = EDGE_CURVE ( 'NONE', #2147, #367, #619, .T. ) ;
#1670 = CARTESIAN_POINT ( 'NONE',  ( 0.1228711790864847900, 0.2973494233458159900, -0.02143149402550030200 ) ) ;
#1671 = CARTESIAN_POINT ( 'NONE',  ( 0.09999999999999997800, 0.2925000000000000400, 0.01950000000000000000 ) ) ;
#1672 = ADVANCED_FACE ( 'NONE', ( #1793 ), #11, .F. ) ;
#1673 = AXIS2_PLACEMENT_3D ( 'NONE', #3150, #2887, #2628 ) ;
#1674 = CARTESIAN_POINT ( 'NONE',  ( 0.09429347137798907400, 0.5392111046015410900, -0.04921259842500038500 ) ) ;
#1675 = CARTESIAN_POINT ( 'NONE',  ( -0.1000000000000000500, 0.2925000000000000400, -0.009499999999999978900 ) ) ;
#1676 = ORIENTED_EDGE ( 'NONE', *, *, #2569, .F. ) ;
#1677 = FACE_OUTER_BOUND ( 'NONE', #1818, .T. ) ;
#1678 = CARTESIAN_POINT ( 'NONE',  ( -0.1757873999999999500, 0.3417125999999999800, -1.575000007109739800E-009 ) ) ;
#1679 = ORIENTED_EDGE ( 'NONE', *, *, #3046, .F. ) ;
#1680 = B_SPLINE_CURVE_WITH_KNOTS ( 'NONE', 3,
 ( #783, #3399, #526, #796, #768, #3390, #3177, #1584, #1838, #1826 ),
 .UNSPECIFIED., .F., .F.,
 ( 4, 2, 2, 2, 4 ),
 ( 0.0000000000000000000, 0.0003536730342036829500, 0.0007073460684073659000, 0.001061019102611048800, 0.001414692136814731800 ),
 .UNSPECIFIED. ) ;
#1681 = CARTESIAN_POINT ( 'NONE',  ( -0.06121085924656082000, 0.2928384857705966200, -0.007278187236526661300 ) ) ;
#1682 = DIRECTION ( 'NONE',  ( 0.0000000000000000000, 0.0000000000000000000, 1.000000000000000000 ) ) ;
#1683 = CARTESIAN_POINT ( 'NONE',  ( -0.06225662730574231500, 0.2853571428571429800, -0.003700425436698061600 ) ) ;
#1684 = EDGE_LOOP ( 'NONE', ( #3253, #1893 ) ) ;
#1685 = CARTESIAN_POINT ( 'NONE',  ( -0.09604139098973281400, 0.5171270271061855200, 0.04921259842499999700 ) ) ;
#1686 = DIRECTION ( 'NONE',  ( 1.000000000000000000, 0.0000000000000000000, 0.0000000000000000000 ) ) ;
#1687 = ORIENTED_EDGE ( 'NONE', *, *, #308, .F. ) ;
#1688 = ORIENTED_EDGE ( 'NONE', *, *, #1142, .F. ) ;
#1689 = ORIENTED_EDGE ( 'NONE', *, *, #428, .F. ) ;
#1690 = CARTESIAN_POINT ( 'NONE',  ( -0.1169243634813872700, 0.2954434026278597900, 0.01773779288614042400 ) ) ;
#1691 = VERTEX_POINT ( 'NONE', #932 ) ;
#1692 = CARTESIAN_POINT ( 'NONE',  ( 0.09000000000000008000, 0.0000000000000000000, 0.01950000000000000000 ) ) ;
#1693 = CARTESIAN_POINT ( 'NONE',  ( 0.09376000868257154700, 0.5252903983050449800, -0.05142071811398405600 ) ) ;
#1694 = CARTESIAN_POINT ( 'NONE',  ( 0.1000000000000000500, -0.2688397459621558200, 0.01950000000000000000 ) ) ;
#1695 = DIRECTION ( 'NONE',  ( 0.0000000000000000000, 0.0000000000000000000, 1.000000000000000000 ) ) ;
#1696 = DIRECTION ( 'NONE',  ( -1.344168452385279300E-022, 1.757758745426902400E-022, -1.000000000000000000 ) ) ;
#1697 = ORIENTED_EDGE ( 'NONE', *, *, #1636, .T. ) ;
#1698 = VECTOR ( 'NONE', #1498, 39.37007874015748100 ) ;
#1699 = CARTESIAN_POINT ( 'NONE',  ( -0.06234093723405922900, 0.2925000000000000400, -0.003735717439721957100 ) ) ;
#1700 = TOROIDAL_SURFACE ( 'NONE', #1925, 0.02250000000000010000, 0.01000000000000000200 ) ;
#1701 = CARTESIAN_POINT ( 'NONE',  ( -0.09329623173617841700, 0.5340477380944693700, 0.05193998848035883500 ) ) ;
#1702 = ADVANCED_FACE ( 'NONE', ( #2085 ), #705, .T. ) ;
#1703 = CARTESIAN_POINT ( 'NONE',  ( -0.05000741195682027000, 0.2930759444974293000, -0.008799228352243310100 ) ) ;
#1704 = FACE_OUTER_BOUND ( 'NONE', #3391, .T. ) ;
#1705 = CARTESIAN_POINT ( 'NONE',  ( -0.2249999999999999500, 0.2924999999999999300, -1.575000007109739800E-009 ) ) ;
#1706 = CARTESIAN_POINT ( 'NONE',  ( 0.04974655530618901600, 0.2974241030876199100, 0.02192495801673710600 ) ) ;
#1707 = LINE ( 'NONE', #3068, #3359 ) ;
#1708 = CARTESIAN_POINT ( 'NONE',  ( 0.09527453554114920200, 0.5215928194031015400, -0.04921259842499999700 ) ) ;
#1709 = FACE_OUTER_BOUND ( 'NONE', #1639, .T. ) ;
#1710 =( NAMED_UNIT ( * ) SI_UNIT ( $, .STERADIAN. ) SOLID_ANGLE_UNIT ( ) );
#1711 = CIRCLE ( 'NONE', #1178, 0.005000000000000049500 ) ;
#1712 = CARTESIAN_POINT ( 'NONE',  ( -0.1080946717855633500, 0.2910044298915101000, 0.02038298380806465700 ) ) ;
#1713 = AXIS2_PLACEMENT_3D ( 'NONE', #290, #1619, #2699 ) ;
#1714 = DIRECTION ( 'NONE',  ( 0.0000000000000000000, 0.0000000000000000000, -1.000000000000000000 ) ) ;
#1715 = CARTESIAN_POINT ( 'NONE',  ( -0.06715499854429744800, 0.3282218266081282600, -0.04913398601665536200 ) ) ;
#1716 = AXIS2_PLACEMENT_3D ( 'NONE', #386, #1196, #2213 ) ;
#1717 = CARTESIAN_POINT ( 'NONE',  ( 0.05190636293798649900, 0.3021409034436715000, 0.02960161398076095700 ) ) ;
#1718 = CARTESIAN_POINT ( 'NONE',  ( 0.1408628948882108800, 0.2968609937599557800, 0.02070061575539033200 ) ) ;
#1719 = CARTESIAN_POINT ( 'NONE',  ( -0.08695455504596089100, 0.5548293479979471400, 0.04921259842499999700 ) ) ;
#1720 = EDGE_CURVE ( 'NONE', #1310, #1336, #1290, .T. ) ;
#1721 = CARTESIAN_POINT ( 'NONE',  ( -0.06276602047664098200, 0.2975367003339649000, -0.03575255275908702900 ) ) ;
#1722 = ADVANCED_FACE ( 'NONE', ( #1365 ), #3123, .T. ) ;
#1723 = ORIENTED_EDGE ( 'NONE', *, *, #349, .F. ) ;
#1724 =( NAMED_UNIT ( * ) PLANE_ANGLE_UNIT ( ) SI_UNIT ( $, .RADIAN. ) );
#1725 = ORIENTED_EDGE ( 'NONE', *, *, #1589, .F. ) ;
#1726 = DIRECTION ( 'NONE',  ( 0.9391757810929568500, -0.3434368241881387000, 0.0000000000000000000 ) ) ;
#1727 = CARTESIAN_POINT ( 'NONE',  ( -0.2249999999999999500, 0.7424999999999999400, -1.575000007109739800E-009 ) ) ;
#1728 = EDGE_CURVE ( 'NONE', #2319, #3027, #38, .T. ) ;
#1729 = CARTESIAN_POINT ( 'NONE',  ( 0.06712323109392327700, 0.3203408078458980800, 0.04449803246264521400 ) ) ;
#1730 = AXIS2_PLACEMENT_3D ( 'NONE', #3142, #1547, #1823 ) ;
#1731 = EDGE_LOOP ( 'NONE', ( #1358, #2146, #2530, #1569 ) ) ;
#1732 = VERTEX_POINT ( 'NONE', #2027 ) ;
#1733 = CARTESIAN_POINT ( 'NONE',  ( 0.1000000000000000500, -0.2688397459621558200, 0.01950000000000000000 ) ) ;
#1734 = DIRECTION ( 'NONE',  ( 0.0000000000000000000, 1.000000000000000000, 0.0000000000000000000 ) ) ;
#1735 = DIRECTION ( 'NONE',  ( 0.0000000000000000000, 0.0000000000000000000, 1.000000000000000000 ) ) ;
#1736 = ORIENTED_EDGE ( 'NONE', *, *, #1199, .F. ) ;
#1737 = EDGE_CURVE ( 'NONE', #449, #2193, #399, .T. ) ;
#1738 = EDGE_CURVE ( 'NONE', #1336, #529, #1996, .T. ) ;
#1739 = AXIS2_PLACEMENT_3D ( 'NONE', #2076, #1554, #3132 ) ;
#1740 = CARTESIAN_POINT ( 'NONE',  ( -0.1044009067116162400, 0.2969302161352819200, 0.02112008849151741900 ) ) ;
#1741 = VERTEX_POINT ( 'NONE', #3117 ) ;
#1742 = CARTESIAN_POINT ( 'NONE',  ( 0.1363691335312232900, 0.2922106017197190200, 0.0006918032958219057700 ) ) ;
#1743 = ADVANCED_FACE ( 'NONE', ( #2669 ), #2846, .T. ) ;
#1744 = FACE_OUTER_BOUND ( 'NONE', #755, .T. ) ;
#1745 = CARTESIAN_POINT ( 'NONE',  ( -0.06478703882686433200, 0.3278843797802229500, -0.04724211625975561400 ) ) ;
#1746 = CARTESIAN_POINT ( 'NONE',  ( 0.05577119029551883700, 0.3371341758915315500, 0.04921259842499999700 ) ) ;
#1747 = CARTESIAN_POINT ( 'NONE',  ( -0.05055830948839200300, 0.5599855772419242200, 0.04921259842499999700 ) ) ;
#1748 = FACE_OUTER_BOUND ( 'NONE', #83, .T. ) ;
#1749 = CARTESIAN_POINT ( 'NONE',  ( -0.06749458370662314600, 0.3092541047375259600, -0.04379524582460237600 ) ) ;
#1750 = LINE ( 'NONE', #124, #1952 ) ;
#1751 = AXIS2_PLACEMENT_3D ( 'NONE', #2067, #1020, #1162 ) ;
#1752 = DIRECTION ( 'NONE',  ( 1.000000000000000000, 0.0000000000000000000, 0.0000000000000000000 ) ) ;
#1753 = DIRECTION ( 'NONE',  ( 1.000000000000000000, 0.0000000000000000000, 0.0000000000000000000 ) ) ;
#1754 = SPHERICAL_SURFACE ( 'NONE', #2965, 0.04921260000000000200 ) ;
#1755 = DIRECTION ( 'NONE',  ( 0.0000000000000000000, -1.000000000000000000, 0.0000000000000000000 ) ) ;
#1756 = EDGE_LOOP ( 'NONE', ( #2032, #2224, #3275, #315 ) ) ;
#1757 = PRESENTATION_STYLE_ASSIGNMENT (( #1488 ) ) ;
#1758 = CARTESIAN_POINT ( 'NONE',  ( -0.06193346185006247400, 0.3268587411213692600, -0.04691740324638501300 ) ) ;
#1759 = CARTESIAN_POINT ( 'NONE',  ( 0.06578455210573641600, 0.3050885625044826900, 0.04140474444648619600 ) ) ;
#1760 = CARTESIAN_POINT ( 'NONE',  ( -0.05058290101936695900, 0.5600148889162261900, 0.04921259842499999700 ) ) ;
#1761 = CARTESIAN_POINT ( 'NONE',  ( 0.1390747059580713100, 0.2824999995269680300, 0.007960365764726373000 ) ) ;
#1762 = ADVANCED_FACE ( 'NONE', ( #3355 ), #3186, .F. ) ;
#1763 = VERTEX_POINT ( 'NONE', #3302 ) ;
#1764 = CARTESIAN_POINT ( 'NONE',  ( -0.08466594139342466200, 0.2675000000000000200, -0.01221191909085316900 ) ) ;
#1765 = CARTESIAN_POINT ( 'NONE',  ( -0.08201778596606361400, 0.5489459357111714500, 0.05280839894999997400 ) ) ;
#1766 = DIRECTION ( 'NONE',  ( -0.7660444431189776800, -0.6427876096865395800, 0.0000000000000000000 ) ) ;
#1767 = CARTESIAN_POINT ( 'NONE',  ( 0.06716767684347482700, 0.2674999999999999600, 0.005756213275888490500 ) ) ;
#1768 = DIRECTION ( 'NONE',  ( -0.9224407531298385300, 0.0000000000000000000, 0.3861386499241643000 ) ) ;
#1769 = CARTESIAN_POINT ( 'NONE',  ( -0.1499926870767080400, 0.2930730004078914700, -0.008790955614705617600 ) ) ;
#1770 = ORIENTED_EDGE ( 'NONE', *, *, #2839, .T. ) ;
#1771 = CARTESIAN_POINT ( 'NONE',  ( -0.08201778596606368300, 0.5489459357111716700, 0.05280839895000003600 ) ) ;
#1772 = VERTEX_POINT ( 'NONE', #708 ) ;
#1773 = CARTESIAN_POINT ( 'NONE',  ( -0.1276771134701257800, 0.3217548057357270100, -0.04946690728127864400 ) ) ;
#1774 = CARTESIAN_POINT ( 'NONE',  ( -0.08521448648184661000, 0.2902969673230240100, 0.01842018561241794500 ) ) ;
#1775 = VERTEX_POINT ( 'NONE', #993 ) ;
#1776 = ORIENTED_EDGE ( 'NONE', *, *, #2448, .T. ) ;
#1777 = CARTESIAN_POINT ( 'NONE',  ( 0.1169243620659932400, 0.2954434021088724300, -0.01773779195912796700 ) ) ;
#1778 = ADVANCED_FACE ( 'NONE', ( #1093 ), #3272, .F. ) ;
#1779 = EDGE_CURVE ( 'NONE', #372, #1233, #3001, .T. ) ;
#1780 = DIRECTION ( 'NONE',  ( -1.000000000000000000, 0.0000000000000000000, 0.0000000000000000000 ) ) ;
#1781 = DIRECTION ( 'NONE',  ( 0.0000000000000000000, -0.0000000000000000000, 1.000000000000000000 ) ) ;
#1782 = ORIENTED_EDGE ( 'NONE', *, *, #320, .T. ) ;
#1783 = CARTESIAN_POINT ( 'NONE',  ( -0.1373588518567712100, 0.2825000000000001400, -0.003861387915041201200 ) ) ;
#1784 = CARTESIAN_POINT ( 'NONE',  ( 0.1000000000000000100, 0.2925000000000000400, 0.009499999999999978900 ) ) ;
#1785 = ORIENTED_EDGE ( 'NONE', *, *, #1487, .F. ) ;
#1786 = AXIS2_PLACEMENT_3D ( 'NONE', #934, #905, #1682 ) ;
#1787 = DIRECTION ( 'NONE',  ( -0.0000000000000000000, -1.000000000000000000, -0.0000000000000000000 ) ) ;
#1788 = LINE ( 'NONE', #1527, #1698 ) ;
#1789 = CARTESIAN_POINT ( 'NONE',  ( 0.08439654000473889600, 0.2894329483465045700, -0.01808712981031940900 ) ) ;
#1790 = AXIS2_PLACEMENT_3D ( 'NONE', #2553, #1983, #414 ) ;
#1791 = CARTESIAN_POINT ( 'NONE',  ( 0.1391854682474399900, 0.2853571114821444900, 0.007145449865731186300 ) ) ;
#1792 = ORIENTED_EDGE ( 'NONE', *, *, #2155, .T. ) ;
#1793 = FACE_OUTER_BOUND ( 'NONE', #2927, .T. ) ;
#1794 = EDGE_CURVE ( 'NONE', #998, #449, #1408, .T. ) ;
#1795 = DIRECTION ( 'NONE',  ( 0.0000000000000000000, -0.0000000000000000000, 1.000000000000000000 ) ) ;
#1796 = CARTESIAN_POINT ( 'NONE',  ( 0.05000690801616311500, 0.2930633702598552400, 0.008764079554600318100 ) ) ;
#1797 = CARTESIAN_POINT ( 'NONE',  ( 0.04999999999999996800, 0.3138270736567614300, 0.04921259842499999700 ) ) ;
#1798 = LINE ( 'NONE', #2615, #1212 ) ;
#1799 = ADVANCED_FACE ( 'NONE', ( #294 ), #1700, .T. ) ;
#1800 = CARTESIAN_POINT ( 'NONE',  ( 0.06225662873389848500, 0.2853571428571428600, 0.003700422024997218400 ) ) ;
#1801 = CARTESIAN_POINT ( 'NONE',  ( 0.1757874000000000100, 0.3417125999999999800, 0.04921259842499999700 ) ) ;
#1802 = CARTESIAN_POINT ( 'NONE',  ( -0.09219835448526642100, 0.2912857738451433100, 0.02041699564816422400 ) ) ;
#1803 = EDGE_CURVE ( 'NONE', #139, #1691, #660, .T. ) ;
#1804 = CIRCLE ( 'NONE', #119, 0.04050000000000000100 ) ;
#1805 = CARTESIAN_POINT ( 'NONE',  ( 0.1300713413121055700, 0.2927942579574114300, -0.008281646005186143300 ) ) ;
#1806 = CARTESIAN_POINT ( 'NONE',  ( 0.1156436546299084000, 0.2675000000000000200, 0.01295148231215923300 ) ) ;
#1807 = CARTESIAN_POINT ( 'NONE',  ( 0.1104225466137849600, 0.2675000000000000200, 0.007170463674348598800 ) ) ;
#1808 =( LENGTH_UNIT ( ) NAMED_UNIT ( * ) SI_UNIT ( $, .METRE. ) );
#1809 = AXIS2_PLACEMENT_3D ( 'NONE', #1821, #800, #1062 ) ;
#1810 = CARTESIAN_POINT ( 'NONE',  ( -0.1352427967061473300, 0.3127966819595158200, -0.04015301943808222800 ) ) ;
#1811 = CARTESIAN_POINT ( 'NONE',  ( 0.1487107463194583300, 0.2924999999999999800, 0.004224004654438947400 ) ) ;
#1812 = EDGE_CURVE ( 'NONE', #2149, #1235, #1614, .T. ) ;
#1813 = ORIENTED_EDGE ( 'NONE', *, *, #2797, .T. ) ;
#1814 = CARTESIAN_POINT ( 'NONE',  ( 0.1000000000000000100, 0.2675000000000000200, 0.009499999999999978900 ) ) ;
#1815 = CARTESIAN_POINT ( 'NONE',  ( -0.05129171417098173800, 0.2925000002700574600, -0.004219120454992853100 ) ) ;
#1816 = DIRECTION ( 'NONE',  ( 1.000000000000000000, 0.0000000000000000000, 0.0000000000000000000 ) ) ;
#1817 = FACE_OUTER_BOUND ( 'NONE', #3069, .T. ) ;
#1818 = EDGE_LOOP ( 'NONE', ( #3174, #2398, #909, #2431 ) ) ;
#1819 = EDGE_CURVE ( 'NONE', #2972, #415, #226, .T. ) ;
#1820 = DIRECTION ( 'NONE',  ( 0.0000000000000000000, 1.000000000000000000, 0.0000000000000000000 ) ) ;
#1821 = CARTESIAN_POINT ( 'NONE',  ( 0.1757874000000000100, 0.3417125999999999800, -1.575000007109739800E-009 ) ) ;
#1822 = ORIENTED_EDGE ( 'NONE', *, *, #2490, .T. ) ;
#1823 = DIRECTION ( 'NONE',  ( 0.0000000000000000000, 0.0000000000000000000, 1.000000000000000000 ) ) ;
#1824 = ORIENTED_EDGE ( 'NONE', *, *, #1606, .T. ) ;
#1825 = EDGE_CURVE ( 'NONE', #2083, #2518, #1949, .T. ) ;
#1826 = CARTESIAN_POINT ( 'NONE',  ( -0.1465832596684353800, 0.2924999999999999300, -1.575000007109739800E-009 ) ) ;
#1828 = EDGE_LOOP ( 'NONE', ( #1942, #222, #214, #572 ) ) ;
#1827 = CARTESIAN_POINT ( 'NONE',  ( -0.1149420069892941900, 0.2675000000000000200, -0.02362145934492659200 ) ) ;
#1829 = CARTESIAN_POINT ( 'NONE',  ( -0.09999999999999997800, 0.2925000000000000400, -0.01950000000000000000 ) ) ;
#1830 = CARTESIAN_POINT ( 'NONE',  ( 0.05114879009824159500, 0.3417125999999999800, 0.04921259842499999700 ) ) ;
#1831 = DIRECTION ( 'NONE',  ( 0.0000000000000000000, 0.0000000000000000000, 1.000000000000000000 ) ) ;
#1832 = CARTESIAN_POINT ( 'NONE',  ( 0.09999999999999997800, 0.2675000000000000200, 0.01950000000000000000 ) ) ;
#1833 = FACE_OUTER_BOUND ( 'NONE', #155, .T. ) ;
#1834 = CIRCLE ( 'NONE', #3409, 0.01000000000000000400 ) ;
#1835 = CARTESIAN_POINT ( 'NONE',  ( 0.09649326167637441200, 0.5334332269740077500, -0.04921259842499960800 ) ) ;
#1836 = AXIS2_PLACEMENT_3D ( 'NONE', #3017, #3279, #112 ) ;
#1837 = PRESENTATION_LAYER_ASSIGNMENT (  '', '', ( #1650 ) ) ;
#1838 = CARTESIAN_POINT ( 'NONE',  ( -0.1487107473459552100, 0.2925000002611308800, -0.004224007624371539800 ) ) ;
#1839 = CARTESIAN_POINT ( 'NONE',  ( 0.1322971429090532600, 0.2861872571641721500, -0.005604426025072083300 ) ) ;
#1840 = FACE_OUTER_BOUND ( 'NONE', #906, .T. ) ;
#1841 = CARTESIAN_POINT ( 'NONE',  ( -0.08505799301070185400, 0.2675000000000000200, -0.02362145934492814300 ) ) ;
#1842 = CIRCLE ( 'NONE', #2010, 0.04921260000000003700 ) ;
#1843 = CARTESIAN_POINT ( 'NONE',  ( -0.1308387034769882800, 0.3138270736567614900, -0.04575308301625524700 ) ) ;
#1844 = EDGE_CURVE ( 'NONE', #1772, #210, #544, .T. ) ;
#1845 = AXIS2_PLACEMENT_3D ( 'NONE', #1422, #903, #1436 ) ;
#1846 = CARTESIAN_POINT ( 'NONE',  ( 0.05341674191812845900, 0.2924999999999999300, -1.575000007109739800E-009 ) ) ;
#1847 = ADVANCED_FACE ( 'NONE', ( #1244 ), #99, .F. ) ;
#1848 = CARTESIAN_POINT ( 'NONE',  ( -0.09364342951030797700, 0.5329040335281739500, 0.05185574180487604500 ) ) ;
#1849 = ORIENTED_EDGE ( 'NONE', *, *, #711, .T. ) ;
#1850 = VERTEX_POINT ( 'NONE', #1576 ) ;
#1851 = CARTESIAN_POINT ( 'NONE',  ( 0.1219935358606050600, 0.2675000000000000700, -0.01054468309987780500 ) ) ;
#1852 = EDGE_CURVE ( 'NONE', #1035, #2319, #1680, .T. ) ;
#1853 =( BOUNDED_SURFACE ( )  B_SPLINE_SURFACE ( 3, 2, ( 
 ( #2327, #2612, #1806 ),
 ( #1791, #3379, #481 ),
 ( #441, #2295, #211 ),
 ( #2871, #3106, #719 ),
 ( #693, #225, #1237 ),
 ( #2858, #981, #2824 ),
 ( #2605, #2340, #702 ),
 ( #1259, #3364, #2059 ) ),
 .UNSPECIFIED., .F., .F., .F. ) 
 B_SPLINE_SURFACE_WITH_KNOTS ( ( 4, 2, 2, 4 ),
 ( 3, 3 ),
 ( -8.809142651444723500E-020, 6.900755153829319800E-005, 0.0001380151030765864800, 0.0002760302061531730600 ),
 ( 0.0000000000000000000, 1.000000000000000000 ),
 .UNSPECIFIED. ) 
 GEOMETRIC_REPRESENTATION_ITEM ( )  RATIONAL_B_SPLINE_SURFACE ( (
 ( 1.000000000000000000, 0.8017837257372737400, 1.000000000000000000),
 ( 1.000000000000000000, 0.8022102359917665500, 1.000000000000000000),
 ( 1.000000000000000000, 0.7961418655734265900, 1.000000000000000000),
 ( 1.000000000000000000, 0.7789886209466822000, 1.000000000000000000),
 ( 1.000000000000000000, 0.7690466252264164200, 1.000000000000000000),
 ( 1.000000000000000000, 0.7409981347143161900, 1.000000000000000000),
 ( 1.000000000000000000, 0.7234319424566512100, 1.000000000000000000),
 ( 1.000000000000000000, 0.7071067811865651100, 1.000000000000000000) ) ) 
 REPRESENTATION_ITEM ( '' )  SURFACE ( )  );
#1854 = DIRECTION ( 'NONE',  ( -0.0000000000000000000, -1.000000000000000000, 0.0000000000000000000 ) ) ;
#1855 = EDGE_CURVE ( 'NONE', #1973, #3145, #2747, .T. ) ;
#1856 = AXIS2_PLACEMENT_3D ( 'NONE', #2475, #3295, #891 ) ;
#1857 = VERTEX_POINT ( 'NONE', #236 ) ;
#1858 = DIRECTION ( 'NONE',  ( 0.0000000000000000000, 0.0000000000000000000, 1.000000000000000000 ) ) ;
#1859 = ORIENTED_EDGE ( 'NONE', *, *, #3053, .T. ) ;
#1860 = ORIENTED_EDGE ( 'NONE', *, *, #2035, .T. ) ;
#1861 = CARTESIAN_POINT ( 'NONE',  ( 0.06193346185006249500, 0.3238404370938171600, 0.05645101960101473600 ) ) ;
#1862 = DIRECTION ( 'NONE',  ( 0.0000000000000000000, 0.0000000000000000000, 1.000000000000000000 ) ) ;
#1863 = DIRECTION ( 'NONE',  ( 0.0000000000000000000, -1.000000000000000000, 0.0000000000000000000 ) ) ;
#1864 = ORIENTED_EDGE ( 'NONE', *, *, #662, .T. ) ;
#1865 = ORIENTED_EDGE ( 'NONE', *, *, #554, .F. ) ;
#1866 = DIRECTION ( 'NONE',  ( 0.0000000000000000000, 0.0000000000000000000, 1.000000000000000000 ) ) ;
#1867 = DIRECTION ( 'NONE',  ( 6.123233995736803000E-017, 0.8660254037844368200, -0.5000000000000030000 ) ) ;
#1868 = ORIENTED_EDGE ( 'NONE', *, *, #1309, .T. ) ;
#1869 = DIRECTION ( 'NONE',  ( 0.6427876096865402500, 0.7660444431189774600, 0.0000000000000000000 ) ) ;
#1870 = CYLINDRICAL_SURFACE ( 'NONE', #1216, 0.04921260000000000200 ) ;
#1871 = PLANE ( 'NONE',  #2552 ) ;
#1872 = DIRECTION ( 'NONE',  ( 1.000000000000000000, 0.0000000000000000000, 0.0000000000000000000 ) ) ;
#1873 = CARTESIAN_POINT ( 'NONE',  ( -0.05925966470622388800, 0.2879363642307010700, -0.01963919633158476400 ) ) ;
#1874 = VERTEX_POINT ( 'NONE', #272 ) ;
#1875 = CARTESIAN_POINT ( 'NONE',  ( -0.1377433724882977700, 0.2853571428571428600, -0.003700424944683641100 ) ) ;
#1876 = FACE_OUTER_BOUND ( 'NONE', #1083, .T. ) ;
#1877 = DIRECTION ( 'NONE',  ( -3.076405398270567000E-016, -1.000000000000000000, 0.0000000000000000000 ) ) ;
#1878 = SPHERICAL_SURFACE ( 'NONE', #550, 0.04921260000000000200 ) ;
#1879 =( NAMED_UNIT ( * ) PLANE_ANGLE_UNIT ( ) SI_UNIT ( $, .RADIAN. ) );
#1880 = FACE_OUTER_BOUND ( 'NONE', #1624, .T. ) ;
#1881 = DIRECTION ( 'NONE',  ( -0.3861386450495052400, 1.676947005228148900E-009, -0.9224407551703971400 ) ) ;
#1882 = CARTESIAN_POINT ( 'NONE',  ( 0.06033345635533139700, 0.2913248786005330200, 0.02800480974984802900 ) ) ;
#1883 = B_SPLINE_CURVE_WITH_KNOTS ( 'NONE', 3,
 ( #258, #2150, #2409, #2907, #2113, #817 ),
 .UNSPECIFIED., .F., .F.,
 ( 4, 2, 4 ),
 ( 0.0000000000000000000, 0.0003639106095601110500, 0.0007278212191202221000 ),
 .UNSPECIFIED. ) ;
#1884 = DIRECTION ( 'NONE',  ( 0.6427876096865399200, -0.7660444431189773500, -0.0000000000000000000 ) ) ;
#1885 = ORIENTED_EDGE ( 'NONE', *, *, #2643, .F. ) ;
#1886 = CARTESIAN_POINT ( 'NONE',  ( 0.1160127003436989000, 0.2901528420647439500, -0.01855206010829125700 ) ) ;
#1887 = VERTEX_POINT ( 'NONE', #2395 ) ;
#1888 = ORIENTED_EDGE ( 'NONE', *, *, #786, .F. ) ;
#1889 = CARTESIAN_POINT ( 'NONE',  ( -0.1160127016840600300, 0.2901528417922231700, 0.01855205958336450200 ) ) ;
#1890 = AXIS2_PLACEMENT_3D ( 'NONE', #2427, #2144, #2683 ) ;
#1891 = CARTESIAN_POINT ( 'NONE',  ( 0.07137251725833662600, 0.5634560380027005000, -0.04921259842499999700 ) ) ;
#1892 = VERTEX_POINT ( 'NONE', #2131 ) ;
#1893 = ORIENTED_EDGE ( 'NONE', *, *, #3065, .T. ) ;
#1894 = ORIENTED_EDGE ( 'NONE', *, *, #1906, .T. ) ;
#1895 = AXIS2_PLACEMENT_3D ( 'NONE', #3058, #2577, #1461 ) ;
#1896 = CARTESIAN_POINT ( 'NONE',  ( 0.1000000000000000100, 0.2675000000000000200, 0.02950000000000001900 ) ) ;
#1897 = ORIENTED_EDGE ( 'NONE', *, *, #3326, .T. ) ;
#1898 = EDGE_CURVE ( 'NONE', #992, #2875, #1609, .T. ) ;
#1899 = ORIENTED_EDGE ( 'NONE', *, *, #352, .F. ) ;
#1900 = CARTESIAN_POINT ( 'NONE',  ( 0.1757874000000000100, 0.6932873999999998900, 1.575000007109739800E-009 ) ) ;
#1901 = CARTESIAN_POINT ( 'NONE',  ( 0.09216861599804913900, 0.5499493919570754800, -0.04921259842500000400 ) ) ;
#1902 = ORIENTED_EDGE ( 'NONE', *, *, #712, .F. ) ;
#1903 = CARTESIAN_POINT ( 'NONE',  ( 0.05669131761413377700, 0.5564086960073759700, -0.05142093529357756600 ) ) ;
#1904 = DIRECTION ( 'NONE',  ( 0.0000000000000000000, 1.000000000000000000, 0.0000000000000000000 ) ) ;
#1905 = ORIENTED_EDGE ( 'NONE', *, *, #1720, .T. ) ;
#1906 = EDGE_CURVE ( 'NONE', #2526, #2193, #2593, .T. ) ;
#1907 = VECTOR ( 'NONE', #2517, 39.37007874015748100 ) ;
#1908 = AXIS2_PLACEMENT_3D ( 'NONE', #2273, #3268, #94 ) ;
#1909 = ORIENTED_EDGE ( 'NONE', *, *, #3099, .F. ) ;
#1910 = CARTESIAN_POINT ( 'NONE',  ( -0.1390420182623493000, 0.2924999999999994300, -0.03026897441738919700 ) ) ;
#1911 = FACE_OUTER_BOUND ( 'NONE', #243, .T. ) ;
#1912 = EDGE_CURVE ( 'NONE', #2546, #494, #2249, .T. ) ;
#1913 = CARTESIAN_POINT ( 'NONE',  ( 0.05556117856651039000, 0.2925000002725269300, -0.004257657424807254200 ) ) ;
#1914 = VECTOR ( 'NONE', #3207, 39.37007874015748100 ) ;
#1915 = CARTESIAN_POINT ( 'NONE',  ( 0.07997524752475240800, 0.09774752475247512600, 0.01950000000000000000 ) ) ;
#1916 = CARTESIAN_POINT ( 'NONE',  ( -0.06225662730561785200, 0.2853571428571429800, -0.003700425436995565800 ) ) ;
#1917 = AXIS2_PLACEMENT_3D ( 'NONE', #2761, #1423, #623 ) ;
#1918 = DIRECTION ( 'NONE',  ( 0.0000000000000000000, 0.0000000000000000000, -1.000000000000000000 ) ) ;
#1919 = CIRCLE ( 'NONE', #2326, 0.01000000000000000400 ) ;
#1920 = CARTESIAN_POINT ( 'NONE',  ( 0.08147913451952559800, 0.5533127071799129900, -0.04921259842499997600 ) ) ;
#1921 = CIRCLE ( 'NONE', #357, 0.01000000000000000200 ) ;
#1922 = CARTESIAN_POINT ( 'NONE',  ( 0.1100000000000000400, -0.2688397459621558200, 0.01950000000000000000 ) ) ;
#1923 = DIRECTION ( 'NONE',  ( 0.0000000000000000000, 0.0000000000000000000, 1.000000000000000000 ) ) ;
#1924 = DIRECTION ( 'NONE',  ( 1.000000000000000000, 0.0000000000000000000, 0.0000000000000000000 ) ) ;
#1925 = AXIS2_PLACEMENT_3D ( 'NONE', #1242, #2078, #239 ) ;
#1926 = CARTESIAN_POINT ( 'NONE',  ( -0.1000000000000000500, 0.1099999999999999900, -0.01950000000000000000 ) ) ;
#1927 = CARTESIAN_POINT ( 'NONE',  ( -0.08121731784336913600, 0.5591327037852859000, 0.04921259842499999000 ) ) ;
#1928 = CARTESIAN_POINT ( 'NONE',  ( 0.0000000000000000000, 0.2675000000000000200, 0.0000000000000000000 ) ) ;
#1929 = VECTOR ( 'NONE', #1518, 39.37007874015748100 ) ;
#1930 = EDGE_LOOP ( 'NONE', ( #1654, #2896, #2183, #2763 ) ) ;
#1931 = DIRECTION ( 'NONE',  ( 0.0000000000000000000, 1.000000000000000000, 0.0000000000000000000 ) ) ;
#1932 = EDGE_LOOP ( 'NONE', ( #412, #924, #601, #1344, #160 ) ) ;
#1933 = CARTESIAN_POINT ( 'NONE',  ( 0.1047360743546294400, 0.2997810216244014600, -0.02576087482493163300 ) ) ;
#1934 = ORIENTED_EDGE ( 'NONE', *, *, #1033, .F. ) ;
#1935 = ORIENTED_EDGE ( 'NONE', *, *, #2155, .F. ) ;
#1936 = ORIENTED_EDGE ( 'NONE', *, *, #1029, .F. ) ;
#1937 = CARTESIAN_POINT ( 'NONE',  ( 0.07724286818132464200, 0.5526071068561290200, -0.05271951242328824100 ) ) ;
#1938 = ORIENTED_EDGE ( 'NONE', *, *, #3189, .T. ) ;
#1939 = DIRECTION ( 'NONE',  ( -0.0000000000000000000, -0.0000000000000000000, -1.000000000000000000 ) ) ;
#1940 = ORIENTED_EDGE ( 'NONE', *, *, #928, .F. ) ;
#1941 = CARTESIAN_POINT ( 'NONE',  ( 0.04999999999999996800, 0.3138270736567614300, 0.05921259842499999200 ) ) ;
#1942 = ORIENTED_EDGE ( 'NONE', *, *, #3099, .T. ) ;
#1943 = DIRECTION ( 'NONE',  ( 1.000000000000000000, -0.0000000000000000000, -0.0000000000000000000 ) ) ;
#1944 = CARTESIAN_POINT ( 'NONE',  ( -0.06225662730574231500, 0.2853571428571429800, -0.003700425436698061600 ) ) ;
#1945 = VECTOR ( 'NONE', #159, 39.37007874015748100 ) ;
#1946 = CARTESIAN_POINT ( 'NONE',  ( 0.08861111111111111300, 0.05500000000000000000, 0.01950000000000000000 ) ) ;
#1947 = EDGE_CURVE ( 'NONE', #452, #2526, #323, .T. ) ;
#1948 = CARTESIAN_POINT ( 'NONE',  ( 0.1000000000000000500, -0.2688397459621558200, 0.01950000000000000000 ) ) ;
#1949 = CIRCLE ( 'NONE', #1459, 0.08119550490591050100 ) ;
#1950 = DIRECTION ( 'NONE',  ( -0.0000000000000000000, -1.000000000000000000, -0.0000000000000000000 ) ) ;
#1951 = CARTESIAN_POINT ( 'NONE',  ( -0.1292136819971374000, 0.3179018383419418000, -0.04766194665447359000 ) ) ;
#1952 = VECTOR ( 'NONE', #670, 39.37007874015748900 ) ;
#1953 = CARTESIAN_POINT ( 'NONE',  ( -0.1757873999999999300, 0.7424999999999999400, -1.575000007109739800E-009 ) ) ;
#1954 = AXIS2_PLACEMENT_3D ( 'NONE', #715, #1513, #3102 ) ;
#1955 = CARTESIAN_POINT ( 'NONE',  ( -0.08695455504596080700, 0.5548293479979469200, 0.04921259842499999700 ) ) ;
#1956 = DIRECTION ( 'NONE',  ( -0.0000000000000000000, -1.000000000000000000, -0.0000000000000000000 ) ) ;
#1957 = AXIS2_PLACEMENT_3D ( 'NONE', #133, #1049, #2673 ) ;
#1958 = CARTESIAN_POINT ( 'NONE',  ( -0.06264114814321912500, 0.2825000000000001400, -0.003861387915064152500 ) ) ;
#1959 = FACE_OUTER_BOUND ( 'NONE', #2984, .T. ) ;
#1960 = DIRECTION ( 'NONE',  ( -0.7660444431189776800, -0.6427876096865398100, 3.583442584281829000E-015 ) ) ;
#1961 = AXIS2_PLACEMENT_3D ( 'NONE', #491, #3134, #1816 ) ;
#1962 = CARTESIAN_POINT ( 'NONE',  ( 0.06092967158888174700, 0.2824999994434327400, 0.007949908309175081700 ) ) ;
#1963 = EDGE_CURVE ( 'NONE', #777, #452, #2192, .T. ) ;
#1964 = DIRECTION ( 'NONE',  ( 0.7660444431189739100, -0.6427876096865442500, 0.0000000000000000000 ) ) ;
#1965 = ADVANCED_FACE ( 'NONE', ( #1405 ), #2332, .T. ) ;
#1966 =( NAMED_UNIT ( * ) PLANE_ANGLE_UNIT ( ) SI_UNIT ( $, .RADIAN. ) );
#1967 = CARTESIAN_POINT ( 'NONE',  ( -0.09004570758077122500, 0.2993868046892342900, 0.02514492061336016600 ) ) ;
#1968 = CARTESIAN_POINT ( 'NONE',  ( -0.09403475249650557200, 0.5313780962126162200, 0.05174281708358006300 ) ) ;
#1969 = CARTESIAN_POINT ( 'NONE',  ( 0.05988464572200837000, 0.2858179694116752500, 0.01107470589321300900 ) ) ;
#1970 = CIRCLE ( 'NONE', #1668, 0.04050000000000000100 ) ;
#1971 = EDGE_CURVE ( 'NONE', #1691, #2412, #330, .T. ) ;
#1972 = B_SPLINE_CURVE_WITH_KNOTS ( 'NONE', 3,
 ( #1910, #1127, #1628, #3247, #2944, #1392 ),
 .UNSPECIFIED., .F., .F.,
 ( 4, 2, 4 ),
 ( 1.537121870624706800E-018, 0.0003621567875660938600, 0.0007243135751321863200 ),
 .UNSPECIFIED. ) ;
#1973 = VERTEX_POINT ( 'NONE', #2946 ) ;
#1974 = FILL_AREA_STYLE_COLOUR ( '', #467 ) ;
#1975 = CARTESIAN_POINT ( 'NONE',  ( 0.1325004973945264600, 0.3092676011099008700, 0.04380102390643214600 ) ) ;
#1976 = ORIENTED_EDGE ( 'NONE', *, *, #1803, .F. ) ;
#1977 = CARTESIAN_POINT ( 'NONE',  ( 0.07749999999999997200, 0.1099999999999999600, 0.01950000000000000000 ) ) ;
#1978 = CARTESIAN_POINT ( 'NONE',  ( -0.2249999999999999500, 0.2924999999999999300, -1.575000007109739800E-009 ) ) ;
#1979 = CARTESIAN_POINT ( 'NONE',  ( -0.1000000000000000500, 0.2925000000000000400, -0.01950000000000000000 ) ) ;
#1980 = EDGE_CURVE ( 'NONE', #593, #3024, #2452, .T. ) ;
#1981 = ORIENTED_EDGE ( 'NONE', *, *, #2634, .T. ) ;
#1982 = CARTESIAN_POINT ( 'NONE',  ( -0.1100558268947831600, 0.2993763358813768500, 0.02512770793989330500 ) ) ;
#1983 = DIRECTION ( 'NONE',  ( -0.3861386210545333400, -2.017702758400418500E-009, 0.9224407652148204400 ) ) ;
#1984 = ADVANCED_FACE ( 'NONE', ( #797 ), #2633, .T. ) ;
#1985 = VERTEX_POINT ( 'NONE', #2562 ) ;
#1986 = CARTESIAN_POINT ( 'NONE',  ( -0.1100000000000000400, 0.1099999999999999900, -0.01950000000000000000 ) ) ;
#1987 = CARTESIAN_POINT ( 'NONE',  ( -0.1000000000000000500, -0.2688397459621558200, -0.01950000000000000000 ) ) ;
#1988 = CARTESIAN_POINT ( 'NONE',  ( -0.05588089765932350400, 0.3456833097091950900, -0.05134871754876237100 ) ) ;
#1989 = CARTESIAN_POINT ( 'NONE',  ( 0.06142985586747014300, 0.2940999347913373400, 0.03242524381781281000 ) ) ;
#1990 = CARTESIAN_POINT ( 'NONE',  ( -0.06417046940968647300, 0.5576132774350266400, 0.05185360276467750100 ) ) ;
#1991 = EDGE_LOOP ( 'NONE', ( #950, #3210, #997, #785 ) ) ;
#1992 = CIRCLE ( 'NONE', #1751, 0.01250000000000009800 ) ;
#1993 =( NAMED_UNIT ( * ) SI_UNIT ( $, .STERADIAN. ) SOLID_ANGLE_UNIT ( ) );
#1994 = AXIS2_PLACEMENT_3D ( 'NONE', #1630, #1869, #2407 ) ;
#1995 = CARTESIAN_POINT ( 'NONE',  ( -0.06798805947613581500, 0.2952873367013053000, 0.01650611718525883700 ) ) ;
#1996 = CIRCLE ( 'NONE', #2989, 0.01000000000000000200 ) ;
#1997 = CARTESIAN_POINT ( 'NONE',  ( 0.08505799301070587900, 0.2675000000000000200, 0.02362145934492701100 ) ) ;
#1998 =( BOUNDED_SURFACE ( )  B_SPLINE_SURFACE ( 3, 2, ( 
 ( #2816, #624, #443 ),
 ( #1214, #1480, #3323 ),
 ( #1746, #434, #724 ),
 ( #1830, #2629, #1279 ) ),
 .UNSPECIFIED., .F., .F., .F. ) 
 B_SPLINE_SURFACE_WITH_KNOTS ( ( 4, 4 ),
 ( 3, 3 ),
 ( 0.0000000000000000000, 0.0005352250486618510900 ),
 ( 0.0000000000000000000, 1.000000000000000000 ),
 .UNSPECIFIED. ) 
 GEOMETRIC_REPRESENTATION_ITEM ( )  RATIONAL_B_SPLINE_SURFACE ( (
 ( 1.000000000000000000, 0.9565096880443575400, 1.000000000000000000),
 ( 1.000000000000000000, 0.9585147965806429800, 1.000000000000000000),
 ( 1.000000000000000000, 0.9548488026981493100, 1.000000000000000000),
 ( 1.000000000000000000, 0.9450894369380508100, 1.000000000000000000) ) ) 
 REPRESENTATION_ITEM ( '' )  SURFACE ( )  );
#1999 = CARTESIAN_POINT ( 'NONE',  ( 0.06681303246385145200, 0.3243444422528853900, 0.04618907146833138600 ) ) ;
#2000 = CARTESIAN_POINT ( 'NONE',  ( -0.06511757766606708600, 0.2945503098602689200, 0.01443605949131512500 ) ) ;
#2001 = CARTESIAN_POINT ( 'NONE',  ( 0.0000000000000000000, 0.0000000000000000000, -0.04921259842499999700 ) ) ;
#2002 = CARTESIAN_POINT ( 'NONE',  ( 0.05357244528018816100, 0.3049972567838277200, 0.03304980676502933300 ) ) ;
#2003 = ORIENTED_EDGE ( 'NONE', *, *, #1844, .T. ) ;
#2004 = CARTESIAN_POINT ( 'NONE',  ( -0.05946786330681099600, 0.3147345283760870600, -0.04138402687989947000 ) ) ;
#2005 = VECTOR ( 'NONE', #2383, 39.37007874015748100 ) ;
#2006 = ADVANCED_FACE ( 'NONE', ( #1911 ), #1612, .F. ) ;
#2007 = VECTOR ( 'NONE', #1863, 39.37007874015748100 ) ;
#2008 = CARTESIAN_POINT ( 'NONE',  ( 0.1099999999999999600, 3.076405398270567300E-018, 0.01950000000000000000 ) ) ;
#2009 = DIRECTION ( 'NONE',  ( 9.355643813918709500E-017, -1.000000000000000000, 0.0000000000000000000 ) ) ;
#2010 = AXIS2_PLACEMENT_3D ( 'NONE', #877, #1141, #1393 ) ;
#2011 = DIRECTION ( 'NONE',  ( -1.000000000000000000, 0.0000000000000000000, 0.0000000000000000000 ) ) ;
#2012 = CARTESIAN_POINT ( 'NONE',  ( 0.1465832578681641200, 0.2925000000000000900, -1.575000004369976400E-009 ) ) ;
#2013 = CARTESIAN_POINT ( 'NONE',  ( 0.06916129652301165900, 0.3138270736567615500, 0.04575308301625524000 ) ) ;
#2014 = CARTESIAN_POINT ( 'NONE',  ( -0.1185335652350375100, 0.2982048326342410800, 0.02303285817851051500 ) ) ;
#2015 = MECHANICAL_DESIGN_GEOMETRIC_PRESENTATION_REPRESENTATION (  '', ( #1650 ), #2188 ) ;
#2016 = CARTESIAN_POINT ( 'NONE',  ( 0.1757874000000000100, 0.2924999999999999300, 1.575000007109739800E-009 ) ) ;
#2017 = ORIENTED_EDGE ( 'NONE', *, *, #2692, .T. ) ;
#2018 = DIRECTION ( 'NONE',  ( -0.0000000000000000000, 1.000000000000000000, -0.0000000000000000000 ) ) ;
#2019 = CARTESIAN_POINT ( 'NONE',  ( -0.06154680183731405700, 0.3185364642836258600, -0.04341366830002650600 ) ) ;
#2020 = FACE_OUTER_BOUND ( 'NONE', #3191, .T. ) ;
#2021 = DIRECTION ( 'NONE',  ( 0.0000000000000000000, 0.0000000000000000000, 1.000000000000000000 ) ) ;
#2022 = ORIENTED_EDGE ( 'NONE', *, *, #2715, .T. ) ;
#2023 = ORIENTED_EDGE ( 'NONE', *, *, #1825, .T. ) ;
#2024 = ADVANCED_FACE ( 'NONE', ( #3082 ), #1853, .T. ) ;
#2025 = DIRECTION ( 'NONE',  ( 0.0000000000000000000, 0.0000000000000000000, -1.000000000000000000 ) ) ;
#2026 = EDGE_CURVE ( 'NONE', #2972, #3217, #1788, .T. ) ;
#2027 = CARTESIAN_POINT ( 'NONE',  ( 0.1204552551696418900, 0.3395910781913205100, 0.05134871754876237100 ) ) ;
#2028 = ORIENTED_EDGE ( 'NONE', *, *, #591, .T. ) ;
#2029 = DIRECTION ( 'NONE',  ( 0.0000000000000000000, 0.0000000000000000000, 1.000000000000000000 ) ) ;
#2030 = CARTESIAN_POINT ( 'NONE',  ( -0.1405260793394538500, 0.3147456060631832500, -0.04138994063884886300 ) ) ;
#2031 = ORIENTED_EDGE ( 'NONE', *, *, #3401, .F. ) ;
#2032 = ORIENTED_EDGE ( 'NONE', *, *, #1794, .F. ) ;
#2033 = ORIENTED_EDGE ( 'NONE', *, *, #856, .F. ) ;
#2034 = EDGE_CURVE ( 'NONE', #1857, #2319, #1243, .T. ) ;
#2035 = EDGE_CURVE ( 'NONE', #356, #1544, #85, .T. ) ;
#2036 = AXIS2_PLACEMENT_3D ( 'NONE', #1500, #3367, #2330 ) ;
#2037 = CARTESIAN_POINT ( 'NONE',  ( -0.06225662749700414100, 0.2853571428571428600, -0.003700424979795567500 ) ) ;
#2038 = CARTESIAN_POINT ( 'NONE',  ( 0.07322528474111803000, 0.5553712494026245000, -0.05250319063785117300 ) ) ;
#2039 = DIRECTION ( 'NONE',  ( 0.3861385826732671200, 2.383317631733405600E-017, 0.9224407812814222600 ) ) ;
#2040 = CARTESIAN_POINT ( 'NONE',  ( 0.06350232495131574700, 0.2853571788113532000, 0.0007245697172602072800 ) ) ;
#2041 = DIRECTION ( 'NONE',  ( 0.0000000000000000000, 1.000000000000000000, 0.0000000000000000000 ) ) ;
#2042 = CARTESIAN_POINT ( 'NONE',  ( -0.1400931455648954700, 0.2831894341972869800, -0.01234415363138605500 ) ) ;
#2043 = CARTESIAN_POINT ( 'NONE',  ( 0.1463305282600129700, 0.3051612481189582800, 0.03322704260522681100 ) ) ;
#2044 = VECTOR ( 'NONE', #2418, 39.37007874015748900 ) ;
#2045 = ADVANCED_FACE ( 'NONE', ( #2374 ), #3309, .F. ) ;
#2046 = CARTESIAN_POINT ( 'NONE',  ( -0.1000000000000000500, -0.2688397459621558200, -0.009499999999999996300 ) ) ;
#2047 = CARTESIAN_POINT ( 'NONE',  ( -0.08590974454864809500, 0.2675000000000000200, 0.01651516471590718300 ) ) ;
#2048 = CARTESIAN_POINT ( 'NONE',  ( 0.09571890897538490300, 0.2969362286698694100, -0.02113264385381994800 ) ) ;
#2049 = CIRCLE ( 'NONE', #242, 0.009999999999999995000 ) ;
#2050 = CARTESIAN_POINT ( 'NONE',  ( -0.04824710462280563900, 0.5572311951690553900, 0.05921259842499999200 ) ) ;
#2051 = CARTESIAN_POINT ( 'NONE',  ( 0.08364581432109571800, 0.2675000000000000200, 0.01464885910377932600 ) ) ;
#2052 = DIRECTION ( 'NONE',  ( 0.0000000000000000000, 0.0000000000000000000, 1.000000000000000000 ) ) ;
#2053 = CARTESIAN_POINT ( 'NONE',  ( 0.06154680183731404300, 0.3185364642836258600, 0.04341366830002650600 ) ) ;
#2054 = LINE ( 'NONE', #3328, #2210 ) ;
#2055 = CARTESIAN_POINT ( 'NONE',  ( -0.1384531981626644100, 0.3185364642836278100, -0.04341366830000939500 ) ) ;
#2056 = CARTESIAN_POINT ( 'NONE',  ( -0.07606358907841961900, 0.2882970225797801300, 0.01353657110679793600 ) ) ;
#2057 = CARTESIAN_POINT ( 'NONE',  ( 0.09004570846509876700, 0.2993868047673598500, -0.02514492073466913200 ) ) ;
#2058 = ADVANCED_FACE ( 'NONE', ( #1748 ), #1228, .F. ) ;
#2059 = CARTESIAN_POINT ( 'NONE',  ( 0.1149420069892945900, 0.2675000000000000200, 0.02362145934492516600 ) ) ;
#2060 = CARTESIAN_POINT ( 'NONE',  ( 0.08435634540897252200, 0.2675000000000000200, 0.01295148221927707800 ) ) ;
#2061 = CARTESIAN_POINT ( 'NONE',  ( -0.2249999999999999500, 0.6932873999999998900, -1.575000007109739800E-009 ) ) ;
#2062 = CARTESIAN_POINT ( 'NONE',  ( 0.06916129652299021800, 0.3138270736567606600, 0.04575308301627302500 ) ) ;
#2063 = CARTESIAN_POINT ( 'NONE',  ( 0.04924436301312908700, 0.2955700641271344400, 0.01773197675729321800 ) ) ;
#2064 = CARTESIAN_POINT ( 'NONE',  ( -0.08201778596606361400, 0.5489459357111714500, 0.05280839895000000200 ) ) ;
#2065 = DIRECTION ( 'NONE',  ( 0.0000000000000000000, 0.0000000000000000000, 1.000000000000000000 ) ) ;
#2066 = ORIENTED_EDGE ( 'NONE', *, *, #1852, .F. ) ;
#2067 = CARTESIAN_POINT ( 'NONE',  ( -0.07749999999999997200, 0.1099999999999999600, -0.01950000000000000000 ) ) ;
#2068 = CARTESIAN_POINT ( 'NONE',  ( 0.06325458260846904300, 0.2987680771930629800, 0.03677933094038397100 ) ) ;
#2069 = ORIENTED_EDGE ( 'NONE', *, *, #1912, .T. ) ;
#2070 = VERTEX_POINT ( 'NONE', #1986 ) ;
#2071 = CARTESIAN_POINT ( 'NONE',  ( 0.1080946713054071300, 0.2910044278560755500, -0.02038298381970421500 ) ) ;
#2072 = ORIENTED_EDGE ( 'NONE', *, *, #2270, .T. ) ;
#2073 = CARTESIAN_POINT ( 'NONE',  ( 0.1242452648629371900, 0.2675000000000000200, -0.008242134667821546200 ) ) ;
#2074 = VERTEX_POINT ( 'NONE', #3294 ) ;
#2075 = ORIENTED_EDGE ( 'NONE', *, *, #2490, .F. ) ;
#2076 = CARTESIAN_POINT ( 'NONE',  ( -0.07214424780626922700, 0.5371791111376204000, 0.01950000000000000000 ) ) ;
#2077 = CARTESIAN_POINT ( 'NONE',  ( -0.1402992928777274700, 0.2884371998622339300, -0.02503745234125996300 ) ) ;
#2078 = DIRECTION ( 'NONE',  ( -0.0000000000000000000, -0.0000000000000000000, -1.000000000000000000 ) ) ;
#2079 = ORIENTED_EDGE ( 'NONE', *, *, #856, .T. ) ;
#2080 = AXIS2_PLACEMENT_3D ( 'NONE', #2222, #88, #2494 ) ;
#2081 = VECTOR ( 'NONE', #625, 39.37007874015748100 ) ;
#2082 = AXIS2_PLACEMENT_3D ( 'NONE', #1525, #1190, #3373 ) ;
#2083 = VERTEX_POINT ( 'NONE', #2271 ) ;
#2084 = ORIENTED_EDGE ( 'NONE', *, *, #2444, .F. ) ;
#2085 = FACE_OUTER_BOUND ( 'NONE', #2853, .T. ) ;
#2086 = PLANE ( 'NONE',  #189 ) ;
#2087 = DIRECTION ( 'NONE',  ( 0.0000000000000000000, 0.0000000000000000000, 1.000000000000000000 ) ) ;
#2088 = CARTESIAN_POINT ( 'NONE',  ( -0.09375540610822641300, 0.2674999999999999600, -0.004878524574463132000 ) ) ;
#2089 = DIRECTION ( 'NONE',  ( 0.0000000000000000000, 1.000000000000000000, 0.0000000000000000000 ) ) ;
#2090 = CYLINDRICAL_SURFACE ( 'NONE', #2501, 0.009999999999999995000 ) ;
#2091 = CARTESIAN_POINT ( 'NONE',  ( -0.1323229401366453100, 0.3097547641099619400, -0.04400959505301312000 ) ) ;
#2092 = CARTESIAN_POINT ( 'NONE',  ( -0.05000690744159472900, 0.2930633707994814700, -0.008764082418052468800 ) ) ;
#2093 = CIRCLE ( 'NONE', #584, 0.04921260000000000200 ) ;
#2094 = EDGE_CURVE ( 'NONE', #3108, #1233, #1325, .T. ) ;
#2095 = FACE_OUTER_BOUND ( 'NONE', #3385, .T. ) ;
#2096 = CARTESIAN_POINT ( 'NONE',  ( -0.1163464026472952100, 0.2675000000000000700, -0.01652905684432051000 ) ) ;
#2097 = CARTESIAN_POINT ( 'NONE',  ( 0.1275231836845790200, 0.2675000000000000200, -0.003970352822738236800 ) ) ;
#2098 = CARTESIAN_POINT ( 'NONE',  ( 0.09815708743493441200, 0.5409850647530886100, -0.04921259842499999700 ) ) ;
#2099 = AXIS2_PLACEMENT_3D ( 'NONE', #2729, #2227, #2752 ) ;
#2100 = CARTESIAN_POINT ( 'NONE',  ( -0.06611800386008553900, 0.3059102149208834400, -0.04187881396783394600 ) ) ;
#2101 = DIRECTION ( 'NONE',  ( 0.0000000000000000000, 0.0000000000000000000, 1.000000000000000000 ) ) ;
#2102 = CARTESIAN_POINT ( 'NONE',  ( -0.1757873999999999500, 0.6932873999999998900, -1.575000007109739800E-009 ) ) ;
#2103 = EDGE_CURVE ( 'NONE', #1394, #748, #5, .T. ) ;
#2104 = CARTESIAN_POINT ( 'NONE',  ( -0.09999999999999997800, 0.2925000000000000400, -0.05999999999999999800 ) ) ;
#2105 = AXIS2_PLACEMENT_3D ( 'NONE', #2516, #918, #3012 ) ;
#2106 = CARTESIAN_POINT ( 'NONE',  ( 0.1757874000000000100, 0.6932873999999998900, -1.575000007109739800E-009 ) ) ;
#2107 = LINE ( 'NONE', #1293, #1108 ) ;
#2108 = CARTESIAN_POINT ( 'NONE',  ( 0.09404064957270978600, 0.5313301217124601900, -0.05173976929895585100 ) ) ;
#2109 = CARTESIAN_POINT ( 'NONE',  ( -0.08884030465906336800, 0.5471352551858620300, 0.04921259842499233600 ) ) ;
#2110 = ORIENTED_EDGE ( 'NONE', *, *, #3155, .F. ) ;
#2111 = CARTESIAN_POINT ( 'NONE',  ( 0.1267163978865429600, 0.2875764989251836700, -0.01146470703573233000 ) ) ;
#2112 = EDGE_LOOP ( 'NONE', ( #1561, #2069, #1813, #3114 ) ) ;
#2113 = CARTESIAN_POINT ( 'NONE',  ( 0.1220979456689017800, 0.3350989124593551400, 0.05134871754877572800 ) ) ;
#2114 = CARTESIAN_POINT ( 'NONE',  ( -0.06033345641172778400, 0.2913248787066499100, -0.02800480995430844700 ) ) ;
#2115 = ORIENTED_EDGE ( 'NONE', *, *, #3209, .F. ) ;
#2116 = ADVANCED_FACE ( 'NONE', ( #508 ), #3147, .F. ) ;
#2117 = AXIS2_PLACEMENT_3D ( 'NONE', #465, #2608, #474 ) ;
#2118 = CARTESIAN_POINT ( 'NONE',  ( -0.1000000000000000500, 0.2675000000000000200, -0.01950000000000000000 ) ) ;
#2119 = ORIENTED_EDGE ( 'NONE', *, *, #853, .F. ) ;
#2120 = ORIENTED_EDGE ( 'NONE', *, *, #1738, .F. ) ;
#2121 = ORIENTED_EDGE ( 'NONE', *, *, #1728, .F. ) ;
#2122 = CARTESIAN_POINT ( 'NONE',  ( 0.1377433712294482100, 0.2853571428569680600, 0.003700421935256578500 ) ) ;
#2123 = DIRECTION ( 'NONE',  ( -1.000000000000000000, 0.0000000000000000000, 0.0000000000000000000 ) ) ;
#2124 = CARTESIAN_POINT ( 'NONE',  ( 0.05739980351255678800, 0.3113777591377818700, 0.03898379458165529600 ) ) ;
#2125 = CARTESIAN_POINT ( 'NONE',  ( 0.1031201691640514100, 0.2675000000000000700, 0.003978392770782061300 ) ) ;
#2126 = ORIENTED_EDGE ( 'NONE', *, *, #1852, .T. ) ;
#2127 = CIRCLE ( 'NONE', #612, 0.04921260000000003700 ) ;
#2128 =( NAMED_UNIT ( * ) SI_UNIT ( $, .STERADIAN. ) SOLID_ANGLE_UNIT ( ) );
#2129 = CYLINDRICAL_SURFACE ( 'NONE', #2963, 0.01000000000000002100 ) ;
#2130 = CARTESIAN_POINT ( 'NONE',  ( -0.09844177252713422200, 0.2675000000000000200, -0.003978033508331421800 ) ) ;
#2131 = CARTESIAN_POINT ( 'NONE',  ( 0.06154680183733552600, 0.3185364642836278100, 0.04341366830000939500 ) ) ;
#2132 = DIRECTION ( 'NONE',  ( 9.355643813918710700E-017, -1.000000000000000000, 0.0000000000000000000 ) ) ;
#2133 = CYLINDRICAL_SURFACE ( 'NONE', #1356, 0.009999999999999995000 ) ;
#2134 = CARTESIAN_POINT ( 'NONE',  ( 0.1000000000000000500, -0.2688397459621558200, 0.009499999999999996300 ) ) ;
#2135 = CARTESIAN_POINT ( 'NONE',  ( 0.05950552021399300300, 0.3148033921802087500, 0.04142078942208107100 ) ) ;
#2136 = CYLINDRICAL_SURFACE ( 'NONE', #1713, 0.009999999999999995000 ) ;
#2137 = EDGE_CURVE ( 'NONE', #367, #1887, #1496, .T. ) ;
#2138 = EDGE_LOOP ( 'NONE', ( #2529, #2644, #2638, #1902 ) ) ;
#2139 = CARTESIAN_POINT ( 'NONE',  ( 0.09000000000000002400, 0.2925000000000000400, 0.01950000000000000000 ) ) ;
#2140 = CIRCLE ( 'NONE', #194, 0.01000000000000000700 ) ;
#2141 = AXIS2_PLACEMENT_3D ( 'NONE', #379, #2246, #161 ) ;
#2142 = CIRCLE ( 'NONE', #2985, 0.01000000000000000400 ) ;
#2143 = ORIENTED_EDGE ( 'NONE', *, *, #66, .F. ) ;
#2144 = DIRECTION ( 'NONE',  ( 0.6427876096865400300, -0.7660444431189774600, -0.0000000000000000000 ) ) ;
#2145 = CARTESIAN_POINT ( 'NONE',  ( 0.08071520339854766600, 0.2893772227906579200, -0.01642017341253768100 ) ) ;
#2146 = ORIENTED_EDGE ( 'NONE', *, *, #742, .T. ) ;
#2147 = VERTEX_POINT ( 'NONE', #1351 ) ;
#2148 = ORIENTED_EDGE ( 'NONE', *, *, #1029, .T. ) ;
#2149 = VERTEX_POINT ( 'NONE', #293 ) ;
#2150 = CARTESIAN_POINT ( 'NONE',  ( 0.1292136819971374000, 0.3179018383419418000, 0.04766194665447359000 ) ) ;
#2151 = CARTESIAN_POINT ( 'NONE',  ( 0.05058933651052747300, 0.5600225584361030500, -0.04921259842499999700 ) ) ;
#2152 = B_SPLINE_CURVE_WITH_KNOTS ( 'NONE', 3,
 ( #3241, #888, #2471, #1398, #2709, #2970, #47, #301, #2463, #59 ),
 .UNSPECIFIED., .F., .F.,
 ( 4, 2, 2, 2, 4 ),
 ( 2.168404344971008900E-019, 0.0002061009045093840500, 0.0004122018090187678900, 0.0006183027135281517600, 0.0008244036180375361100 ),
 .UNSPECIFIED. ) ;
#2153 = ORIENTED_EDGE ( 'NONE', *, *, #1898, .T. ) ;
#2154 = DIRECTION ( 'NONE',  ( 1.000000000000000000, 0.0000000000000000000, -0.0000000000000000000 ) ) ;
#2155 = EDGE_CURVE ( 'NONE', #1763, #139, #1089, .T. ) ;
#2156 = CARTESIAN_POINT ( 'NONE',  ( -0.1139647579571630600, 0.2675000000000000200, -0.01026513013519691300 ) ) ;
#2157 = ORIENTED_EDGE ( 'NONE', *, *, #1898, .F. ) ;
#2158 = CARTESIAN_POINT ( 'NONE',  ( 0.08435634523300851500, 0.2925000000000000400, 0.01295148263963485400 ) ) ;
#2159 = EDGE_CURVE ( 'NONE', #2536, #2403, #424, .T. ) ;
#2160 = LINE ( 'NONE', #378, #1449 ) ;
#2161 = EDGE_CURVE ( 'NONE', #1763, #2769, #2547, .T. ) ;
#2162 = DIRECTION ( 'NONE',  ( -0.6427876096865400300, 0.7660444431189776800, 0.0000000000000000000 ) ) ;
#2163 = DIRECTION ( 'NONE',  ( 0.0000000000000000000, 0.0000000000000000000, 1.000000000000000000 ) ) ;
#2164 = DIRECTION ( 'NONE',  ( -0.0000000000000000000, 1.000000000000000000, -0.0000000000000000000 ) ) ;
#2165 = TOROIDAL_SURFACE ( 'NONE', #1739, 0.02050000000000000100, 0.02000000000000000000 ) ;
#2166 = CARTESIAN_POINT ( 'NONE',  ( -0.1328323240961254100, 0.2675000000000000700, -0.005756215518536809300 ) ) ;
#2167 = EDGE_CURVE ( 'NONE', #1887, #1232, #1435, .T. ) ;
#2168 = CIRCLE ( 'NONE', #3146, 0.03250000000000010500 ) ;
#2169 = ORIENTED_EDGE ( 'NONE', *, *, #3430, .F. ) ;
#2170 = SPHERICAL_SURFACE ( 'NONE', #713, 0.04921260000000000200 ) ;
#2171 = DIRECTION ( 'NONE',  ( 0.0000000000000000000, 0.0000000000000000000, 1.000000000000000000 ) ) ;
#2172 = DIRECTION ( 'NONE',  ( 0.0000000000000000000, 1.000000000000000000, 0.0000000000000000000 ) ) ;
#2173 = CARTESIAN_POINT ( 'NONE',  ( 0.08970402250385868500, 0.5525213248650024900, -0.04921259842499999700 ) ) ;
#2174 = B_SPLINE_CURVE_WITH_KNOTS ( 'NONE', 3,
 ( #1179, #1433, #102, #3305, #3020, #1460, #2257, #1210, #91, #1955 ),
 .UNSPECIFIED., .F., .F.,
 ( 4, 2, 2, 2, 4 ),
 ( 0.0000000000000000000, 0.0002762304504159309800, 0.0005524609008318619700, 0.0008286913512477928900, 0.001104921801663723900 ),
 .UNSPECIFIED. ) ;
#2175 = CARTESIAN_POINT ( 'NONE',  ( 0.09999999999999997800, 0.2925000000000000400, 0.01950000000000000000 ) ) ;
#2176 = CARTESIAN_POINT ( 'NONE',  ( -0.07749999999999997200, 0.0000000000000000000, -0.01950000000000000000 ) ) ;
#2177 = CARTESIAN_POINT ( 'NONE',  ( -0.07997524752475239400, 0.01225247524752483100, -0.01950000000000000000 ) ) ;
#2178 = ORIENTED_EDGE ( 'NONE', *, *, #1285, .T. ) ;
#2179 = CARTESIAN_POINT ( 'NONE',  ( -0.1104225468482382500, 0.2675000000000000200, -0.007170463824877440800 ) ) ;
#2180 = VERTEX_POINT ( 'NONE', #324 ) ;
#2181 = CARTESIAN_POINT ( 'NONE',  ( 0.09999999999999997800, 0.2925000000000000400, 0.01950000000000000000 ) ) ;
#2182 = CARTESIAN_POINT ( 'NONE',  ( 0.09815708602602515900, 0.5409850640764915000, -0.04921259842500000400 ) ) ;
#2183 = ORIENTED_EDGE ( 'NONE', *, *, #220, .T. ) ;
#2184 = CARTESIAN_POINT ( 'NONE',  ( 0.06425546747061802700, 0.5605040219446190100, -0.04921259842499999000 ) ) ;
#2185 = EDGE_LOOP ( 'NONE', ( #745, #489 ) ) ;
#2186 = CARTESIAN_POINT ( 'NONE',  ( -0.06041278737530481800, 0.2853571431305467800, -0.008105147760183607100 ) ) ;
#2187 = ORIENTED_EDGE ( 'NONE', *, *, #1372, .F. ) ;
#2188 =( GEOMETRIC_REPRESENTATION_CONTEXT ( 3 ) GLOBAL_UNCERTAINTY_ASSIGNED_CONTEXT ( ( #2979 ) ) GLOBAL_UNIT_ASSIGNED_CONTEXT ( ( #806, #1879, #2128 ) ) REPRESENTATION_CONTEXT ( 'NONE', 'WORKASPACE' ) );
#2189 = ORIENTED_EDGE ( 'NONE', *, *, #7, .T. ) ;
#2190 = CARTESIAN_POINT ( 'NONE',  ( -0.1358066517538664700, 0.2828256846721908200, -0.0001396292309897967400 ) ) ;
#2191 = DIRECTION ( 'NONE',  ( 0.0000000000000000000, 0.0000000000000000000, 1.000000000000000000 ) ) ;
#2192 = B_SPLINE_CURVE_WITH_KNOTS ( 'NONE', 3,
 ( #564, #2696, #2956, #1107, #17, #281 ),
 .UNSPECIFIED., .F., .F.,
 ( 4, 2, 4 ),
 ( 1.537121870624706800E-018, 0.0003621568223296132900, 0.0007243136446592249600 ),
 .UNSPECIFIED. ) ;
#2193 = VERTEX_POINT ( 'NONE', #1644 ) ;
#2194 = CARTESIAN_POINT ( 'NONE',  ( 0.08120591193396715900, 0.5591348416952710600, -0.04921259842499999700 ) ) ;
#2195 = DIRECTION ( 'NONE',  ( 0.0000000000000000000, 0.0000000000000000000, -1.000000000000000000 ) ) ;
#2196 = EDGE_CURVE ( 'NONE', #2582, #2898, #3120, .T. ) ;
#2197 = CARTESIAN_POINT ( 'NONE',  ( 0.09285162252993201000, 0.5229358272768139800, -0.05134871870832568400 ) ) ;
#2198 = LINE ( 'NONE', #2717, #2829 ) ;
#2199 = DIRECTION ( 'NONE',  ( 0.0000000000000000000, 0.0000000000000000000, 1.000000000000000000 ) ) ;
#2200 = EDGE_CURVE ( 'NONE', #1857, #824, #590, .T. ) ;
#2201 = EDGE_CURVE ( 'NONE', #2070, #2234, #580, .T. ) ;
#2202 = DIRECTION ( 'NONE',  ( 0.0000000000000000000, 1.000000000000000000, 0.0000000000000000000 ) ) ;
#2203 = LINE ( 'NONE', #2873, #1014 ) ;
#2204 = DIRECTION ( 'NONE',  ( 0.0000000000000000000, 0.0000000000000000000, -1.000000000000000000 ) ) ;
#2205 = AXIS2_PLACEMENT_3D ( 'NONE', #2776, #347, #1960 ) ;
#2206 = FACE_OUTER_BOUND ( 'NONE', #2401, .T. ) ;
#2207 = CARTESIAN_POINT ( 'NONE',  ( 0.07326792485906649700, 0.5581667676899834100, -0.04921259842500000400 ) ) ;
#2208 = CARTESIAN_POINT ( 'NONE',  ( 0.1121993653394123400, 0.3660185381725235000, 0.05921259842499999200 ) ) ;
#2209 = DIRECTION ( 'NONE',  ( 0.0000000000000000000, 0.0000000000000000000, 1.000000000000000000 ) ) ;
#2210 = VECTOR ( 'NONE', #2255, 39.37007874015748100 ) ;
#2211 = DIRECTION ( 'NONE',  ( 0.0000000000000000000, 1.000000000000000000, 0.0000000000000000000 ) ) ;
#2212 = CARTESIAN_POINT ( 'NONE',  ( -0.1357201246870276500, 0.2943473637442563000, 0.01374777046874996400 ) ) ;
#2213 = DIRECTION ( 'NONE',  ( 1.000000000000000000, 0.0000000000000000000, 0.0000000000000000000 ) ) ;
#2214 = DIRECTION ( 'NONE',  ( 1.000000000000000000, -0.0000000000000000000, -0.0000000000000000000 ) ) ;
#2215 = EDGE_LOOP ( 'NONE', ( #1517, #1601, #2278, #2120, #1306 ) ) ;
#2216 = B_SPLINE_CURVE_WITH_KNOTS ( 'NONE', 3,
 ( #358, #2484, #901, #2225, #2498, #1701, #1968, #2240, #2527, #642 ),
 .UNSPECIFIED., .F., .F.,
 ( 4, 2, 2, 2, 4 ),
 ( 0.0000000000000000000, 0.0002048573257328407600, 0.0004097146514656815200, 0.0006145719771985222500, 0.0008194293029313630400 ),
 .UNSPECIFIED. ) ;
#2217 = DIRECTION ( 'NONE',  ( 0.0000000000000000000, 1.000000000000000000, 0.0000000000000000000 ) ) ;
#2218 = LINE ( 'NONE', #1727, #2393 ) ;
#2219 = CARTESIAN_POINT ( 'NONE',  ( -0.1757873999999999500, 0.6932873999999998900, -1.575000007109739800E-009 ) ) ;
#2220 = DIRECTION ( 'NONE',  ( -0.6427876096865361400, -0.7660444431189806800, -5.487493880857547700E-016 ) ) ;
#2221 = ORIENTED_EDGE ( 'NONE', *, *, #2980, .T. ) ;
#2222 = CARTESIAN_POINT ( 'NONE',  ( -0.1000000000000000500, -0.2688397459621558200, -0.01950000000000000000 ) ) ;
#2223 = CARTESIAN_POINT ( 'NONE',  ( 0.1262568517412454000, 0.3417125999999999800, 0.04921259842499999700 ) ) ;
#2224 = ORIENTED_EDGE ( 'NONE', *, *, #3046, .T. ) ;
#2225 = CARTESIAN_POINT ( 'NONE',  ( -0.08947364383008520100, 0.5411967979340147600, 0.05249208778219411500 ) ) ;
#2226 =( BOUNDED_SURFACE ( )  B_SPLINE_SURFACE ( 3, 2, ( 
 ( #1303, #3412, #1841 ),
 ( #2114, #2908, #2377 ),
 ( #3173, #787, #269 ),
 ( #1873, #61, #1596 ),
 ( #48, #1104, #589 ),
 ( #302, #818, #2942 ),
 ( #578, #313, #285 ),
 ( #1916, #322, #1350 ) ),
 .UNSPECIFIED., .F., .F., .F. ) 
 B_SPLINE_SURFACE_WITH_KNOTS ( ( 4, 2, 2, 4 ),
 ( 3, 3 ),
 ( 5.204170427930421300E-018, 0.0001376616895501489600, 0.0002064925343252208600, 0.0002753233791002927200 ),
 ( 0.0000000000000000000, 1.000000000000000000 ),
 .UNSPECIFIED. ) 
 GEOMETRIC_REPRESENTATION_ITEM ( )  RATIONAL_B_SPLINE_SURFACE ( (
 ( 1.000000000000000000, 0.7071067811863103200, 1.000000000000000000),
 ( 1.000000000000000000, 0.7234091087661670400, 1.000000000000000000),
 ( 1.000000000000000000, 0.7409077466385619600, 1.000000000000000000),
 ( 1.000000000000000000, 0.7689995797253721400, 1.000000000000000000),
 ( 1.000000000000000000, 0.7790462553231266600, 1.000000000000000000),
 ( 1.000000000000000000, 0.7960607952877029000, 1.000000000000000000),
 ( 1.000000000000000000, 0.8022282072494544300, 1.000000000000000000),
 ( 1.000000000000000000, 0.8017837257372726300, 1.000000000000000000) ) ) 
 REPRESENTATION_ITEM ( '' )  SURFACE ( )  );
#2227 = DIRECTION ( 'NONE',  ( 0.0000000000000000000, 0.0000000000000000000, 1.000000000000000000 ) ) ;
#2228 = DIRECTION ( 'NONE',  ( 0.0000000000000000000, 1.000000000000000000, 0.0000000000000000000 ) ) ;
#2229 = EDGE_LOOP ( 'NONE', ( #1679, #728, #363, #108 ) ) ;
#2230 = CARTESIAN_POINT ( 'NONE',  ( -0.06715499854429742000, 0.3282218266081282600, -0.04913398601665536200 ) ) ;
#2231 = ORIENTED_EDGE ( 'NONE', *, *, #306, .T. ) ;
#2232 = ORIENTED_EDGE ( 'NONE', *, *, #71, .F. ) ;
#2233 = DIRECTION ( 'NONE',  ( 0.9391757810929568500, 0.3434368241881387000, 0.0000000000000000000 ) ) ;
#2234 = VERTEX_POINT ( 'NONE', #1183 ) ;
#2235 = CARTESIAN_POINT ( 'NONE',  ( -0.1377433726294000900, 0.2853571428571429800, -0.003700425281760959400 ) ) ;
#2236 = DIRECTION ( 'NONE',  ( 0.6427876096865398100, 0.7660444431189777900, 0.0000000000000000000 ) ) ;
#2237 = CARTESIAN_POINT ( 'NONE',  ( 0.06323424955861718700, 0.3241248629549945400, 0.04605186857691018900 ) ) ;
#2238 = CARTESIAN_POINT ( 'NONE',  ( -0.07276914314250185200, 0.2933684156692100100, 0.01109825578527464900 ) ) ;
#2239 = ORIENTED_EDGE ( 'NONE', *, *, #509, .F. ) ;
#2240 = CARTESIAN_POINT ( 'NONE',  ( -0.09395726447039941300, 0.5259396102724425100, 0.05144435021068596800 ) ) ;
#2241 = CARTESIAN_POINT ( 'NONE',  ( 0.06493774339997945800, 0.2675000000000000700, 0.01183000733738236300 ) ) ;
#2242 = CARTESIAN_POINT ( 'NONE',  ( 0.1000000000000000100, 0.2925000000000000400, 0.02950000000000001900 ) ) ;
#2243 = B_SPLINE_CURVE_WITH_KNOTS ( 'NONE', 3,
 ( #1087, #23, #2718, #2983 ),
 .UNSPECIFIED., .F., .F.,
 ( 4, 4 ),
 ( 0.0000000000000000000, 0.0004702236329220461300 ),
 .UNSPECIFIED. ) ;
#2244 = TOROIDAL_SURFACE ( 'NONE', #969, 0.01550000000000000000, 0.02500000000000000100 ) ;
#2245 = CARTESIAN_POINT ( 'NONE',  ( 0.1757874000000000100, 0.7424999999999999400, 0.04921259842499999700 ) ) ;
#2246 = DIRECTION ( 'NONE',  ( -0.6427876096865340300, -0.7660444431189826800, 0.0000000000000000000 ) ) ;
#2247 = CARTESIAN_POINT ( 'NONE',  ( 0.1464252620932370300, 0.3050013675127851700, 0.03305668711806899300 ) ) ;
#2248 = CARTESIAN_POINT ( 'NONE',  ( -0.05297921218388754200, 0.5532604854598604000, 0.05134871754876237100 ) ) ;
#2249 = CIRCLE ( 'NONE', #1112, 0.01000000000000002100 ) ;
#2250 = CARTESIAN_POINT ( 'NONE',  ( -0.05114879009824162300, 0.3417125999999999800, -0.05921259842499999200 ) ) ;
#2251 = ADVANCED_FACE ( 'NONE', ( #1056 ), #3270, .F. ) ;
#2252 = CARTESIAN_POINT ( 'NONE',  ( -0.1757873999999999500, 0.6932873999999998900, -0.04921259842499999700 ) ) ;
#2253 = DIRECTION ( 'NONE',  ( 3.076405398270567000E-016, -1.000000000000000000, 0.0000000000000000000 ) ) ;
#2254 = LINE ( 'NONE', #2425, #1914 ) ;
#2255 = DIRECTION ( 'NONE',  ( 1.000000000000000000, -0.0000000000000000000, -0.0000000000000000000 ) ) ;
#2256 = AXIS2_PLACEMENT_3D ( 'NONE', #1941, #896, #1380 ) ;
#2257 = CARTESIAN_POINT ( 'NONE',  ( -0.09639956428398503700, 0.5441851351150055500, 0.04921259842499999700 ) ) ;
#2258 = CARTESIAN_POINT ( 'NONE',  ( -0.1757873999999999500, 0.3417125999999999800, -1.575000007109739800E-009 ) ) ;
#2259 = TOROIDAL_SURFACE ( 'NONE', #417, 0.01550000000000000000, 0.02500000000000000100 ) ;
#2260 = ORIENTED_EDGE ( 'NONE', *, *, #1618, .F. ) ;
#2261 = CARTESIAN_POINT ( 'NONE',  ( -0.06208404705458801100, 0.3334841991113907700, -0.04888800052583677100 ) ) ;
#2262 = LINE ( 'NONE', #2139, #2509 ) ;
#2263 = CARTESIAN_POINT ( 'NONE',  ( -0.1444383286394891300, 0.2925000000000000900, 0.004258636811874183000 ) ) ;
#2264 = AXIS2_PLACEMENT_3D ( 'NONE', #1948, #2018, #3044 ) ;
#2265 = EDGE_CURVE ( 'NONE', #3145, #1076, #2293, .T. ) ;
#2266 = EDGE_LOOP ( 'NONE', ( #829, #2688, #1146, #1523 ) ) ;
#2267 = CARTESIAN_POINT ( 'NONE',  ( -0.09509848668708857600, 0.2997867363791567600, 0.02577017501324931800 ) ) ;
#2268 = ADVANCED_FACE ( 'NONE', ( #2745 ), #3160, .T. ) ;
#2269 = CIRCLE ( 'NONE', #382, 0.04921260000000003700 ) ;
#2270 = EDGE_CURVE ( 'NONE', #2866, #73, #973, .T. ) ;
#2271 = CARTESIAN_POINT ( 'NONE',  ( 0.1121993653394123400, 0.3660185381725235000, 0.04921259842499999700 ) ) ;
#2272 = CARTESIAN_POINT ( 'NONE',  ( -0.05846356212534826300, 0.2930495230091244000, 0.008036565360866238700 ) ) ;
#2273 = CARTESIAN_POINT ( 'NONE',  ( 0.1000000000000000500, 0.1099999999999999900, 0.01950000000000000000 ) ) ;
#2274 = ORIENTED_EDGE ( 'NONE', *, *, #1906, .F. ) ;
#2275 = CARTESIAN_POINT ( 'NONE',  ( -0.05190636343813274900, 0.3021409043359524800, -0.02960161512706913800 ) ) ;
#2276 = EDGE_CURVE ( 'NONE', #688, #2768, #1834, .T. ) ;
#2277 = ORIENTED_EDGE ( 'NONE', *, *, #2986, .F. ) ;
#2278 = ORIENTED_EDGE ( 'NONE', *, *, #1553, .T. ) ;
#2279 = AXIS2_PLACEMENT_3D ( 'NONE', #328, #2217, #3234 ) ;
#2280 = CARTESIAN_POINT ( 'NONE',  ( -0.07427216521584281700, 0.2861300223452130600, 0.01202740309645998100 ) ) ;
#2281 = CARTESIAN_POINT ( 'NONE',  ( -0.09000000000000005200, 0.0000000000000000000, -0.01950000000000000000 ) ) ;
#2282 = CARTESIAN_POINT ( 'NONE',  ( 0.1420555681046879700, 0.2929496753459898700, -0.007392157695543057100 ) ) ;
#2283 = CARTESIAN_POINT ( 'NONE',  ( -0.05379777079502656700, 0.3439353587256679900, -0.04921259842499999700 ) ) ;
#2284 = CARTESIAN_POINT ( 'NONE',  ( -0.06896110438719756100, 0.2955237298025214500, 0.01714320019480203600 ) ) ;
#2285 = DIRECTION ( 'NONE',  ( 0.0000000000000000000, 1.000000000000000000, -0.0000000000000000000 ) ) ;
#2286 = DIRECTION ( 'NONE',  ( 3.076405398270567000E-016, -1.000000000000000000, 0.0000000000000000000 ) ) ;
#2287 = CARTESIAN_POINT ( 'NONE',  ( -0.06421189082239665800, 0.5605083388979864600, 0.04921259842500000400 ) ) ;
#2288 = ORIENTED_EDGE ( 'NONE', *, *, #3212, .T. ) ;
#2289 = CARTESIAN_POINT ( 'NONE',  ( -0.06639111719068176200, 0.3168231717907109600, -0.04249903704558649600 ) ) ;
#2290 = ADVANCED_FACE ( 'NONE', ( #3351 ), #946, .F. ) ;
#2291 = AXIS2_PLACEMENT_3D ( 'NONE', #461, #1507, #2303 ) ;
#2292 = CARTESIAN_POINT ( 'NONE',  ( 0.1000000000000000200, 0.2925000000000000400, 0.01950000000000000000 ) ) ;
#2293 = CIRCLE ( 'NONE', #780, 0.02361111111111108600 ) ;
#2294 = CARTESIAN_POINT ( 'NONE',  ( -0.1000000000000000500, 0.0000000000000000000, -0.01950000000000000000 ) ) ;
#2295 = CARTESIAN_POINT ( 'NONE',  ( 0.1350551896933430100, 0.2675000000000000200, 0.01180425637897294900 ) ) ;
#2296 = PRESENTATION_STYLE_ASSIGNMENT (( #739 ) ) ;
#2297 = CARTESIAN_POINT ( 'NONE',  ( 0.06820385939774897800, 0.2675000000000000200, 0.003280936165410146000 ) ) ;
#2298 = CARTESIAN_POINT ( 'NONE',  ( -0.1367869317366516000, 0.3093367457366317200, -0.03737655834242566800 ) ) ;
#2299 = CIRCLE ( 'NONE', #170, 0.009999999999999995000 ) ;
#2300 = CARTESIAN_POINT ( 'NONE',  ( -0.06925720757421997800, 0.2675000000000000200, -0.001237043994213660400 ) ) ;
#2301 = DIRECTION ( 'NONE',  ( -0.7660444431189791200, -0.6427876096865382500, 0.0000000000000000000 ) ) ;
#2302 = ADVANCED_FACE ( 'NONE', ( #2995 ), #1129, .T. ) ;
#2303 = DIRECTION ( 'NONE',  ( 0.0000000000000000000, 0.0000000000000000000, 1.000000000000000000 ) ) ;
#2304 = DIRECTION ( 'NONE',  ( -0.0000000000000000000, 1.000000000000000000, -0.0000000000000000000 ) ) ;
#2305 = CARTESIAN_POINT ( 'NONE',  ( 0.06225662873217947100, 0.2853571428571429200, 0.003700422029103812300 ) ) ;
#2306 = CARTESIAN_POINT ( 'NONE',  ( 0.1373588505844010900, 0.2925000000000000400, 0.003861384875495025300 ) ) ;
#2307 = ORIENTED_EDGE ( 'NONE', *, *, #1464, .F. ) ;
#2308 = LENGTH_MEASURE_WITH_UNIT ( LENGTH_MEASURE( 0.02539999999999999900 ), #111 );
#2309 =( CONVERSION_BASED_UNIT ( 'INCH', #2308 ) LENGTH_UNIT ( ) NAMED_UNIT ( #2356 ) );
#2310 = CARTESIAN_POINT ( 'NONE',  ( -0.09382009587830919500, 0.2675000000000000200, -0.005043898249497228200 ) ) ;
#2311 = FACE_OUTER_BOUND ( 'NONE', #873, .T. ) ;
#2312 = CARTESIAN_POINT ( 'NONE',  ( 0.07610302429450523100, 0.2971343833682736900, -0.02098903435830044500 ) ) ;
#2313 = DIRECTION ( 'NONE',  ( -0.6427876096865353700, 0.7660444431189813400, 0.0000000000000000000 ) ) ;
#2314 = EDGE_CURVE ( 'NONE', #3388, #1857, #1972, .T. ) ;
#2315 = ORIENTED_EDGE ( 'NONE', *, *, #1487, .T. ) ;
#2316 = ORIENTED_EDGE ( 'NONE', *, *, #354, .T. ) ;
#2317 = ORIENTED_EDGE ( 'NONE', *, *, #711, .F. ) ;
#2318 = ADVANCED_FACE ( 'NONE', ( #263 ), #1870, .T. ) ;
#2319 = VERTEX_POINT ( 'NONE', #318 ) ;
#2320 = ORIENTED_EDGE ( 'NONE', *, *, #977, .F. ) ;
#2321 = CARTESIAN_POINT ( 'NONE',  ( -0.1298636496511513200, 0.3335150537196425700, -0.04921259842499999700 ) ) ;
#2322 = AXIS2_PLACEMENT_3D ( 'NONE', #2525, #439, #929 ) ;
#2323 = DIRECTION ( 'NONE',  ( -0.0000000000000000000, -0.0000000000000000000, -1.000000000000000000 ) ) ;
#2324 = CARTESIAN_POINT ( 'NONE',  ( 0.06538349954925031000, 0.5574680007847437900, -0.05193970563299644300 ) ) ;
#2325 = CARTESIAN_POINT ( 'NONE',  ( 0.07130464167204904300, 0.2850134466956126800, -0.009353674569035927100 ) ) ;
#2326 = AXIS2_PLACEMENT_3D ( 'NONE', #2349, #2881, #1271 ) ;
#2327 = CARTESIAN_POINT ( 'NONE',  ( 0.1377433714200488600, 0.2853571428571428600, 0.003700422392759765800 ) ) ;
#2329 = EDGE_LOOP ( 'NONE', ( #737, #2148, #2079, #1420 ) ) ;
#2328 = DIRECTION ( 'NONE',  ( 0.2659006028985174100, 0.0000000000000000000, 0.9640004509222002100 ) ) ;
#2330 = DIRECTION ( 'NONE',  ( 0.0000000000000000000, 0.0000000000000000000, -1.000000000000000000 ) ) ;
#2331 = CARTESIAN_POINT ( 'NONE',  ( -0.06916129652301167300, 0.3138270736567614900, -0.04575308301625524000 ) ) ;
#2332 = TOROIDAL_SURFACE ( 'NONE', #1994, 0.02050000000000000100, 0.02000000000000000000 ) ;
#2333 = DIRECTION ( 'NONE',  ( 0.0000000000000000000, 0.0000000000000000000, 1.000000000000000000 ) ) ;
#2334 = CARTESIAN_POINT ( 'NONE',  ( -0.05341674049107089000, 0.2924999999999999300, -1.575000007109739800E-009 ) ) ;
#2335 = VECTOR ( 'NONE', #201, 39.37007874015748100 ) ;
#2336 = CARTESIAN_POINT ( 'NONE',  ( 0.06767920711009166300, 0.3097606555244675200, 0.04401211735888372500 ) ) ;
#2337 = EDGE_CURVE ( 'NONE', #2898, #2866, #3034, .T. ) ;
#2338 = CARTESIAN_POINT ( 'NONE',  ( 0.1357201231746312500, 0.2943473641174499400, -0.01374777167320770200 ) ) ;
#2339 = COLOUR_RGB ( '',0.7921568627450980000, 0.8196078431372548800, 0.9333333333333333500 ) ;
#2340 = CARTESIAN_POINT ( 'NONE',  ( 0.1385448321269112400, 0.2675000000000000700, 0.02774860520474189300 ) ) ;
#2341 = ORIENTED_EDGE ( 'NONE', *, *, #3226, .T. ) ;
#2342 = CARTESIAN_POINT ( 'NONE',  ( 0.1350974093351942400, 0.2856044055746508300, -0.001624623298791251000 ) ) ;
#2343 = CIRCLE ( 'NONE', #2432, 0.009999999999999996700 ) ;
#2344 = EDGE_CURVE ( 'NONE', #1453, #2656, #2415, .T. ) ;
#2345 = CARTESIAN_POINT ( 'NONE',  ( -0.1480876488598526500, 0.3021516677690949700, -0.02961559303473533900 ) ) ;
#2346 = VECTOR ( 'NONE', #1591, 39.37007874015748100 ) ;
#2347 = EDGE_CURVE ( 'NONE', #521, #822, #1577, .T. ) ;
#2348 = CARTESIAN_POINT ( 'NONE',  ( -0.05950552034195136200, 0.3148033924142175100, -0.04142078954700527400 ) ) ;
#2349 = CARTESIAN_POINT ( 'NONE',  ( 0.08195544554455443100, 0.02205445544554463000, 0.01950000000000000000 ) ) ;
#2350 = ORIENTED_EDGE ( 'NONE', *, *, #2692, .F. ) ;
#2351 = CARTESIAN_POINT ( 'NONE',  ( 0.1015605920790744200, 0.2675000000000000200, 0.003978255011635276100 ) ) ;
#2352 = CARTESIAN_POINT ( 'NONE',  ( 0.1000000000000000500, -0.2775000000000000200, 0.02450000000000004600 ) ) ;
#2353 = CARTESIAN_POINT ( 'NONE',  ( 0.05197973688099796100, 0.3022774343821796300, 0.02978739378156438800 ) ) ;
#2354 = CYLINDRICAL_SURFACE ( 'NONE', #257, 0.009999999999999995000 ) ;
#2355 = DIRECTION ( 'NONE',  ( 0.0000000000000000000, 0.0000000000000000000, 1.000000000000000000 ) ) ;
#2356 = DIMENSIONAL_EXPONENTS ( 1.000000000000000000, 0.0000000000000000000, 0.0000000000000000000, 0.0000000000000000000, 0.0000000000000000000, 0.0000000000000000000, 0.0000000000000000000 ) ;
#2357 = AXIS2_PLACEMENT_3D ( 'NONE', #750, #1755, #2025 ) ;
#2358 = EDGE_LOOP ( 'NONE', ( #1163, #255, #2003, #394 ) ) ;
#2359 = CARTESIAN_POINT ( 'NONE',  ( -0.1390420182623484900, 0.2675000000000000200, -0.03026897441738723000 ) ) ;
#2360 = DIRECTION ( 'NONE',  ( 0.9224407498643990600, 0.0000000000000000000, 0.3861386577249231700 ) ) ;
#2361 = EDGE_CURVE ( 'NONE', #3205, #1286, #883, .T. ) ;
#2362 = ORIENTED_EDGE ( 'NONE', *, *, #484, .F. ) ;
#2363 = EDGE_LOOP ( 'NONE', ( #3215, #2391, #2436, #2567 ) ) ;
#2364 = CARTESIAN_POINT ( 'NONE',  ( 0.1361728265092136100, 0.2853571430520464600, -5.142848647365293600E-005 ) ) ;
#2365 = CARTESIAN_POINT ( 'NONE',  ( 0.1139647575786186900, 0.2675000000000000200, 0.01026512969855163800 ) ) ;
#2366 = VERTEX_POINT ( 'NONE', #2177 ) ;
#2367 = EDGE_LOOP ( 'NONE', ( #492, #2732, #2396, #2623 ) ) ;
#2368 =( BOUNDED_SURFACE ( )  B_SPLINE_SURFACE ( 3, 2, ( 
 ( #2235, #3051, #937 ),
 ( #605, #885, #126 ),
 ( #3257, #2780, #2764 ),
 ( #2736, #895, #1149 ),
 ( #1414, #3269, #96 ),
 ( #2491, #3276, #636 ),
 ( #907, #2508, #3387 ),
 ( #765, #2359, #2632 ) ),
 .UNSPECIFIED., .F., .F., .F. ) 
 B_SPLINE_SURFACE_WITH_KNOTS ( ( 4, 2, 2, 4 ),
 ( 3, 3 ),
 ( 1.355252715606880500E-019, 6.900754724917169000E-005, 0.0001380150944983432500, 0.0002760301889966863300 ),
 ( 0.0000000000000000000, 1.000000000000000000 ),
 .UNSPECIFIED. ) 
 GEOMETRIC_REPRESENTATION_ITEM ( )  RATIONAL_B_SPLINE_SURFACE ( (
 ( 1.000000000000000000, 0.8017837257372725200, 1.000000000000000000),
 ( 1.000000000000000000, 0.8022102334948745300, 1.000000000000000000),
 ( 1.000000000000000000, 0.7961418608713003400, 1.000000000000000000),
 ( 1.000000000000000000, 0.7789886159500146700, 1.000000000000000000),
 ( 1.000000000000000000, 0.7690466208587873900, 1.000000000000000000),
 ( 1.000000000000000000, 0.7409981322445243800, 1.000000000000000000),
 ( 1.000000000000000000, 0.7234319414581559200, 1.000000000000000000),
 ( 1.000000000000000000, 0.7071067811865651100, 1.000000000000000000) ) ) 
 REPRESENTATION_ITEM ( '' )  SURFACE ( )  );
#2369 = DIRECTION ( 'NONE',  ( 1.000000000000000000, 0.0000000000000000000, 0.0000000000000000000 ) ) ;
#2370 = ORIENTED_EDGE ( 'NONE', *, *, #383, .T. ) ;
#2371 = AXIS2_PLACEMENT_3D ( 'NONE', #396, #954, #941 ) ;
#2372 = ORIENTED_EDGE ( 'NONE', *, *, #3065, .F. ) ;
#2373 = VERTEX_POINT ( 'NONE', #109 ) ;
#2374 = FACE_OUTER_BOUND ( 'NONE', #2112, .T. ) ;
#2375 = CARTESIAN_POINT ( 'NONE',  ( 0.1061823664945101600, 0.2675000000000000200, 0.005044598237546250000 ) ) ;
#2376 = DIRECTION ( 'NONE',  ( 1.000000000000000000, 0.0000000000000000000, 0.0000000000000000000 ) ) ;
#2377 = CARTESIAN_POINT ( 'NONE',  ( -0.08457586968819121000, 0.2675000000000000200, -0.02187357368528158900 ) ) ;
#2378 = CIRCLE ( 'NONE', #360, 0.01000000000000000400 ) ;
#2379 = CARTESIAN_POINT ( 'NONE',  ( -0.1380826740024257100, 0.2954017337228266900, -0.03374699699086626500 ) ) ;
#2380 = ORIENTED_EDGE ( 'NONE', *, *, #2739, .T. ) ;
#2381 = FACE_OUTER_BOUND ( 'NONE', #2988, .T. ) ;
#2382 = EDGE_CURVE ( 'NONE', #3184, #1763, #2198, .T. ) ;
#2383 = DIRECTION ( 'NONE',  ( -1.000000000000000000, -0.0000000000000000000, 0.0000000000000000000 ) ) ;
#2384 = CARTESIAN_POINT ( 'NONE',  ( -0.1000000000000000500, -0.2775000000000000200, -0.01950000000000000000 ) ) ;
#2385 = CARTESIAN_POINT ( 'NONE',  ( -0.09318364099035741900, 0.5421228909258563000, 0.04921259842499998300 ) ) ;
#2386 = CARTESIAN_POINT ( 'NONE',  ( 0.1038233126614587100, 0.2675000000000000200, -0.02015314703562516600 ) ) ;
#2387 = EDGE_CURVE ( 'NONE', #2074, #2693, #2586, .T. ) ;
#2388 = DIRECTION ( 'NONE',  ( 1.000000000000000000, 0.0000000000000000000, 0.0000000000000000000 ) ) ;
#2389 = EDGE_CURVE ( 'NONE', #2769, #3024, #2127, .T. ) ;
#2390 = DIRECTION ( 'NONE',  ( -1.000000000000000000, 0.0000000000000000000, 0.0000000000000000000 ) ) ;
#2391 = ORIENTED_EDGE ( 'NONE', *, *, #2167, .F. ) ;
#2392 = AXIS2_PLACEMENT_3D ( 'NONE', #3137, #237, #1795 ) ;
#2393 = VECTOR ( 'NONE', #168, 39.37007874015748100 ) ;
#2394 = CARTESIAN_POINT ( 'NONE',  ( 0.07749999999999997200, 0.1099999999999999600, 0.01950000000000000000 ) ) ;
#2395 = CARTESIAN_POINT ( 'NONE',  ( 0.05588089765932347700, 0.3456833097091949700, 0.05134871754876236400 ) ) ;
#2396 = ORIENTED_EDGE ( 'NONE', *, *, #3039, .T. ) ;
#2397 = CARTESIAN_POINT ( 'NONE',  ( 0.1237943936421686800, 0.3304597423039732400, 0.05134871677472529300 ) ) ;
#2398 = ORIENTED_EDGE ( 'NONE', *, *, #672, .T. ) ;
#2399 = DIRECTION ( 'NONE',  ( 0.0000000000000000000, 0.0000000000000000000, 1.000000000000000000 ) ) ;
#2400 = CARTESIAN_POINT ( 'NONE',  ( -0.07749999999999997200, 0.1099999999999999600, -0.01950000000000000000 ) ) ;
#2401 = EDGE_LOOP ( 'NONE', ( #457, #1363, #1153, #2341, #1976, #2405, #902, #3230 ) ) ;
#2402 = CARTESIAN_POINT ( 'NONE',  ( 0.08958060042258292300, 0.2675000000000000200, 0.007168269598031069700 ) ) ;
#2403 = VERTEX_POINT ( 'NONE', #391 ) ;
#2404 = ORIENTED_EDGE ( 'NONE', *, *, #853, .T. ) ;
#2405 = ORIENTED_EDGE ( 'NONE', *, *, #234, .T. ) ;
#2406 = FILL_AREA_STYLE_COLOUR ( '', #2339 ) ;
#2407 = DIRECTION ( 'NONE',  ( -0.7660444431189772400, 0.6427876096865402500, 0.0000000000000000000 ) ) ;
#2408 = CARTESIAN_POINT ( 'NONE',  ( -0.1000000000000000500, -0.2688397459621558200, -0.01950000000000000000 ) ) ;
#2409 = CARTESIAN_POINT ( 'NONE',  ( 0.1274199194347141500, 0.3221442331228108200, 0.04904710533703759300 ) ) ;
#2410 = CARTESIAN_POINT ( 'NONE',  ( 0.09981810477480343400, 0.5233315845505576200, -0.04921259842499999000 ) ) ;
#2411 = CARTESIAN_POINT ( 'NONE',  ( -0.1757873999999999500, 0.6932873999999998900, -1.575000007109739800E-009 ) ) ;
#2412 = VERTEX_POINT ( 'NONE', #1685 ) ;
#2413 = CARTESIAN_POINT ( 'NONE',  ( -0.09604139098973285500, 0.5171270271061854100, 0.05921259842499999200 ) ) ;
#2414 = EDGE_LOOP ( 'NONE', ( #2084, #2442, #463, #579, #2932 ) ) ;
#2415 = CIRCLE ( 'NONE', #1054, 0.009999999999999996700 ) ;
#2416 = DIRECTION ( 'NONE',  ( 0.0000000000000000000, 0.0000000000000000000, 1.000000000000000000 ) ) ;
#2417 = CARTESIAN_POINT ( 'NONE',  ( -0.1061823665796092600, 0.2675000000000000200, -0.005044598264779173400 ) ) ;
#2418 = DIRECTION ( 'NONE',  ( -0.6427876096865399200, 0.7660444431189773500, -0.0000000000000000000 ) ) ;
#2419 = CARTESIAN_POINT ( 'NONE',  ( 0.1000000000000000500, -0.2775000000000000200, 0.01950000000000000000 ) ) ;
#2420 = DIRECTION ( 'NONE',  ( 0.0000000000000000000, 1.000000000000000000, 0.0000000000000000000 ) ) ;
#2421 = FACE_OUTER_BOUND ( 'NONE', #1048, .T. ) ;
#2422 = B_SPLINE_CURVE_WITH_KNOTS ( 'NONE', 3,
 ( #571, #2441, #1389, #3233 ),
 .UNSPECIFIED., .F., .F.,
 ( 4, 4 ),
 ( 0.0000000000000000000, 0.0003904717295486356800 ),
 .UNSPECIFIED. ) ;
#2423 = CARTESIAN_POINT ( 'NONE',  ( -0.1259184856387919300, 0.2878058156520774700, 0.01210613420184499800 ) ) ;
#2424 = DIMENSIONAL_EXPONENTS ( 1.000000000000000000, 0.0000000000000000000, 0.0000000000000000000, 0.0000000000000000000, 0.0000000000000000000, 0.0000000000000000000, 0.0000000000000000000 ) ;
#2425 = CARTESIAN_POINT ( 'NONE',  ( 0.08999999999999996900, -3.076405398270567300E-018, 0.01950000000000000000 ) ) ;
#2426 = FACE_OUTER_BOUND ( 'NONE', #1991, .T. ) ;
#2427 = CARTESIAN_POINT ( 'NONE',  ( -0.07214424780626922700, 0.5371791111376204000, 0.01950000000000000000 ) ) ;
#2428 = CARTESIAN_POINT ( 'NONE',  ( 0.06225662873389848500, 0.2853571428571428600, 0.003700422024997218400 ) ) ;
#2429 = DIRECTION ( 'NONE',  ( -0.0000000000000000000, 1.000000000000000000, -0.0000000000000000000 ) ) ;
#2430 = CARTESIAN_POINT ( 'NONE',  ( 0.06426656736793302800, 0.5644451999142672300, -0.04921259842500000400 ) ) ;
#2431 = ORIENTED_EDGE ( 'NONE', *, *, #2685, .F. ) ;
#2432 = AXIS2_PLACEMENT_3D ( 'NONE', #522, #1317, #2360 ) ;
#2433 = VERTEX_POINT ( 'NONE', #3286 ) ;
#2434 = CARTESIAN_POINT ( 'NONE',  ( -0.1149220535222931200, 0.2675000000000000200, -0.01153500805948110000 ) ) ;
#2435 = CARTESIAN_POINT ( 'NONE',  ( 0.1264398522134505500, 0.3318856630436912100, 0.04901233755229831400 ) ) ;
#2436 = ORIENTED_EDGE ( 'NONE', *, *, #597, .F. ) ;
#2437 = ORIENTED_EDGE ( 'NONE', *, *, #2382, .F. ) ;
#2438 = DIRECTION ( 'NONE',  ( 0.0000000000000000000, 1.000000000000000000, 0.0000000000000000000 ) ) ;
#2439 = CARTESIAN_POINT ( 'NONE',  ( 0.08370599002869341700, 0.2675000000000000200, 0.01651043462761328200 ) ) ;
#2440 = B_SPLINE_CURVE_WITH_KNOTS ( 'NONE', 3,
 ( #540, #2453, #1927, #850, #336, #3003, #1402, #971, #1760, #365 ),
 .UNSPECIFIED., .F., .F.,
 ( 4, 2, 2, 2, 4 ),
 ( 0.0000000000000000000, 0.0002724512831906710500, 0.0005449025663813421000, 0.0008173538495720131600, 0.001089805132762684200 ),
 .UNSPECIFIED. ) ;
#2441 = CARTESIAN_POINT ( 'NONE',  ( 0.06964208251490051900, 0.3238209636391415900, 0.04827359709271379600 ) ) ;
#2442 = ORIENTED_EDGE ( 'NONE', *, *, #3155, .T. ) ;
#2443 = DIRECTION ( 'NONE',  ( -0.6427876096865445800, 0.7660444431189736800, 0.0000000000000000000 ) ) ;
#2444 = EDGE_CURVE ( 'NONE', #2180, #1568, #2912, .T. ) ;
#2445 = DIRECTION ( 'NONE',  ( 0.9299291694725210200, -0.3677386840735512000, 0.0000000000000000000 ) ) ;
#2446 = AXIS2_PLACEMENT_3D ( 'NONE', #1419, #1956, #1434 ) ;
#2447 = LINE ( 'NONE', #2245, #41 ) ;
#2448 = EDGE_CURVE ( 'NONE', #1985, #364, #466, .T. ) ;
#2449 = CARTESIAN_POINT ( 'NONE',  ( -0.1376590627659407000, 0.2925000000000000400, -0.003735717439721961000 ) ) ;
#2450 = AXIS2_PLACEMENT_3D ( 'NONE', #1316, #1064, #1031 ) ;
#2451 = CARTESIAN_POINT ( 'NONE',  ( 0.1757873999999999800, 0.6932873999999998900, 1.575000007109739800E-009 ) ) ;
#2452 = CIRCLE ( 'NONE', #2291, 0.04921260000000000200 ) ;
#2453 = CARTESIAN_POINT ( 'NONE',  ( -0.08419196297803201200, 0.5571474379832391800, 0.04921259842499999700 ) ) ;
#2454 = DIRECTION ( 'NONE',  ( 0.0000000000000000000, 1.000000000000000000, 0.0000000000000000000 ) ) ;
#2455 = DIRECTION ( 'NONE',  ( -1.000000000000000000, 0.0000000000000000000, 0.0000000000000000000 ) ) ;
#2456 = ORIENTED_EDGE ( 'NONE', *, *, #1143, .F. ) ;
#2457 = CYLINDRICAL_SURFACE ( 'NONE', #1600, 0.04921260000000000200 ) ;
#2458 = DIRECTION ( 'NONE',  ( 0.0000000000000000000, 0.0000000000000000000, -1.000000000000000000 ) ) ;
#2459 = DIRECTION ( 'NONE',  ( -1.344168452385279700E-022, -1.757758745426904100E-022, -1.000000000000000000 ) ) ;
#2460 = FACE_OUTER_BOUND ( 'NONE', #897, .T. ) ;
#2461 = CONICAL_SURFACE ( 'NONE', #2080, 0.01000000000000000200, 0.5235987755983023700 ) ;
#2462 = CARTESIAN_POINT ( 'NONE',  ( -0.1257788762739522900, 0.2861119594000667300, 0.01198855512449683800 ) ) ;
#2463 = CARTESIAN_POINT ( 'NONE',  ( -0.07993697286930437400, 0.5506919452132110800, 0.05280839895000000200 ) ) ;
#2464 = CARTESIAN_POINT ( 'NONE',  ( -0.1262568517412454000, 0.3417125999999999800, -0.04921259842499999700 ) ) ;
#2465 = AXIS2_PLACEMENT_3D ( 'NONE', #3153, #3402, #828 ) ;
#2466 = B_SPLINE_CURVE_WITH_KNOTS ( 'NONE', 3,
 ( #758, #1575, #3397, #1560 ),
 .UNSPECIFIED., .F., .F.,
 ( 4, 4 ),
 ( 0.0000000000000000000, 0.0005360251904960231200 ),
 .UNSPECIFIED. ) ;
#2467 = CARTESIAN_POINT ( 'NONE',  ( -0.08413216889444896700, 0.2675000000000000700, -0.02011862552879983800 ) ) ;
#2468 = DIRECTION ( 'NONE',  ( -1.000000000000000000, 0.0000000000000000000, 0.0000000000000000000 ) ) ;
#2469 = DIRECTION ( 'NONE',  ( -1.000000000000000000, 0.0000000000000000000, 0.0000000000000000000 ) ) ;
#2470 = CARTESIAN_POINT ( 'NONE',  ( -0.1373638984496104700, 0.2828307460902354000, -0.003859274781370683600 ) ) ;
#2471 = CARTESIAN_POINT ( 'NONE',  ( -0.05726317895202495000, 0.5566962878934044200, 0.05144340144886284900 ) ) ;
#2472 = CARTESIAN_POINT ( 'NONE',  ( 0.07214424780626924000, 0.5371791111376204000, -0.01950000000000000000 ) ) ;
#2473 = ORIENTED_EDGE ( 'NONE', *, *, #703, .T. ) ;
#2474 = DIRECTION ( 'NONE',  ( 0.0000000000000000000, 0.0000000000000000000, 1.000000000000000000 ) ) ;
#2475 = CARTESIAN_POINT ( 'NONE',  ( 0.1000000000000000700, 0.0000000000000000000, 0.01950000000000000000 ) ) ;
#2476 = CARTESIAN_POINT ( 'NONE',  ( 0.07217773261394316900, 0.5553909679136990200, -0.05243328651999446700 ) ) ;
#2477 = CARTESIAN_POINT ( 'NONE',  ( -0.06323424955861715900, 0.3241248629549944300, -0.04605186857691016100 ) ) ;
#2478 = EDGE_LOOP ( 'NONE', ( #2232, #208, #604, #3376 ) ) ;
#2479 = EDGE_LOOP ( 'NONE', ( #2610, #2933, #1128, #3340, #2522, #262 ) ) ;
#2480 = ORIENTED_EDGE ( 'NONE', *, *, #1143, .T. ) ;
#2481 = ORIENTED_EDGE ( 'NONE', *, *, #2921, .T. ) ;
#2482 = CARTESIAN_POINT ( 'NONE',  ( -0.2249999999999999500, 0.3417125999999999800, -1.575000007109739800E-009 ) ) ;
#2483 = ORIENTED_EDGE ( 'NONE', *, *, #1636, .F. ) ;
#2484 = CARTESIAN_POINT ( 'NONE',  ( -0.08409743139495534600, 0.5472009059988086600, 0.05280839895000000200 ) ) ;
#2485 =( BOUNDED_SURFACE ( )  B_SPLINE_SURFACE ( 3, 2, ( 
 ( #2012, #2822, #147 ),
 ( #2541, #1742, #426 ),
 ( #2282, #678, #3352 ),
 ( #2338, #1805, #1013 ),
 ( #1274, #1526, #2611 ),
 ( #1258, #3135, #1026 ),
 ( #1506, #1777, #224 ),
 ( #459, #1535, #2071 ),
 ( #749, #2588, #193 ),
 ( #1000, #2048, #718 ),
 ( #2057, #2854, #734 ),
 ( #3104, #2843, #1789 ),
 ( #2312, #1248, #3116 ),
 ( #1515, #3362, #470 ),
 ( #209, #480, #2325 ),
 ( #2604, #3127, #2870 ),
 ( #3377, #205, #2781 ),
 ( #468, #925, #221 ) ),
 .UNSPECIFIED., .F., .F., .F. ) 
 B_SPLINE_SURFACE_WITH_KNOTS ( ( 4, 2, 2, 2, 2, 2, 2, 2, 4 ),
 ( 3, 3 ),
 ( -1.732655956643985900E-011, 0.0003791737225199844400, 0.0007583474623665284600, 0.001137521202213072500, 0.001516694942059616400, 0.001895868681906160400, 0.002275042421752704500, 0.002654216161599248300, 0.003033389901445792200 ),
 ( 0.0000000000000000000, 0.9767657252380667100 ),
 .UNSPECIFIED. ) 
 GEOMETRIC_REPRESENTATION_ITEM ( )  RATIONAL_B_SPLINE_SURFACE ( (
 ( 1.000000000000000000, 0.7139119512437485100, 0.9867059033381837500),
 ( 1.000000000000000000, 0.7244717452737997600, 0.9871966016500310900),
 ( 1.000000000000000000, 0.7411050935097407400, 0.9879695292162805600),
 ( 1.000000000000000000, 0.7783219906216204400, 0.9896989444428485600),
 ( 1.000000000000000000, 0.7981014116608364800, 0.9906180654489628000),
 ( 1.000000000000000000, 0.8334080287730226700, 0.9922587127347606300),
 ( 1.000000000000000000, 0.8485993040336481400, 0.9929646292615397200),
 ( 1.000000000000000000, 0.8698110364394147100, 0.9939503076993241300),
 ( 1.000000000000000000, 0.8756975204538990400, 0.9942238440732726900),
 ( 1.000000000000000000, 0.8758000219664799900, 0.9942286071698862600),
 ( 1.000000000000000000, 0.8699686981338885500, 0.9939576340095817000),
 ( 1.000000000000000000, 0.8488716847935569000, 0.9929772864003709700),
 ( 1.000000000000000000, 0.8334735474989604100, 0.9922617572949217200),
 ( 1.000000000000000000, 0.7984040069567481800, 0.9906321266134565700),
 ( 1.000000000000000000, 0.7783071882407044400, 0.9896982565976779600),
 ( 1.000000000000000000, 0.7415465975338472200, 0.9879900452678898000),
 ( 1.000000000000000000, 0.7245110033546686700, 0.9871984259161060700),
 ( 1.000000000000000000, 0.7139119512438124600, 0.9867059033381866400) ) ) 
 REPRESENTATION_ITEM ( '' )  SURFACE ( )  );
#2486 = CARTESIAN_POINT ( 'NONE',  ( 0.06193346185006247400, 0.3268587411213692600, 0.04691740324638502000 ) ) ;
#2487 = ORIENTED_EDGE ( 'NONE', *, *, #134, .T. ) ;
#2488 = DIRECTION ( 'NONE',  ( 0.0000000000000000000, 1.000000000000000000, 0.0000000000000000000 ) ) ;
#2489 = CARTESIAN_POINT ( 'NONE',  ( -0.06193346185006249500, 0.3268587411213691500, -0.04691740324638498500 ) ) ;
#2490 = EDGE_CURVE ( 'NONE', #2403, #2584, #2667, .T. ) ;
#2491 = CARTESIAN_POINT ( 'NONE',  ( -0.1402970225234971800, 0.2900635754742671400, -0.02548055123453217600 ) ) ;
#2492 = CARTESIAN_POINT ( 'NONE',  ( -0.1204552551696419200, 0.3395910781913205100, -0.05134871754876237100 ) ) ;
#2493 = VECTOR ( 'NONE', #1884, 39.37007874015748900 ) ;
#2494 = DIRECTION ( 'NONE',  ( 0.0000000000000000000, 0.0000000000000000000, 1.000000000000000000 ) ) ;
#2495 = CARTESIAN_POINT ( 'NONE',  ( -0.1420555697077773000, 0.2929496750318632000, 0.007392155774596429600 ) ) ;
#2496 = CIRCLE ( 'NONE', #2036, 0.02500000000000000100 ) ;
#2497 = AXIS2_PLACEMENT_3D ( 'NONE', #2935, #1106, #1357 ) ;
#2498 = CARTESIAN_POINT ( 'NONE',  ( -0.09102405305213237500, 0.5389315451030640700, 0.05231394430324651200 ) ) ;
#2499 = CARTESIAN_POINT ( 'NONE',  ( -0.1384531981626644100, 0.3185364642836278100, -0.04341366830000939500 ) ) ;
#2500 = DIRECTION ( 'NONE',  ( 0.0000000000000000000, 0.0000000000000000000, 1.000000000000000000 ) ) ;
#2501 = AXIS2_PLACEMENT_3D ( 'NONE', #1213, #2286, #1186 ) ;
#2502 = CARTESIAN_POINT ( 'NONE',  ( -0.06033294471405780500, 0.2934764577855179500, -0.01048059123568689600 ) ) ;
#2503 = CIRCLE ( 'NONE', #2743, 0.005000000000000049500 ) ;
#2504 = AXIS2_PLACEMENT_3D ( 'NONE', #799, #2659, #2123 ) ;
#2505 = CARTESIAN_POINT ( 'NONE',  ( -0.05933706616342766100, 0.3323156111642490700, -0.04864502603039330000 ) ) ;
#2506 = CARTESIAN_POINT ( 'NONE',  ( 0.05927285539922295300, 0.2954945888686242300, 0.01723146450723530800 ) ) ;
#2507 = EDGE_CURVE ( 'NONE', #1008, #1166, #1209, .T. ) ;
#2508 = CARTESIAN_POINT ( 'NONE',  ( -0.1385448321590430400, 0.2675000000000000200, -0.02774860536763055700 ) ) ;
#2509 = VECTOR ( 'NONE', #2132, 39.37007874015748100 ) ;
#2510 = CARTESIAN_POINT ( 'NONE',  ( 0.06193346185006247400, 0.3268587411213692600, 0.04691740324638502000 ) ) ;
#2511 = CARTESIAN_POINT ( 'NONE',  ( 0.1343301305323258400, 0.3259034762173654300, 0.04677263772838743300 ) ) ;
#2512 = CARTESIAN_POINT ( 'NONE',  ( 0.07749999999999997200, 0.0000000000000000000, 0.01950000000000000000 ) ) ;
#2513 = ADVANCED_FACE ( 'NONE', ( #3394 ), #2368, .T. ) ;
#2514 = EDGE_CURVE ( 'NONE', #1874, #1394, #1125, .T. ) ;
#2515 = CARTESIAN_POINT ( 'NONE',  ( -0.08071520106532746600, 0.2893772222788525400, 0.01642017220918463200 ) ) ;
#2516 = CARTESIAN_POINT ( 'NONE',  ( 0.1121993653394123400, 0.3660185381725235000, 0.05921259842499999200 ) ) ;
#2517 = DIRECTION ( 'NONE',  ( -1.000000000000000000, 0.0000000000000000000, -0.0000000000000000000 ) ) ;
#2518 = VERTEX_POINT ( 'NONE', #1047 ) ;
#2519 = CARTESIAN_POINT ( 'NONE',  ( 0.1392397590759796600, 0.3032959753953704000, 0.03117179780658912600 ) ) ;
#2520 = CARTESIAN_POINT ( 'NONE',  ( -0.04824710462280563900, 0.5572311951690553900, 0.04921259842499999700 ) ) ;
#2521 = AXIS2_PLACEMENT_3D ( 'NONE', #2929, #3190, #2388 ) ;
#2522 = ORIENTED_EDGE ( 'NONE', *, *, #1413, .T. ) ;
#2523 = EDGE_CURVE ( 'NONE', #3027, #1161, #872, .T. ) ;
#2524 = VERTEX_POINT ( 'NONE', #3372 ) ;
#2525 = CARTESIAN_POINT ( 'NONE',  ( -0.09999999999999997800, 0.2925000000000000400, -0.01950000000000000000 ) ) ;
#2526 = VERTEX_POINT ( 'NONE', #1800 ) ;
#2527 = CARTESIAN_POINT ( 'NONE',  ( -0.09307527011378993700, 0.5232023577918685200, 0.05134871754876237100 ) ) ;
#2528 = CARTESIAN_POINT ( 'NONE',  ( -0.2249999999999999500, 0.2924999999999999300, -1.575000007109739800E-009 ) ) ;
#2529 = ORIENTED_EDGE ( 'NONE', *, *, #1101, .T. ) ;
#2530 = ORIENTED_EDGE ( 'NONE', *, *, #3213, .T. ) ;
#2531 = DIRECTION ( 'NONE',  ( 0.0000000000000000000, 0.0000000000000000000, 1.000000000000000000 ) ) ;
#2532 = ORIENTED_EDGE ( 'NONE', *, *, #10, .T. ) ;
#2533 = CARTESIAN_POINT ( 'NONE',  ( 0.1402992931478839700, 0.2884371987437215300, 0.02503745059483873000 ) ) ;
#2534 = EDGE_CURVE ( 'NONE', #210, #2802, #1530, .T. ) ;
#2535 = ADVANCED_FACE ( 'NONE', ( #1011 ), #1007, .T. ) ;
#2536 = VERTEX_POINT ( 'NONE', #2759 ) ;
#2537 = DIRECTION ( 'NONE',  ( 0.0000000000000000000, 0.0000000000000000000, -1.000000000000000000 ) ) ;
#2538 = UNCERTAINTY_MEASURE_WITH_UNIT (LENGTH_MEASURE( 1.000000000000000100E-005 ), #3055, 'distance_accuracy_value', 'NONE');
#2539 = CARTESIAN_POINT ( 'NONE',  ( -0.1050381022138815900, 0.2997798716121751700, 0.02575900329118240000 ) ) ;
#2540 = ORIENTED_EDGE ( 'NONE', *, *, #966, .F. ) ;
#2541 = CARTESIAN_POINT ( 'NONE',  ( 0.1446288774699119900, 0.2925000002483709200, -0.003880310671946619500 ) ) ;
#2542 = CARTESIAN_POINT ( 'NONE',  ( 0.07025826335527697600, 0.3188216200105117300, 0.04704165681322133200 ) ) ;
#2543 = LINE ( 'NONE', #2964, #576 ) ;
#2544 = CARTESIAN_POINT ( 'NONE',  ( -0.07749999999999997200, 0.1099999999999999600, -0.01950000000000000000 ) ) ;
#2545 = CARTESIAN_POINT ( 'NONE',  ( 0.06276602010239029600, 0.2975366993857563300, 0.03575255194901188300 ) ) ;
#2546 = VERTEX_POINT ( 'NONE', #2242 ) ;
#2547 = CIRCLE ( 'NONE', #2891, 0.04921260000000000200 ) ;
#2548 = CARTESIAN_POINT ( 'NONE',  ( -0.1204552551696418900, 0.3395910781913205100, -0.05134871754876237100 ) ) ;
#2549 = PRESENTATION_STYLE_ASSIGNMENT (( #2934 ) ) ;
#2550 = DIRECTION ( 'NONE',  ( 0.0000000000000000000, 1.000000000000000000, 0.0000000000000000000 ) ) ;
#2551 = ORIENTED_EDGE ( 'NONE', *, *, #1963, .F. ) ;
#2552 = AXIS2_PLACEMENT_3D ( 'NONE', #2419, #2959, #3179 ) ;
#2553 = CARTESIAN_POINT ( 'NONE',  ( -0.05341674049107090300, 0.2824999999999999700, -1.704518812931637600E-009 ) ) ;
#2554 = CIRCLE ( 'NONE', #3085, 0.01000000000000002100 ) ;
#2555 = ADVANCED_FACE ( 'NONE', ( #1359 ), #504, .T. ) ;
#2556 = CIRCLE ( 'NONE', #1836, 0.01000000000000000200 ) ;
#2557 = AXIS2_PLACEMENT_3D ( 'NONE', #203, #1268, #231 ) ;
#2558 = CARTESIAN_POINT ( 'NONE',  ( -0.07492030821131956400, 0.5629715554692028600, 0.04921259842499999700 ) ) ;
#2559 = ORIENTED_EDGE ( 'NONE', *, *, #595, .T. ) ;
#2560 = CARTESIAN_POINT ( 'NONE',  ( 0.1364819132382520900, 0.3221415272377333700, 0.04533821023647699500 ) ) ;
#2561 = CARTESIAN_POINT ( 'NONE',  ( 0.08505799301070587900, 0.2925000000000000400, 0.02362145934492701100 ) ) ;
#2562 = CARTESIAN_POINT ( 'NONE',  ( -0.08695455504596080700, 0.5548293479979469200, 0.04921259842499999700 ) ) ;
#2563 = EDGE_CURVE ( 'NONE', #2234, #1973, #1992, .T. ) ;
#2564 = CARTESIAN_POINT ( 'NONE',  ( 0.1000000000000000500, -0.2688397459621558200, 0.01950000000000000000 ) ) ;
#2565 = CARTESIAN_POINT ( 'NONE',  ( 0.06639111719068172000, 0.3168231717907109000, 0.04249903704558648900 ) ) ;
#2566 = CARTESIAN_POINT ( 'NONE',  ( 0.1000000000000000500, -0.2688397459621558200, 0.02950000000000000200 ) ) ;
#2567 = ORIENTED_EDGE ( 'NONE', *, *, #3226, .F. ) ;
#2568 = ADVANCED_FACE ( 'NONE', ( #3307 ), #3040, .F. ) ;
#2569 = EDGE_CURVE ( 'NONE', #356, #2083, #2543, .T. ) ;
#2570 = EDGE_CURVE ( 'NONE', #1232, #2911, #2422, .T. ) ;
#2571 = ORIENTED_EDGE ( 'NONE', *, *, #1737, .T. ) ;
#2572 = AXIS2_PLACEMENT_3D ( 'NONE', #1260, #2328, #3321 ) ;
#2573 = AXIS2_PLACEMENT_3D ( 'NONE', #2413, #1094, #1147 ) ;
#2574 = CARTESIAN_POINT ( 'NONE',  ( -0.06907941001783954300, 0.2865264568152012800, 0.007194870896713241800 ) ) ;
#2575 = ORIENTED_EDGE ( 'NONE', *, *, #3149, .F. ) ;
#2576 = ORIENTED_EDGE ( 'NONE', *, *, #2707, .F. ) ;
#2577 = DIRECTION ( 'NONE',  ( 1.000000000000000000, 0.0000000000000000000, 0.0000000000000000000 ) ) ;
#2578 =( NAMED_UNIT ( * ) SI_UNIT ( $, .STERADIAN. ) SOLID_ANGLE_UNIT ( ) );
#2579 = CARTESIAN_POINT ( 'NONE',  ( -0.1228711803668625100, 0.2973494230866236000, 0.02143149352067213000 ) ) ;
#2580 = CARTESIAN_POINT ( 'NONE',  ( -0.06326354476606675700, 0.3240632798698319700, -0.04603237162349164300 ) ) ;
#2581 =( NAMED_UNIT ( * ) PLANE_ANGLE_UNIT ( ) SI_UNIT ( $, .RADIAN. ) );
#2582 = VERTEX_POINT ( 'NONE', #862 ) ;
#2583 = CARTESIAN_POINT ( 'NONE',  ( -0.1230091831009329600, 0.3405249959046874900, -0.04921259842499999700 ) ) ;
#2584 = VERTEX_POINT ( 'NONE', #1647 ) ;
#2585 = CARTESIAN_POINT ( 'NONE',  ( 0.1757874000000000100, 0.3417125999999999800, 1.575000007109739800E-009 ) ) ;
#2586 = CIRCLE ( 'NONE', #1202, 0.009999999999999993300 ) ;
#2587 = DIRECTION ( 'NONE',  ( -0.6427876096865400300, 0.7660444431189774600, 0.0000000000000000000 ) ) ;
#2588 = CARTESIAN_POINT ( 'NONE',  ( 0.1044009065021488500, 0.2969302154375532700, -0.02112008735027043000 ) ) ;
#2589 = ADVANCED_FACE ( 'NONE', ( #420 ), #2244, .T. ) ;
#2590 = DIRECTION ( 'NONE',  ( -0.7660444431189804600, -0.6427876096865365900, 0.0000000000000000000 ) ) ;
#2591 = ORIENTED_EDGE ( 'NONE', *, *, #2034, .T. ) ;
#2592 = CARTESIAN_POINT ( 'NONE',  ( -0.08695455504596080700, 0.5548293479979469200, 0.04921259842499999700 ) ) ;
#2593 = CIRCLE ( 'NONE', #1550, 0.02500000000000000800 ) ;
#2594 = CARTESIAN_POINT ( 'NONE',  ( -0.1000000000000000500, 0.2925000000000000400, -0.01950000000000000000 ) ) ;
#2595 =( CONVERSION_BASED_UNIT ( 'INCH', #132 ) LENGTH_UNIT ( ) NAMED_UNIT ( #1058 ) );
#2596 = CARTESIAN_POINT ( 'NONE',  ( -0.1757873999999999500, 0.3417125999999999800, -0.04921259842499999700 ) ) ;
#2597 = CARTESIAN_POINT ( 'NONE',  ( 0.1507541118652975800, 0.2955935038804641300, 0.01779614996499234400 ) ) ;
#2598 = CIRCLE ( 'NONE', #2557, 0.01000000000000000400 ) ;
#2599 = CIRCLE ( 'NONE', #3157, 0.01000000000000000200 ) ;
#2600 = CARTESIAN_POINT ( 'NONE',  ( 0.1377433714217669300, 0.2853571428571429200, 0.003700422396864040800 ) ) ;
#2601 = CARTESIAN_POINT ( 'NONE',  ( -0.08207577083399167400, 0.2896622608929604900, 0.01705555396909766400 ) ) ;
#2602 = CIRCLE ( 'NONE', #2497, 0.01000000000000001900 ) ;
#2603 = CARTESIAN_POINT ( 'NONE',  ( 0.08409709449468533200, 0.5472002541888650900, -0.05280817736496295400 ) ) ;
#2604 = CARTESIAN_POINT ( 'NONE',  ( 0.05801761241567959100, 0.2929649185520423200, -0.007472723765669459000 ) ) ;
#2605 = CARTESIAN_POINT ( 'NONE',  ( 0.1396671519209101700, 0.2913237340026134700, 0.02800260449505605200 ) ) ;
#2606 = DIRECTION ( 'NONE',  ( 0.0000000000000000000, -1.000000000000000000, 0.0000000000000000000 ) ) ;
#2607 = CARTESIAN_POINT ( 'NONE',  ( 0.09999999999999997800, 0.2925000000000000400, 0.05999999999999999800 ) ) ;
#2608 = DIRECTION ( 'NONE',  ( 0.0000000000000000000, 1.000000000000000000, 0.0000000000000000000 ) ) ;
#2609 = DIRECTION ( 'NONE',  ( 0.9640004509222052100, 0.0000000000000000000, 0.2659006028984989300 ) ) ;
#2610 = ORIENTED_EDGE ( 'NONE', *, *, #712, .T. ) ;
#2611 = CARTESIAN_POINT ( 'NONE',  ( 0.1257788745969717300, 0.2861119573570477500, -0.01198855636125060800 ) ) ;
#2612 = CARTESIAN_POINT ( 'NONE',  ( 0.1328323232444620600, 0.2675000000000000200, 0.005756213485959660100 ) ) ;
#2613 = ORIENTED_EDGE ( 'NONE', *, *, #786, .T. ) ;
#2614 = CARTESIAN_POINT ( 'NONE',  ( 0.09844177275968905800, 0.2675000000000000200, 0.003978033491906896000 ) ) ;
#2615 = CARTESIAN_POINT ( 'NONE',  ( 0.09999999999999997800, 0.2925000000000000400, 0.05999999999999999800 ) ) ;
#2616 = CARTESIAN_POINT ( 'NONE',  ( 0.1407024739030516000, 0.2861682391660995100, 0.02090537536945260100 ) ) ;
#2617 = CARTESIAN_POINT ( 'NONE',  ( 0.1404943382668582300, 0.3148036509887854900, 0.04142092758552437500 ) ) ;
#2618 = ORIENTED_EDGE ( 'NONE', *, *, #1738, .T. ) ;
#2619 = ORIENTED_EDGE ( 'NONE', *, *, #1540, .F. ) ;
#2620 = ORIENTED_EDGE ( 'NONE', *, *, #2137, .T. ) ;
#2621 = CARTESIAN_POINT ( 'NONE',  ( 0.1000000000000000200, 0.2925000000000000400, 0.01950000000000000000 ) ) ;
#2622 = CARTESIAN_POINT ( 'NONE',  ( -0.1000000000000000500, -0.2775000000000000200, -0.01950000000000000000 ) ) ;
#2623 = ORIENTED_EDGE ( 'NONE', *, *, #2627, .F. ) ;
#2624 = AXIS2_PLACEMENT_3D ( 'NONE', #1296, #1307, #2865 ) ;
#2625 = CARTESIAN_POINT ( 'NONE',  ( -0.1158698016098325800, 0.2674999999999999600, -0.02010875608125830800 ) ) ;
#2626 = CARTESIAN_POINT ( 'NONE',  ( 0.09685783029931989400, 0.2675000000000000200, 0.004205923506825572300 ) ) ;
#2627 = EDGE_CURVE ( 'NONE', #486, #972, #2689, .T. ) ;
#2628 = DIRECTION ( 'NONE',  ( 0.0000000000000000000, 0.0000000000000000000, 1.000000000000000000 ) ) ;
#2629 = CARTESIAN_POINT ( 'NONE',  ( 0.05379777079502651900, 0.3439353587256679400, 0.04921259842499999700 ) ) ;
#2630 = CARTESIAN_POINT ( 'NONE',  ( -0.1757873999999999500, 0.3417125999999999800, 0.04921259842499999700 ) ) ;
#2631 = VECTOR ( 'NONE', #123, 39.37007874015748900 ) ;
#2632 = CARTESIAN_POINT ( 'NONE',  ( -0.1149420069892945900, 0.2675000000000000200, -0.02362145934492514100 ) ) ;
#2633 = CYLINDRICAL_SURFACE ( 'NONE', #1663, 0.009999999999999995000 ) ;
#2634 = EDGE_CURVE ( 'NONE', #3288, #688, #2702, .T. ) ;
#2635 = AXIS2_PLACEMENT_3D ( 'NONE', #1471, #129, #2806 ) ;
#2636 = AXIS2_PLACEMENT_3D ( 'NONE', #476, #3274, #2500 ) ;
#2637 = FACE_OUTER_BOUND ( 'NONE', #1603, .T. ) ;
#2638 = ORIENTED_EDGE ( 'NONE', *, *, #1493, .F. ) ;
#2639 = CARTESIAN_POINT ( 'NONE',  ( 0.1075837885528039300, 0.2675000000000000200, -0.01927316096028587600 ) ) ;
#2640 = FACE_OUTER_BOUND ( 'NONE', #1401, .T. ) ;
#2641 = EDGE_CURVE ( 'NONE', #2518, #532, #1287, .T. ) ;
#2642 = CIRCLE ( 'NONE', #1353, 0.01000000000000000200 ) ;
#2643 = EDGE_CURVE ( 'NONE', #521, #3217, #2947, .T. ) ;
#2644 = ORIENTED_EDGE ( 'NONE', *, *, #3053, .F. ) ;
#2645 = CARTESIAN_POINT ( 'NONE',  ( 0.08958055007255934200, 0.2675000000000000200, 0.007168303448449141500 ) ) ;
#2646 = DIRECTION ( 'NONE',  ( -0.0000000000000000000, -1.000000000000000000, -0.0000000000000000000 ) ) ;
#2647 = CIRCLE ( 'NONE', #524, 0.04921260000000000200 ) ;
#2648 = AXIS2_PLACEMENT_3D ( 'NONE', #2976, #3243, #1780 ) ;
#2649 = ORIENTED_EDGE ( 'NONE', *, *, #260, .T. ) ;
#2650 = CARTESIAN_POINT ( 'NONE',  ( 0.06916129652301167300, 0.3138270736567614900, 0.04575308301625522600 ) ) ;
#2651 = VERTEX_POINT ( 'NONE', #669 ) ;
#2652 = CARTESIAN_POINT ( 'NONE',  ( -0.08435634487629413400, 0.2675000000000000200, -0.01295148349178447900 ) ) ;
#2653 = ADVANCED_FACE ( 'NONE', ( #1744 ), #3036, .F. ) ;
#2654 = CARTESIAN_POINT ( 'NONE',  ( -0.09059547230371621500, 0.5404379155962775200, 0.05242422162748577200 ) ) ;
#2655 = CARTESIAN_POINT ( 'NONE',  ( 0.1039032819495982100, 0.2916164884557262400, -0.02100596185855616700 ) ) ;
#2656 = VERTEX_POINT ( 'NONE', #2230 ) ;
#2657 = EDGE_LOOP ( 'NONE', ( #1354, #1633, #1638 ) ) ;
#2658 = ORIENTED_EDGE ( 'NONE', *, *, #438, .T. ) ;
#2659 = DIRECTION ( 'NONE',  ( -0.0000000000000000000, -0.0000000000000000000, -1.000000000000000000 ) ) ;
#2660 = CARTESIAN_POINT ( 'NONE',  ( -0.1150242625221366600, 0.2675000000000000700, -0.01147182561518518200 ) ) ;
#2661 = CARTESIAN_POINT ( 'NONE',  ( 0.06225662873389848500, 0.2853571428571428600, 0.003700422024997218400 ) ) ;
#2662 = ORIENTED_EDGE ( 'NONE', *, *, #1803, .T. ) ;
#2663 = EDGE_LOOP ( 'NONE', ( #1438, #3025, #2649, #2658 ) ) ;
#2664 = PLANE ( 'NONE',  #714 ) ;
#2665 = DIRECTION ( 'NONE',  ( 0.0000000000000000000, 0.0000000000000000000, 1.000000000000000000 ) ) ;
#2666 = CARTESIAN_POINT ( 'NONE',  ( -0.09701810323788434600, 0.5303905617592576900, 0.04921259842499999000 ) ) ;
#2667 = CIRCLE ( 'NONE', #253, 0.04921260000000000200 ) ;
#2668 = CARTESIAN_POINT ( 'NONE',  ( -0.1000000000000000500, 0.2925000000000000400, -0.02950000000000001900 ) ) ;
#2669 = FACE_OUTER_BOUND ( 'NONE', #166, .T. ) ;
#2670 = ADVANCED_FACE ( 'NONE', ( #1206 ), #754, .T. ) ;
#2671 = DIRECTION ( 'NONE',  ( -0.9801980198019798500, 0.1980198019801998300, 0.0000000000000000000 ) ) ;
#2672 = CARTESIAN_POINT ( 'NONE',  ( 0.1062525880235186000, 0.2674999999999999600, 0.004881936861166304800 ) ) ;
#2673 = DIRECTION ( 'NONE',  ( 0.0000000000000000000, -0.4709390626866327700, 0.8821657436308869600 ) ) ;
#2674 = CARTESIAN_POINT ( 'NONE',  ( 0.1757874000000000100, 0.6932873999999998900, 0.04921259842499999700 ) ) ;
#2675 = CARTESIAN_POINT ( 'NONE',  ( 0.1000000000000000100, 0.2925000000000000400, 0.01950000000000000000 ) ) ;
#2676 = FACE_OUTER_BOUND ( 'NONE', #1150, .T. ) ;
#2677 = CARTESIAN_POINT ( 'NONE',  ( 0.06715499854429740600, 0.3282218266081283200, 0.04913398601665536900 ) ) ;
#2678 = AXIS2_PLACEMENT_3D ( 'NONE', #1861, #2820, #3091 ) ;
#2679 = CARTESIAN_POINT ( 'NONE',  ( 0.1384531981626644100, 0.3138270736567614900, 0.05223532573631826900 ) ) ;
#2680 = CARTESIAN_POINT ( 'NONE',  ( 0.1156436548058724500, 0.2675000000000000200, 0.01295148273251699200 ) ) ;
#2681 = AXIS2_PLACEMENT_3D ( 'NONE', #2919, #268, #1322 ) ;
#2682 = ORIENTED_EDGE ( 'NONE', *, *, #2200, .T. ) ;
#2683 = DIRECTION ( 'NONE',  ( -0.7660444431189776800, -0.6427876096865398100, 1.791721292140914500E-015 ) ) ;
#2684 = DIRECTION ( 'NONE',  ( 0.0000000000000000000, 1.000000000000000000, 0.0000000000000000000 ) ) ;
#2685 = EDGE_CURVE ( 'NONE', #2433, #825, #128, .T. ) ;
#2686 = CARTESIAN_POINT ( 'NONE',  ( 0.1149420069892941900, 0.2675000000000000200, 0.02362145934492659900 ) ) ;
#2687 = CARTESIAN_POINT ( 'NONE',  ( -0.1000000000000000200, 0.2925000000000000400, -0.01950000000000000000 ) ) ;
#2688 = ORIENTED_EDGE ( 'NONE', *, *, #2877, .T. ) ;
#2689 = B_SPLINE_CURVE_WITH_KNOTS ( 'NONE', 3,
 ( #63, #338, #2467, #3005, #1403, #1468 ),
 .UNSPECIFIED., .F., .F.,
 ( 4, 2, 4 ),
 ( 0.0000000000000000000, 0.0001376186994369791400, 0.0002752373988739582800 ),
 .UNSPECIFIED. ) ;
#2690 = CARTESIAN_POINT ( 'NONE',  ( 0.05588089765932347700, 0.3456833097091949700, 0.05134871754876236400 ) ) ;
#2691 = ORIENTED_EDGE ( 'NONE', *, *, #1947, .T. ) ;
#2692 = EDGE_CURVE ( 'NONE', #1453, #2074, #303, .T. ) ;
#2693 = VERTEX_POINT ( 'NONE', #1988 ) ;
#2694 = ORIENTED_EDGE ( 'NONE', *, *, #898, .T. ) ;
#2695 = CARTESIAN_POINT ( 'NONE',  ( -0.1134219328469253800, 0.2675000000000000200, -0.009678481770851586600 ) ) ;
#2696 = CARTESIAN_POINT ( 'NONE',  ( 0.1401724283734640300, 0.2903730034085647000, 0.02617076687305565000 ) ) ;
#2697 = ORIENTED_EDGE ( 'NONE', *, *, #1041, .F. ) ;
#2698 = EDGE_CURVE ( 'NONE', #1394, #1874, #3156, .T. ) ;
#2699 = DIRECTION ( 'NONE',  ( 1.000000000000000000, 0.0000000000000000000, 0.0000000000000000000 ) ) ;
#2700 = CARTESIAN_POINT ( 'NONE',  ( 0.05970541300548384100, 0.2900703265430835700, 0.02549644734460751100 ) ) ;
#2701 = ORIENTED_EDGE ( 'NONE', *, *, #493, .F. ) ;
#2702 = CIRCLE ( 'NONE', #1368, 0.01000000000000000400 ) ;
#2703 = CARTESIAN_POINT ( 'NONE',  ( -0.09999999999999996400, 0.0000000000000000000, -0.01950000000000000000 ) ) ;
#2704 = ADVANCED_FACE ( 'NONE', ( #836 ), #3227, .T. ) ;
#2705 = ORIENTED_EDGE ( 'NONE', *, *, #2563, .T. ) ;
#2706 = CARTESIAN_POINT ( 'NONE',  ( -0.1015605919606682600, 0.2675000000000000200, -0.003978254995185818800 ) ) ;
#2707 = EDGE_CURVE ( 'NONE', #532, #3184, #2447, .T. ) ;
#2708 = CARTESIAN_POINT ( 'NONE',  ( 0.1100000000000000300, 0.2925000000000000400, 0.01950000000000000000 ) ) ;
#2709 = CARTESIAN_POINT ( 'NONE',  ( -0.06536313966116723300, 0.5574699558054927500, 0.05193824097225290000 ) ) ;
#2710 = CARTESIAN_POINT ( 'NONE',  ( 0.1008111071964539200, 0.5304337857747708500, -0.04921259842499999000 ) ) ;
#2711 = B_SPLINE_CURVE_WITH_KNOTS ( 'NONE', 3,
 ( #3204, #1360, #3214, #555, #1328, #2686 ),
 .UNSPECIFIED., .F., .F.,
 ( 4, 2, 4 ),
 ( 0.0000000000000000000, 0.0001380150978900129800, 0.0002760301957800259500 ),
 .UNSPECIFIED. ) ;
#2712 = ORIENTED_EDGE ( 'NONE', *, *, #3382, .F. ) ;
#2713 = FACE_OUTER_BOUND ( 'NONE', #3417, .T. ) ;
#2714 = CARTESIAN_POINT ( 'NONE',  ( 0.06113857183348737900, 0.5604932674571195800, -0.04921259842500038500 ) ) ;
#2715 = EDGE_CURVE ( 'NONE', #692, #1336, #2160, .T. ) ;
#2716 = CIRCLE ( 'NONE', #1417, 0.01000000000000001900 ) ;
#2717 = CARTESIAN_POINT ( 'NONE',  ( -0.2249999999999999500, 0.6932873999999998900, 0.04921259842499999700 ) ) ;
#2718 = CARTESIAN_POINT ( 'NONE',  ( 0.05559995380952254700, 0.3373037815385538900, 0.04921259842499999700 ) ) ;
#2719 = CARTESIAN_POINT ( 'NONE',  ( -0.1300713439926188500, 0.2927942581657301800, 0.008281646277855636200 ) ) ;
#2720 = CARTESIAN_POINT ( 'NONE',  ( -0.1100000000000000300, 0.2925000000000000400, -0.01950000000000000000 ) ) ;
#2721 = DIRECTION ( 'NONE',  ( 1.000000000000000000, 0.0000000000000000000, 0.0000000000000000000 ) ) ;
#2722 = AXIS2_PLACEMENT_3D ( 'NONE', #2564, #182, #2052 ) ;
#2723 = CARTESIAN_POINT ( 'NONE',  ( 0.09642411348008918200, 0.5441498040487771100, -0.04921259842499999700 ) ) ;
#2724 = LINE ( 'NONE', #2566, #1594 ) ;
#2725 = ORIENTED_EDGE ( 'NONE', *, *, #1367, .T. ) ;
#2726 = CARTESIAN_POINT ( 'NONE',  ( -0.08861111111111111300, 0.05500000000000002100, -0.01950000000000000000 ) ) ;
#2727 = CARTESIAN_POINT ( 'NONE',  ( -0.1206732446468313800, 0.2946940187807675100, 0.01578559156898381700 ) ) ;
#2728 = ORIENTED_EDGE ( 'NONE', *, *, #2807, .T. ) ;
#2729 = CARTESIAN_POINT ( 'NONE',  ( -0.07749999999999997200, 0.0000000000000000000, -0.01950000000000000000 ) ) ;
#2730 = B_SPLINE_CURVE_WITH_KNOTS ( 'NONE', 3,
 ( #2223, #117, #385, #2511, #2560, #3081 ),
 .UNSPECIFIED., .F., .F.,
 ( 4, 2, 4 ),
 ( 0.0000000000000000000, 0.0003412374528930435800, 0.0006824749057860871700 ),
 .UNSPECIFIED. ) ;
#2731 = ORIENTED_EDGE ( 'NONE', *, *, #1549, .T. ) ;
#2732 = ORIENTED_EDGE ( 'NONE', *, *, #1367, .F. ) ;
#2733 = ORIENTED_EDGE ( 'NONE', *, *, #3255, .T. ) ;
#2734 = CARTESIAN_POINT ( 'NONE',  ( -0.05944916205284388900, 0.2859903106412394800, -0.01276049123056735000 ) ) ;
#2735 = EDGE_CURVE ( 'NONE', #2319, #274, #329, .T. ) ;
#2736 = CARTESIAN_POINT ( 'NONE',  ( -0.1408166885697098600, 0.2871625236000798800, -0.01729339909952807100 ) ) ;
#2737 = DIRECTION ( 'NONE',  ( -0.0000000000000000000, -0.0000000000000000000, -1.000000000000000000 ) ) ;
#2738 = EDGE_CURVE ( 'NONE', #1348, #1544, #2782, .T. ) ;
#2739 = EDGE_CURVE ( 'NONE', #2875, #1741, #1052, .T. ) ;
#2740 = CARTESIAN_POINT ( 'NONE',  ( -0.1192377301836739700, 0.2883245855841823400, 0.01635924072525192200 ) ) ;
#2741 = AXIS2_PLACEMENT_3D ( 'NONE', #1275, #1539, #518 ) ;
#2742 = CARTESIAN_POINT ( 'NONE',  ( -0.09999999999999997800, 0.2925000000000000400, -0.01950000000000000000 ) ) ;
#2743 = AXIS2_PLACEMENT_3D ( 'NONE', #834, #1105, #1355 ) ;
#2744 = DIRECTION ( 'NONE',  ( -0.0000000000000000000, -0.0000000000000000000, -1.000000000000000000 ) ) ;
#2745 = FACE_OUTER_BOUND ( 'NONE', #1004, .T. ) ;
#2746 = CARTESIAN_POINT ( 'NONE',  ( 0.05371441550942558000, 0.5620381315195593900, -0.04921259842499999700 ) ) ;
#2747 = CIRCLE ( 'NONE', #1140, 0.01000000000000000200 ) ;
#2748 = DIRECTION ( 'NONE',  ( 0.0000000000000000000, 0.0000000000000000000, 1.000000000000000000 ) ) ;
#2749 = LINE ( 'NONE', #2720, #1501 ) ;
#2750 = CARTESIAN_POINT ( 'NONE',  ( 0.1094541319936608000, 0.2994285908060766400, -0.02520914390172950700 ) ) ;
#2751 = CARTESIAN_POINT ( 'NONE',  ( 0.07749999999999997200, 0.0000000000000000000, 0.01950000000000000000 ) ) ;
#2752 = DIRECTION ( 'NONE',  ( 1.000000000000000000, 0.0000000000000000000, 0.0000000000000000000 ) ) ;
#2753 = CARTESIAN_POINT ( 'NONE',  ( 0.1000000000000000100, 0.2675000000000000200, 0.01950000000000000000 ) ) ;
#2754 = ORIENTED_EDGE ( 'NONE', *, *, #1117, .T. ) ;
#2755 = CARTESIAN_POINT ( 'NONE',  ( 0.07749999999999997200, 0.0000000000000000000, 0.01950000000000000000 ) ) ;
#2756 = CARTESIAN_POINT ( 'NONE',  ( 0.1185335641026724100, 0.2982048328195808800, -0.02303285851994157600 ) ) ;
#2757 = DIRECTION ( 'NONE',  ( -0.3434368241881385900, -0.9391757810929569600, -7.000599432635152300E-015 ) ) ;
#2758 = CARTESIAN_POINT ( 'NONE',  ( 0.08400013133410871900, 0.2675000000000000200, 0.01380241295226682600 ) ) ;
#2759 = CARTESIAN_POINT ( 'NONE',  ( 0.1757874000000000100, 0.7424999999999999400, -1.575000007109739800E-009 ) ) ;
#2760 = CIRCLE ( 'NONE', #3035, 0.07501817720176981500 ) ;
#2761 = CARTESIAN_POINT ( 'NONE',  ( -0.07214424780626922700, 0.5371791111376204000, 0.01950000000000000000 ) ) ;
#2762 = ORIENTED_EDGE ( 'NONE', *, *, #2707, .T. ) ;
#2763 = ORIENTED_EDGE ( 'NONE', *, *, #2159, .T. ) ;
#2764 = CARTESIAN_POINT ( 'NONE',  ( -0.1161862359919868000, 0.2675000000000000200, -0.01468744880510141800 ) ) ;
#2765 = ADVANCED_FACE ( 'NONE', ( #1833 ), #3325, .F. ) ;
#2766 = CARTESIAN_POINT ( 'NONE',  ( -0.1336088828092966400, 0.3168231717907125700, -0.04249903704556891300 ) ) ;
#2767 = CARTESIAN_POINT ( 'NONE',  ( -0.1000000000000000200, 0.2925000000000000400, -0.01950000000000000000 ) ) ;
#2768 = VERTEX_POINT ( 'NONE', #418 ) ;
#2769 = VERTEX_POINT ( 'NONE', #2061 ) ;
#2770 = CARTESIAN_POINT ( 'NONE',  ( -0.1000000000000000500, 0.2675000000000000200, -0.01950000000000000000 ) ) ;
#2771 = VERTEX_POINT ( 'NONE', #1221 ) ;
#2772 = DIRECTION ( 'NONE',  ( -0.0000000000000000000, -1.000000000000000000, -0.0000000000000000000 ) ) ;
#2773 = CARTESIAN_POINT ( 'NONE',  ( 0.08381312833630809300, 0.2675000000000000200, 0.01469627686462704800 ) ) ;
#2774 = ORIENTED_EDGE ( 'NONE', *, *, #2641, .F. ) ;
#2775 = CARTESIAN_POINT ( 'NONE',  ( -0.06539855188954805900, 0.2853571427818465400, 0.003805272287690392500 ) ) ;
#2776 = CARTESIAN_POINT ( 'NONE',  ( -0.07214424780626922700, 0.5371791111376204000, 0.01950000000000000000 ) ) ;
#2777 = DIRECTION ( 'NONE',  ( 0.0000000000000000000, -0.0000000000000000000, 1.000000000000000000 ) ) ;
#2778 = CARTESIAN_POINT ( 'NONE',  ( 0.1480876493432471700, 0.3021516669091031100, 0.02961559193467711000 ) ) ;
#2779 = EDGE_LOOP ( 'NONE', ( #1865, #1938, #1723, #125, #2810 ) ) ;
#2780 = CARTESIAN_POINT ( 'NONE',  ( -0.1350551902502346900, 0.2675000000000004600, -0.01180425824983852300 ) ) ;
#2781 = CARTESIAN_POINT ( 'NONE',  ( 0.06420313119884288300, 0.2828256441127804900, 0.0001162626091915206700 ) ) ;
#2782 = LINE ( 'NONE', #1174, #2631 ) ;
#2783 = DIRECTION ( 'NONE',  ( 0.0000000000000000000, 0.0000000000000000000, 1.000000000000000000 ) ) ;
#2784 = FACE_OUTER_BOUND ( 'NONE', #646, .T. ) ;
#2785 = AXIS2_PLACEMENT_3D ( 'NONE', #2726, #2737, #370 ) ;
#2786 = DIRECTION ( 'NONE',  ( 0.0000000000000000000, 0.0000000000000000000, 1.000000000000000000 ) ) ;
#2787 = ADVANCED_FACE ( 'NONE', ( #2713 ), #2129, .F. ) ;
#2788 = CARTESIAN_POINT ( 'NONE',  ( -0.1000000000000000500, 0.2925000000000000400, -0.009499999999999978900 ) ) ;
#2789 = CARTESIAN_POINT ( 'NONE',  ( -0.09067302876296756700, 0.2997879039684848100, 0.02577207514053056800 ) ) ;
#2790 = FACE_OUTER_BOUND ( 'NONE', #107, .T. ) ;
#2791 = AXIS2_PLACEMENT_3D ( 'NONE', #717, #733, #2011 ) ;
#2792 = EDGE_CURVE ( 'NONE', #486, #2149, #1298, .T. ) ;
#2793 = LINE ( 'NONE', #1257, #2005 ) ;
#2794 = VECTOR ( 'NONE', #2955, 39.37007874015748900 ) ;
#2795 = CARTESIAN_POINT ( 'NONE',  ( -0.1274199194347141500, 0.3221442331228108200, -0.04904710533703759300 ) ) ;
#2796 =( CONVERSION_BASED_UNIT ( 'INCH', #340 ) LENGTH_UNIT ( ) NAMED_UNIT ( #2424 ) );
#2797 = EDGE_CURVE ( 'NONE', #494, #1286, #289, .T. ) ;
#2798 =( GEOMETRIC_REPRESENTATION_CONTEXT ( 3 ) GLOBAL_UNCERTAINTY_ASSIGNED_CONTEXT ( ( #2538 ) ) GLOBAL_UNIT_ASSIGNED_CONTEXT ( ( #3055, #1724, #1993 ) ) REPRESENTATION_CONTEXT ( 'NONE', 'WORKASPACE' ) );
#2799 = CARTESIAN_POINT ( 'NONE',  ( -0.05341674049107089000, 0.2924999999999999300, -1.575000007109739800E-009 ) ) ;
#2800 = CARTESIAN_POINT ( 'NONE',  ( -0.05559995380952261600, 0.3373037815385538900, -0.04921259842499999700 ) ) ;
#2801 = CARTESIAN_POINT ( 'NONE',  ( 0.09130928342865091100, 0.5210977368153805200, -0.05134871754876236400 ) ) ;
#2802 = VERTEX_POINT ( 'NONE', #738 ) ;
#2803 = ADVANCED_FACE ( 'NONE', ( #628 ), #1255, .T. ) ;
#2804 = EDGE_CURVE ( 'NONE', #3299, #2651, #716, .T. ) ;
#2805 = FACE_OUTER_BOUND ( 'NONE', #949, .T. ) ;
#2806 = DIRECTION ( 'NONE',  ( 0.0000000000000000000, 0.0000000000000000000, 1.000000000000000000 ) ) ;
#2807 = EDGE_CURVE ( 'NONE', #2373, #3288, #3361, .T. ) ;
#2808 = AXIS2_PLACEMENT_3D ( 'NONE', #1987, #2304, #401 ) ;
#2809 = CARTESIAN_POINT ( 'NONE',  ( -0.06536703742831565000, 0.2922116266622399900, 0.002411480934171297300 ) ) ;
#2810 = ORIENTED_EDGE ( 'NONE', *, *, #1553, .F. ) ;
#2811 = CARTESIAN_POINT ( 'NONE',  ( -0.04824710462280563900, 0.5572311951690553900, 0.04921259842499999700 ) ) ;
#2812 = CARTESIAN_POINT ( 'NONE',  ( 0.06960338832111502600, 0.3238894268288937700, 0.04828697966747759500 ) ) ;
#2813 = ORIENTED_EDGE ( 'NONE', *, *, #597, .T. ) ;
#2814 = DIRECTION ( 'NONE',  ( 0.0000000000000000000, 0.0000000000000000000, 1.000000000000000000 ) ) ;
#2815 = CARTESIAN_POINT ( 'NONE',  ( 0.06264114941559886800, 0.2925000000000000400, 0.003861384875495030000 ) ) ;
#2816 = CARTESIAN_POINT ( 'NONE',  ( 0.06193346185006246700, 0.3268587411213692600, 0.04691740324638499900 ) ) ;
#2817 = CARTESIAN_POINT ( 'NONE',  ( -0.06421491957663405500, 0.5644476645511570200, 0.04921259842499999700 ) ) ;
#2818 = ORIENTED_EDGE ( 'NONE', *, *, #1662, .T. ) ;
#2819 = ORIENTED_EDGE ( 'NONE', *, *, #1737, .F. ) ;
#2820 = DIRECTION ( 'NONE',  ( 0.3527677061391039100, -0.8920709030466021900, -0.2824260070230333900 ) ) ;
#2821 = ORIENTED_EDGE ( 'NONE', *, *, #3395, .F. ) ;
#2822 = CARTESIAN_POINT ( 'NONE',  ( 0.1376590590653293800, 0.2924999997608842600, 0.003735716027997855400 ) ) ;
#2823 = ADVANCED_FACE ( 'NONE', ( #3239 ), #312, .T. ) ;
#2824 = CARTESIAN_POINT ( 'NONE',  ( 0.1158698075674528100, 0.2675000000000000200, 0.02010875653271657100 ) ) ;
#2825 = CARTESIAN_POINT ( 'NONE',  ( 0.06489397287439309400, 0.2856032512291015700, -0.001608161553371201000 ) ) ;
#2826 = CARTESIAN_POINT ( 'NONE',  ( -0.04999999999999996800, 0.3138270736567614300, -0.01950000000000000000 ) ) ;
#2827 = DIRECTION ( 'NONE',  ( 0.0000000000000000000, 1.000000000000000000, -1.757758745426902700E-022 ) ) ;
#2828 = ORIENTED_EDGE ( 'NONE', *, *, #1812, .T. ) ;
#2829 = VECTOR ( 'NONE', #3236, 39.37007874015748100 ) ;
#2830 = CIRCLE ( 'NONE', #1673, 0.01000000000000000400 ) ;
#2831 = CARTESIAN_POINT ( 'NONE',  ( -0.08656528042753279500, 0.2675000000000000200, -0.009691314848711220600 ) ) ;
#2832 = CARTESIAN_POINT ( 'NONE',  ( 0.08949101495218184100, 0.5411746260888346000, -0.05249062211793062400 ) ) ;
#2833 = CARTESIAN_POINT ( 'NONE',  ( 0.1384531981626644100, 0.3185364642836278100, 0.04341366830000939500 ) ) ;
#2834 = FACE_OUTER_BOUND ( 'NONE', #305, .T. ) ;
#2835 = CARTESIAN_POINT ( 'NONE',  ( 0.08656528095497098600, 0.2675000000000000200, 0.009691314304690527500 ) ) ;
#2836 = CARTESIAN_POINT ( 'NONE',  ( -0.1396663950119792800, 0.2934740826546749500, -0.01047379417316457500 ) ) ;
#2837 = CARTESIAN_POINT ( 'NONE',  ( -0.1121993653394123700, 0.3660185381725235000, -0.05921259842499999200 ) ) ;
#2838 = CIRCLE ( 'NONE', #241, 0.04050000000000000100 ) ;
#2839 = EDGE_CURVE ( 'NONE', #2875, #3388, #143, .T. ) ;
#2840 = ADVANCED_FACE ( 'NONE', ( #2676 ), #2086, .F. ) ;
#2841 = CARTESIAN_POINT ( 'NONE',  ( -0.1262568517412454000, 0.3417125999999999800, -0.04921259842499999700 ) ) ;
#2842 = CARTESIAN_POINT ( 'NONE',  ( -0.08312690291287637400, 0.2674999999999999600, 0.01473457476299438000 ) ) ;
#2843 = CARTESIAN_POINT ( 'NONE',  ( 0.08315233891691835300, 0.2954570861521595400, -0.01777238155681285300 ) ) ;
#2844 = DIRECTION ( 'NONE',  ( 0.9224407812814221500, 0.0000000000000000000, -0.3861385826732670100 ) ) ;
#2845 = CYLINDRICAL_SURFACE ( 'NONE', #1895, 0.04921260000000000200 ) ;
#2846 = PLANE ( 'NONE',  #793 ) ;
#2847 = CARTESIAN_POINT ( 'NONE',  ( 0.07575219349805811800, 0.2674999999999999600, -0.008242526908473135300 ) ) ;
#2848 = VECTOR ( 'NONE', #2214, 39.37007874015748100 ) ;
#2849 = CARTESIAN_POINT ( 'NONE',  ( 0.1480052994877854000, 0.3023038750311627400, 0.02982078853600781200 ) ) ;
#2850 = ORIENTED_EDGE ( 'NONE', *, *, #509, .T. ) ;
#2851 = CARTESIAN_POINT ( 'NONE',  ( -0.05197973738146007000, 0.3022774352694884700, -0.02978739490832455600 ) ) ;
#2852 = CARTESIAN_POINT ( 'NONE',  ( -0.09241188336290109800, 0.2675000000000000200, 0.01927125883990244900 ) ) ;
#2853 = EDGE_LOOP ( 'NONE', ( #2115, #2859, #1645 ) ) ;
#2854 = CARTESIAN_POINT ( 'NONE',  ( 0.09125703432559172100, 0.2965738741731635500, -0.02040861307617444400 ) ) ;
#2855 = AXIS2_PLACEMENT_3D ( 'NONE', #2294, #1211, #3315 ) ;
#2856 = ADVANCED_FACE ( 'NONE', ( #1504 ), #1871, .F. ) ;
#2857 = ORIENTED_EDGE ( 'NONE', *, *, #1238, .T. ) ;
#2858 = CARTESIAN_POINT ( 'NONE',  ( 0.1402970226235558900, 0.2900635752936227600, 0.02548055089885214000 ) ) ;
#2859 = ORIENTED_EDGE ( 'NONE', *, *, #778, .T. ) ;
#2860 = EDGE_CURVE ( 'NONE', #452, #1233, #3408, .T. ) ;
#2861 = CARTESIAN_POINT ( 'NONE',  ( 0.1757874000000000100, 0.3417125999999999800, -1.575000007109739800E-009 ) ) ;
#2862 = CARTESIAN_POINT ( 'NONE',  ( -0.08394510061484343500, 0.5512428198679142400, 0.04921259842500001800 ) ) ;
#2863 = CARTESIAN_POINT ( 'NONE',  ( -0.1390420182623493000, 0.2924999999999994300, -0.03026897441738919700 ) ) ;
#2864 = CARTESIAN_POINT ( 'NONE',  ( 0.1000000000000000700, 0.0000000000000000000, 0.01950000000000000000 ) ) ;
#2865 = DIRECTION ( 'NONE',  ( 1.000000000000000000, -3.076405398270569000E-016, 0.0000000000000000000 ) ) ;
#2866 = VERTEX_POINT ( 'NONE', #537 ) ;
#2867 = ORIENTED_EDGE ( 'NONE', *, *, #2265, .T. ) ;
#2868 = EDGE_CURVE ( 'NONE', #1032, #251, #2711, .T. ) ;
#2869 = CARTESIAN_POINT ( 'NONE',  ( -0.1384531981626644100, 0.3185364642836278100, -0.04341366830000939500 ) ) ;
#2870 = CARTESIAN_POINT ( 'NONE',  ( 0.06630187986659125100, 0.2833731850798246200, -0.003314399403038613300 ) ) ;
#2871 = CARTESIAN_POINT ( 'NONE',  ( 0.1408166885718041300, 0.2871625232107203300, 0.01729339782275880400 ) ) ;
#2872 = CARTESIAN_POINT ( 'NONE',  ( 0.1328323230963140400, 0.2674999999999999600, 0.005756213130103273200 ) ) ;
#2873 = CARTESIAN_POINT ( 'NONE',  ( -0.1000000000000000500, -0.2688397459621558200, -0.009499999999999996300 ) ) ;
#2874 = AXIS2_PLACEMENT_3D ( 'NONE', #3263, #3282, #2191 ) ;
#2875 = VERTEX_POINT ( 'NONE', #1827 ) ;
#2876 = CARTESIAN_POINT ( 'NONE',  ( 0.1396663945160335500, 0.2934740821569631300, 0.01047379204988044100 ) ) ;
#2877 = EDGE_CURVE ( 'NONE', #415, #521, #2262, .T. ) ;
#2878 = FACE_BOUND ( 'NONE', #1684, .T. ) ;
#2879 = ADVANCED_FACE ( 'NONE', ( #1215 ), #60, .F. ) ;
#2880 = CARTESIAN_POINT ( 'NONE',  ( -0.2249999999999999500, 0.6932873999999998900, 1.575000007109739800E-009 ) ) ;
#2881 = DIRECTION ( 'NONE',  ( -0.9801980198019798500, 0.1980198019801998300, 0.0000000000000000000 ) ) ;
#2882 = CIRCLE ( 'NONE', #2791, 0.03250000000000010500 ) ;
#2883 = CIRCLE ( 'NONE', #1084, 0.02499999999999999400 ) ;
#2884 = CARTESIAN_POINT ( 'NONE',  ( 0.09307540171423293900, 0.5232025146271680500, -0.05134871754876253100 ) ) ;
#2885 = DIRECTION ( 'NONE',  ( 0.0000000000000000000, 1.000000000000000000, 0.0000000000000000000 ) ) ;
#2886 = EDGE_CURVE ( 'NONE', #2771, #1850, #1921, .T. ) ;
#2887 = DIRECTION ( 'NONE',  ( 0.9801980198019805100, 0.1980198019801974700, 0.0000000000000000000 ) ) ;
#2888 = DIRECTION ( 'NONE',  ( 0.0000000000000000000, 1.000000000000000000, 0.0000000000000000000 ) ) ;
#2889 = CARTESIAN_POINT ( 'NONE',  ( 0.1338708453802426000, 0.3059379268980257900, 0.04189679293038057300 ) ) ;
#2890 = DIRECTION ( 'NONE',  ( 0.0000000000000000000, 0.0000000000000000000, 1.000000000000000000 ) ) ;
#2891 = AXIS2_PLACEMENT_3D ( 'NONE', #2411, #1115, #1364 ) ;
#2892 = CIRCLE ( 'NONE', #436, 0.04049999999999999400 ) ;
#2893 = CARTESIAN_POINT ( 'NONE',  ( -0.1003659773112976100, 0.5341455845650240300, 0.04921259842499999700 ) ) ;
#2894 = ORIENTED_EDGE ( 'NONE', *, *, #591, .F. ) ;
#2895 = CARTESIAN_POINT ( 'NONE',  ( 0.1317956050623573200, 0.2675000000000000200, 0.003279652942112544700 ) ) ;
#2896 = ORIENTED_EDGE ( 'NONE', *, *, #1980, .T. ) ;
#2897 = CARTESIAN_POINT ( 'NONE',  ( -0.1062525882595264400, 0.2675000000000000700, -0.004881936937815845700 ) ) ;
#2898 = VERTEX_POINT ( 'NONE', #35 ) ;
#2899 = DIRECTION ( 'NONE',  ( -1.000000000000000000, 0.0000000000000000000, -0.0000000000000000000 ) ) ;
#2900 = ORIENTED_EDGE ( 'NONE', *, *, #535, .T. ) ;
#2901 = AXIS2_PLACEMENT_3D ( 'NONE', #1450, #3298, #472 ) ;
#2902 = EDGE_LOOP ( 'NONE', ( #2620, #3111, #2982, #1385, #1563, #1486 ) ) ;
#2903 = MECHANICAL_DESIGN_GEOMETRIC_PRESENTATION_REPRESENTATION (  '', ( #3202 ), #1086 ) ;
#2904 = CARTESIAN_POINT ( 'NONE',  ( -0.09532038673801543300, 0.5216474607752701300, 0.04921259842500400700 ) ) ;
#2906 = ORIENTED_EDGE ( 'NONE', *, *, #2523, .T. ) ;
#2905 = CARTESIAN_POINT ( 'NONE',  ( 0.1364970041532880800, 0.2853571777359391000, 0.0007229677651219984500 ) ) ;
#2907 = CARTESIAN_POINT ( 'NONE',  ( 0.1238648254278056600, 0.3307303231839646700, 0.05088211201321073100 ) ) ;
#2908 = CARTESIAN_POINT ( 'NONE',  ( -0.06145465019048107500, 0.2675000000000000200, -0.02775122930402205300 ) ) ;
#2909 = ADVANCED_FACE ( 'NONE', ( #668 ), #2136, .T. ) ;
#2910 = CARTESIAN_POINT ( 'NONE',  ( -0.07214424780626921300, 0.5371791111376204000, 0.04000000000000000100 ) ) ;
#2911 = VERTEX_POINT ( 'NONE', #809 ) ;
#2912 = CIRCLE ( 'NONE', #82, 0.005000000000000049500 ) ;
#2913 = EDGE_CURVE ( 'NONE', #1232, #1348, #2838, .T. ) ;
#2914 = SURFACE_SIDE_STYLE ('',( #384 ) ) ;
#2915 = TOROIDAL_SURFACE ( 'NONE', #13, 0.03361111111111105700, 0.01000000000000000200 ) ;
#2916 = CARTESIAN_POINT ( 'NONE',  ( 0.08207577169572270700, 0.2896622610697016700, -0.01705555436350450800 ) ) ;
#2917 = FACE_OUTER_BOUND ( 'NONE', #2657, .T. ) ;
#2918 = EDGE_CURVE ( 'NONE', #1874, #2939, #388, .T. ) ;
#2919 = CARTESIAN_POINT ( 'NONE',  ( -0.08195544554455440300, 0.02205445544554463600, -0.01950000000000000000 ) ) ;
#2920 = CARTESIAN_POINT ( 'NONE',  ( 0.1323229401366453300, 0.3097547641099621100, 0.04400959505301316200 ) ) ;
#2921 = EDGE_CURVE ( 'NONE', #529, #1166, #515, .T. ) ;
#2922 = AXIS2_PLACEMENT_3D ( 'NONE', #3077, #2488, #106 ) ;
#2923 = PRESENTATION_LAYER_ASSIGNMENT (  '', '', ( #1024 ) ) ;
#2924 = LINE ( 'NONE', #3176, #2346 ) ;
#2925 = CARTESIAN_POINT ( 'NONE',  ( -0.1308885596092726800, 0.2865343593312886200, 0.007229648798105760300 ) ) ;
#2926 = CARTESIAN_POINT ( 'NONE',  ( -0.09415103589665221900, 0.5302909084526938900, 0.05167473207741914800 ) ) ;
#2927 = EDGE_LOOP ( 'NONE', ( #1860, #769, #1321, #1676 ) ) ;
#2928 = EDGE_LOOP ( 'NONE', ( #1276, #2691, #3098, #2277 ) ) ;
#2929 = CARTESIAN_POINT ( 'NONE',  ( 0.1757874000000000100, 0.6932873999999998900, -1.575000007109739800E-009 ) ) ;
#2930 = FACE_OUTER_BOUND ( 'NONE', #2779, .T. ) ;
#2931 = CARTESIAN_POINT ( 'NONE',  ( 0.08829383682263618200, 0.2674999999999999600, 0.008070539583682945600 ) ) ;
#2932 = ORIENTED_EDGE ( 'NONE', *, *, #7, .F. ) ;
#2933 = ORIENTED_EDGE ( 'NONE', *, *, #1444, .T. ) ;
#2934 = SURFACE_STYLE_USAGE ( .BOTH. , #2914 ) ;
#2935 = CARTESIAN_POINT ( 'NONE',  ( -0.1121993653394124100, 0.3660185381725233300, -0.05921259842499999200 ) ) ;
#2936 = ORIENTED_EDGE ( 'NONE', *, *, #1205, .T. ) ;
#2937 = CARTESIAN_POINT ( 'NONE',  ( 0.1204552551696419200, 0.3395910781913205100, 0.05134871754876237100 ) ) ;
#2938 = ORIENTED_EDGE ( 'NONE', *, *, #1446, .T. ) ;
#2939 = VERTEX_POINT ( 'NONE', #3194 ) ;
#2940 = ORIENTED_EDGE ( 'NONE', *, *, #352, .T. ) ;
#2941 = DIRECTION ( 'NONE',  ( 0.0000000000000000000, 1.000000000000000000, 0.0000000000000000000 ) ) ;
#2942 = CARTESIAN_POINT ( 'NONE',  ( -0.08381312822859166000, 0.2675000000000000200, -0.01469627762297506500 ) ) ;
#2943 = CARTESIAN_POINT ( 'NONE',  ( -0.05990693389372531800, 0.2831929764878320400, -0.01235213635897594600 ) ) ;
#2944 = CARTESIAN_POINT ( 'NONE',  ( -0.1395893810152578600, 0.2853571430866286800, -0.008110327624147331500 ) ) ;
#2945 = ORIENTED_EDGE ( 'NONE', *, *, #2035, .F. ) ;
#2946 = CARTESIAN_POINT ( 'NONE',  ( -0.07997524752475240800, 0.09774752475247512600, -0.01950000000000000000 ) ) ;
#2947 = CIRCLE ( 'NONE', #1908, 0.01000000000000000400 ) ;
#2948 = CARTESIAN_POINT ( 'NONE',  ( 0.1336088828092966400, 0.3168231717907125700, 0.04249903704556891300 ) ) ;
#2949 = DIRECTION ( 'NONE',  ( -9.355643813918709500E-017, -1.000000000000000000, 0.0000000000000000000 ) ) ;
#2950 = CARTESIAN_POINT ( 'NONE',  ( 0.08505799301070185400, 0.2675000000000000200, 0.02362145934492813600 ) ) ;
#2951 = CARTESIAN_POINT ( 'NONE',  ( -0.2460702374022417100, 0.2064774454479271800, -0.04921259842499999700 ) ) ;
#2952 = FACE_OUTER_BOUND ( 'NONE', #3141, .T. ) ;
#2953 = CIRCLE ( 'NONE', #2279, 0.01000000000000000400 ) ;
#2954 = TOROIDAL_SURFACE ( 'NONE', #2785, 0.03361111111111107800, 0.01000000000000000200 ) ;
#2955 = DIRECTION ( 'NONE',  ( 6.123233995736803000E-017, 0.8660254037844368200, -0.5000000000000030000 ) ) ;
#2956 = CARTESIAN_POINT ( 'NONE',  ( 0.1408300079419647100, 0.2885422581332490200, 0.02186060062391316200 ) ) ;
#2957 = CIRCLE ( 'NONE', #3246, 0.02500000000000000100 ) ;
#2958 = TOROIDAL_SURFACE ( 'NONE', #1297, 0.02250000000000010000, 0.01000000000000000200 ) ;
#2959 = DIRECTION ( 'NONE',  ( 0.0000000000000000000, 1.000000000000000000, 0.0000000000000000000 ) ) ;
#2960 = DIRECTION ( 'NONE',  ( 0.0000000000000000000, 0.0000000000000000000, 1.000000000000000000 ) ) ;
#2961 = CARTESIAN_POINT ( 'NONE',  ( 0.05918617764632088500, 0.2871579740464700900, 0.01727110081317666600 ) ) ;
#2962 = APPLICATION_PROTOCOL_DEFINITION ( 'draft international standard', 'automotive_design', 1998, #2975 ) ;
#2963 = AXIS2_PLACEMENT_3D ( 'NONE', #2594, #2606, #680 ) ;
#2964 = CARTESIAN_POINT ( 'NONE',  ( 0.1121993653394123500, 0.3660185381725235000, 0.04921259842499999700 ) ) ;
#2965 = AXIS2_PLACEMENT_3D ( 'NONE', #1900, #2438, #1924 ) ;
#2966 = EDGE_LOOP ( 'NONE', ( #250, #1824, #2437, #2559 ) ) ;
#2967 = CARTESIAN_POINT ( 'NONE',  ( -0.1077970782685378400, 0.2912864411188420000, 0.02041835234970610900 ) ) ;
#2968 = EDGE_LOOP ( 'NONE', ( #2380, #3223, #167, #2487, #2153 ) ) ;
#2969 = CARTESIAN_POINT ( 'NONE',  ( -0.1446288787775092700, 0.2924999999999999800, 0.003880308812483492200 ) ) ;
#2970 = CARTESIAN_POINT ( 'NONE',  ( -0.07057429966382133800, 0.5560835254371002700, 0.05231270117655078400 ) ) ;
#2971 = CARTESIAN_POINT ( 'NONE',  ( 0.08413187153394298400, 0.2675000000000000200, 0.02011753246690346800 ) ) ;
#2972 = VERTEX_POINT ( 'NONE', #2708 ) ;
#2973 = B_SPLINE_CURVE_WITH_KNOTS ( 'NONE', 3,
 ( #1683, #2186, #2734, #95, #54, #583 ),
 .UNSPECIFIED., .F., .F.,
 ( 4, 2, 4 ),
 ( 4.065758146820641600E-020, 0.0003635559297172131000, 0.0007271118594344260900 ),
 .UNSPECIFIED. ) ;
#2974 = DIRECTION ( 'NONE',  ( -1.000000000000000000, 0.0000000000000000000, 0.0000000000000000000 ) ) ;
#2975 = APPLICATION_CONTEXT ( 'automotive_design' ) ;
#2976 = CARTESIAN_POINT ( 'NONE',  ( 0.07749999999999997200, 0.0000000000000000000, 0.01950000000000000000 ) ) ;
#2977 = CARTESIAN_POINT ( 'NONE',  ( 0.06950760109285640500, 0.5564777655770002400, -0.05223528754011475700 ) ) ;
#2978 = CARTESIAN_POINT ( 'NONE',  ( 0.09999999999999997800, 0.3138270736567614900, 0.01950000000000000000 ) ) ;
#2979 = UNCERTAINTY_MEASURE_WITH_UNIT (LENGTH_MEASURE( 1.000000000000000100E-005 ), #806, 'distance_accuracy_value', 'NONE');
#2980 = EDGE_CURVE ( 'NONE', #415, #2972, #1466, .T. ) ;
#2981 = EDGE_LOOP ( 'NONE', ( #2187, #567, #823, #3337 ) ) ;
#2982 = ORIENTED_EDGE ( 'NONE', *, *, #2913, .T. ) ;
#2983 = CARTESIAN_POINT ( 'NONE',  ( 0.05114879009824155300, 0.3417125999999999800, 0.04921259842499999700 ) ) ;
#2984 = EDGE_LOOP ( 'NONE', ( #2532, #422, #1521 ) ) ;
#2985 = AXIS2_PLACEMENT_3D ( 'NONE', #3196, #2164, #3219 ) ;
#2986 = EDGE_CURVE ( 'NONE', #1233, #1042, #1410, .T. ) ;
#2987 = CARTESIAN_POINT ( 'NONE',  ( 0.06095798173765376600, 0.2925000000000168000, 0.03026897441741616500 ) ) ;
#2988 = EDGE_LOOP ( 'NONE', ( #1289, #325, #3290, #1157 ) ) ;
#2989 = AXIS2_PLACEMENT_3D ( 'NONE', #721, #3348, #650 ) ;
#2990 = VERTEX_POINT ( 'NONE', #2482 ) ;
#2991 = DIRECTION ( 'NONE',  ( 0.0000000000000000000, 0.0000000000000000000, 1.000000000000000000 ) ) ;
#2992 = CARTESIAN_POINT ( 'NONE',  ( 0.05297921218381906900, 0.5532604854599277900, -0.05134871754877287600 ) ) ;
#2993 = CARTESIAN_POINT ( 'NONE',  ( -0.06291036633658270100, 0.3210301351887787600, -0.04474490004098264500 ) ) ;
#2994 = CARTESIAN_POINT ( 'NONE',  ( -0.04999999999999996800, 0.3138270736567614300, -0.04921259842499999700 ) ) ;
#2995 = FACE_OUTER_BOUND ( 'NONE', #317, .T. ) ;
#2996 = DIRECTION ( 'NONE',  ( 0.0000000000000000000, -0.4709390626866327700, -0.8821657436308869600 ) ) ;
#2997 = CARTESIAN_POINT ( 'NONE',  ( -0.1320755997503709200, 0.2952721699028086300, 0.01646597410502721700 ) ) ;
#2998 = DIRECTION ( 'NONE',  ( -9.355643813918710700E-017, -1.000000000000000000, 0.0000000000000000000 ) ) ;
#2999 =( BOUNDED_SURFACE ( )  B_SPLINE_SURFACE ( 3, 2, ( 
 ( #921, #3037, #1491 ),
 ( #1441, #3334, #1975 ),
 ( #390, #138, #404 ),
 ( #2247, #2519, #659 ),
 ( #2778, #1187, #1452 ),
 ( #3301, #1718, #2533 ),
 ( #948, #752, #2616 ),
 ( #1030, #2876, #444 ),
 ( #473, #741, #1761 ),
 ( #707, #2306, #3356 ) ),
 .UNSPECIFIED., .F., .F., .T. ) 
 B_SPLINE_SURFACE_WITH_KNOTS ( ( 4, 2, 2, 2, 4 ),
 ( 3, 3 ),
 ( 0.0000000000000000000, 0.0004191106895618612100, 0.0008382213791237224300, 0.001257332068685583600, 0.001676442758247444900 ),
 ( 0.0000000000000000000, 1.000000000000000000 ),
 .UNSPECIFIED. ) 
 GEOMETRIC_REPRESENTATION_ITEM ( )  RATIONAL_B_SPLINE_SURFACE ( (
 ( 1.000000000000000000, 0.8865216429828518500, 1.000000000000000000),
 ( 1.000000000000000000, 0.8670276835173615900, 1.000000000000000000),
 ( 1.000000000000000000, 0.8442220299397392700, 1.000000000000000000),
 ( 1.000000000000000000, 0.7958188498343273800, 1.000000000000000000),
 ( 1.000000000000000000, 0.7700967341331441700, 1.000000000000000000),
 ( 1.000000000000000000, 0.7262274026556685400, 1.000000000000000000),
 ( 1.000000000000000000, 0.7081844938026141700, 1.000000000000000000),
 ( 1.000000000000000000, 0.6924716134126055500, 1.000000000000000000),
 ( 1.000000000000000000, 0.6949991231745547000, 1.000000000000000000),
 ( 1.000000000000000000, 0.7071067811865487900, 1.000000000000000000) ) ) 
 REPRESENTATION_ITEM ( '' )  SURFACE ( )  );
#3000 = ADVANCED_FACE ( 'NONE', ( #1880 ), #2170, .T. ) ;
#3001 = B_SPLINE_CURVE_WITH_KNOTS ( 'NONE', 3,
 ( #3357, #2617, #1280, #2043, #2849, #1006, #2597, #219, #1811, #3139 ),
 .UNSPECIFIED., .F., .F.,
 ( 4, 2, 2, 2, 4 ),
 ( 0.0000000000000000000, 0.0003536730560951490700, 0.0007073461121902981500, 0.001061019168285447300, 0.001414692224380596300 ),
 .UNSPECIFIED. ) ;
#3002 = CARTESIAN_POINT ( 'NONE',  ( -0.06264114837120923800, 0.2925000002471596600, -0.003861387370422008600 ) ) ;
#3003 = CARTESIAN_POINT ( 'NONE',  ( -0.06421491999897786800, 0.5644476660585817700, 0.04921259842500000400 ) ) ;
#3004 = FACE_OUTER_BOUND ( 'NONE', #2414, .T. ) ;
#3005 = CARTESIAN_POINT ( 'NONE',  ( -0.08365364407523485900, 0.2674999999999999600, -0.01653431779388375000 ) ) ;
#3006 = DIRECTION ( 'NONE',  ( 0.0000000000000000000, 0.0000000000000000000, 1.000000000000000000 ) ) ;
#3007 = CARTESIAN_POINT ( 'NONE',  ( -0.09999999999999997800, 0.2925000000000000400, -0.01950000000000000000 ) ) ;
#3008 = DIRECTION ( 'NONE',  ( 0.0000000000000000000, 0.0000000000000000000, 1.000000000000000000 ) ) ;
#3009 = ORIENTED_EDGE ( 'NONE', *, *, #2094, .F. ) ;
#3010 = DIRECTION ( 'NONE',  ( 0.0000000000000000000, 1.000000000000000000, 0.0000000000000000000 ) ) ;
#3011 = EDGE_LOOP ( 'NONE', ( #3424, #1273, #819, #2028 ) ) ;
#3012 = DIRECTION ( 'NONE',  ( -0.7660444431189785700, -0.6427876096865385900, 0.0000000000000000000 ) ) ;
#3013 = CARTESIAN_POINT ( 'NONE',  ( 0.04824710462272937400, 0.5572311951691343300, -0.04921259842499999700 ) ) ;
#3014 = CIRCLE ( 'NONE', #2855, 0.01000000000000000200 ) ;
#3015 = CARTESIAN_POINT ( 'NONE',  ( -0.08695455504596080700, 0.5548293479979469200, 0.05921259842499999200 ) ) ;
#3016 = ORIENTED_EDGE ( 'NONE', *, *, #657, .T. ) ;
#3017 = CARTESIAN_POINT ( 'NONE',  ( -0.1000000000000000500, 0.1099999999999999900, -0.01950000000000000000 ) ) ;
#3018 = CARTESIAN_POINT ( 'NONE',  ( 0.08121056079953176100, 0.2982609835105650700, -0.02356950014470420400 ) ) ;
#3019 = ORIENTED_EDGE ( 'NONE', *, *, #2886, .F. ) ;
#3020 = CARTESIAN_POINT ( 'NONE',  ( -0.1003659785007973000, 0.5341455850294931600, 0.04921259842499999700 ) ) ;
#3021 = CARTESIAN_POINT ( 'NONE',  ( 0.2250000000000000300, 0.3417125999999999800, -1.575000007109739800E-009 ) ) ;
#3022 = B_SPLINE_CURVE_WITH_KNOTS ( 'NONE', 3,
 ( #999, #3092, #176, #3342, #2324, #2038, #450, #2603, #700, #2832, #1505, #1012, #2108, #505, #2884, #265 ),
 .UNSPECIFIED., .F., .F.,
 ( 4, 2, 2, 2, 2, 2, 2, 4 ),
 ( 2.168404344971008900E-019, 0.0002093233142235846800, 0.0004186466284471691400, 0.0008372932568943366600, 0.001046616571117920100, 0.001255939885341503400, 0.001465263199565086700, 0.001674586513788670100 ),
 .UNSPECIFIED. ) ;
#3023 = DIRECTION ( 'NONE',  ( -1.000000000000000000, -0.0000000000000000000, 0.0000000000000000000 ) ) ;
#3024 = VERTEX_POINT ( 'NONE', #1953 ) ;
#3025 = ORIENTED_EDGE ( 'NONE', *, *, #740, .F. ) ;
#3026 = DIRECTION ( 'NONE',  ( 1.000000000000000000, 0.0000000000000000000, -0.0000000000000000000 ) ) ;
#3027 = VERTEX_POINT ( 'NONE', #913 ) ;
#3028 = FILL_AREA_STYLE_COLOUR ( '', #196 ) ;
#3029 = CARTESIAN_POINT ( 'NONE',  ( 0.06291036633658271500, 0.3210301351887787600, 0.04474490004098265200 ) ) ;
#3030 = CARTESIAN_POINT ( 'NONE',  ( -0.09605527640766300900, 0.2914948218603897200, 0.02100797643257469200 ) ) ;
#3031 = CARTESIAN_POINT ( 'NONE',  ( -0.08435634505225814200, 0.2675000000000000200, -0.01295148307142667200 ) ) ;
#3032 = ADVANCED_FACE ( 'NONE', ( #18 ), #1415, .T. ) ;
#3033 = CARTESIAN_POINT ( 'NONE',  ( 0.09981810402800693500, 0.5233315846769388500, -0.04921259842499999700 ) ) ;
#3034 = CIRCLE ( 'NONE', #871, 0.08119550490591051500 ) ;
#3035 = AXIS2_PLACEMENT_3D ( 'NONE', #3083, #3330, #690 ) ;
#3036 = PLANE ( 'NONE',  #1022 ) ;
#3037 = CARTESIAN_POINT ( 'NONE',  ( 0.1336088828092966400, 0.3168231717907125700, 0.04249903704556889900 ) ) ;
#3038 = FACE_OUTER_BOUND ( 'NONE', #1400, .T. ) ;
#3039 = EDGE_CURVE ( 'NONE', #824, #972, #2883, .T. ) ;
#3040 =( BOUNDED_SURFACE ( )  B_SPLINE_SURFACE ( 3, 2, ( 
 ( #195, #1251, #2801 ),
 ( #1263, #1708, #2197 ),
 ( #3033, #84, #1693 ),
 ( #374, #3407, #3370 ),
 ( #158, #1835, #1171 ),
 ( #2098, #1674, #874 ),
 ( #2723, #1124, #1136 ),
 ( #1626, #1116, #3222 ),
 ( #53, #1366, #327 ),
 ( #3254, #1920, #86 ),
 ( #2194, #615, #1937 ),
 ( #348, #2207, #2476 ),
 ( #1891, #77, #2977 ),
 ( #1378, #2184, #602 ),
 ( #892, #2714, #1635 ),
 ( #2746, #852, #1903 ),
 ( #1158, #582, #39 ),
 ( #3013, #1412, #2992 ) ),
 .UNSPECIFIED., .F., .F., .F. ) 
 B_SPLINE_SURFACE_WITH_KNOTS ( ( 4, 2, 2, 2, 2, 2, 2, 2, 4 ),
 ( 3, 3 ),
 ( 3.523657060577889400E-019, 0.0002725521162791051200, 0.0005451042325582099200, 0.0008176563488373146600, 0.001090208465116419400, 0.001362760581395524100, 0.001635312697674628900, 0.001907864813953733600, 0.002180416930232838400 ),
 ( 0.0000000000000000000, 1.000000000000000000 ),
 .UNSPECIFIED. ) 
 GEOMETRIC_REPRESENTATION_ITEM ( )  RATIONAL_B_SPLINE_SURFACE ( (
 ( 1.000000000000000000, 0.9450894369380507000, 1.000000000000000000),
 ( 1.000000000000000000, 0.9451245884514537500, 1.000000000000000000),
 ( 1.000000000000000000, 0.9431888751673187500, 1.000000000000000000),
 ( 1.000000000000000000, 0.9364864093768647800, 1.000000000000000000),
 ( 1.000000000000000000, 0.9316279403338141300, 1.000000000000000000),
 ( 1.000000000000000000, 0.9213502559662030100, 1.000000000000000000),
 ( 1.000000000000000000, 0.9160155470446671400, 1.000000000000000000),
 ( 1.000000000000000000, 0.9080662465205846500, 1.000000000000000000),
 ( 1.000000000000000000, 0.9056585722805471400, 1.000000000000000000),
 ( 1.000000000000000000, 0.9056503288060985300, 1.000000000000000000),
 ( 1.000000000000000000, 0.9081132544341422600, 1.000000000000000000),
 ( 1.000000000000000000, 0.9159590551719568600, 1.000000000000000000),
 ( 1.000000000000000000, 0.9213531811209912900, 1.000000000000000000),
 ( 1.000000000000000000, 0.9315805915591280900, 1.000000000000000000),
 ( 1.000000000000000000, 0.9364294469188959600, 1.000000000000000000),
 ( 1.000000000000000000, 0.9431832172945188200, 1.000000000000000000),
 ( 1.000000000000000000, 0.9451098897925760400, 1.000000000000000000),
 ( 1.000000000000000000, 0.9450894369377725900, 1.000000000000000000) ) ) 
 REPRESENTATION_ITEM ( '' )  SURFACE ( )  );
#3041 = FACE_OUTER_BOUND ( 'NONE', #1347, .T. ) ;
#3042 = CARTESIAN_POINT ( 'NONE',  ( 0.09130928342865085600, 0.5210977368153805200, -0.05134871754876239200 ) ) ;
#3043 = CARTESIAN_POINT ( 'NONE',  ( 0.09999999999999997800, 0.2675000000000000200, 0.03499999999999999600 ) ) ;
#3044 = DIRECTION ( 'NONE',  ( 0.0000000000000000000, 0.0000000000000000000, 1.000000000000000000 ) ) ;
#3045 = LINE ( 'NONE', #1978, #513 ) ;
#3046 = EDGE_CURVE ( 'NONE', #998, #30, #1025, .T. ) ;
#3047 = B_SPLINE_CURVE_WITH_KNOTS ( 'NONE', 3,
 ( #870, #846, #2410, #2710, #558, #2182, #1632, #1901, #2173, #1091, #569, #1383, #1377, #2430, #1338, #1643, #2151, #1608 ),
 .UNSPECIFIED., .F., .F.,
 ( 4, 2, 2, 2, 2, 2, 2, 2, 4 ),
 ( 0.0000000000000000000, 0.0002725521162791048500, 0.0005451042325582097000, 0.0008176563488373145500, 0.001090208465116419400, 0.001362760581395524400, 0.001635312697674629100, 0.001907864813953733800, 0.002180416930232838800 ),
 .UNSPECIFIED. ) ;
#3048 = FACE_OUTER_BOUND ( 'NONE', #2478, .T. ) ;
#3049 = CARTESIAN_POINT ( 'NONE',  ( -0.06639111719070327200, 0.3168231717907127300, -0.04249903704556892000 ) ) ;
#3050 = CARTESIAN_POINT ( 'NONE',  ( -0.08148701327821658600, 0.5594171594552079800, 0.04921259842499999700 ) ) ;
#3051 = CARTESIAN_POINT ( 'NONE',  ( -0.1328323242442664400, 0.2675000000000000200, -0.005756215874377385900 ) ) ;
#3052 = ADVANCED_FACE ( 'NONE', ( #3201 ), #1652, .F. ) ;
#3053 = EDGE_CURVE ( 'NONE', #2518, #372, #2730, .T. ) ;
#3054 = CARTESIAN_POINT ( 'NONE',  ( -0.06916129652301167300, 0.3138270736567614900, -0.04575308301625524000 ) ) ;
#3055 =( CONVERSION_BASED_UNIT ( 'INCH', #3197 ) LENGTH_UNIT ( ) NAMED_UNIT ( #511 ) );
#3056 = EDGE_CURVE ( 'NONE', #593, #2403, #2054, .T. ) ;
#3057 = VERTEX_POINT ( 'NONE', #3042 ) ;
#3058 = CARTESIAN_POINT ( 'NONE',  ( -0.2249999999999999500, 0.3417125999999999800, 1.575000007109739800E-009 ) ) ;
#3059 = LINE ( 'NONE', #1121, #2848 ) ;
#3060 = CARTESIAN_POINT ( 'NONE',  ( -0.05831529841944905300, 0.3389566335366083200, -0.04941712260334398700 ) ) ;
#3061 = CARTESIAN_POINT ( 'NONE',  ( -0.1047360746848903200, 0.2997810216230287200, 0.02576087482269749300 ) ) ;
#3062 = CARTESIAN_POINT ( 'NONE',  ( 0.04924851616579809000, 0.2955422668853943100, 0.01764230689793516700 ) ) ;
#3063 = ORIENTED_EDGE ( 'NONE', *, *, #1444, .F. ) ;
#3064 = CARTESIAN_POINT ( 'NONE',  ( -0.07900326707677539400, 0.5553895099610157700, 0.04921259842500464600 ) ) ;
#3065 = EDGE_CURVE ( 'NONE', #748, #2939, #2716, .T. ) ;
#3066 = CARTESIAN_POINT ( 'NONE',  ( -0.04974655564472656900, 0.2974241040269381400, -0.02192495985138110200 ) ) ;
#3067 = ORIENTED_EDGE ( 'NONE', *, *, #2804, .F. ) ;
#3068 = CARTESIAN_POINT ( 'NONE',  ( 0.1000000000000000100, 0.2925000000000000400, 0.02950000000000001900 ) ) ;
#3069 = EDGE_LOOP ( 'NONE', ( #3341, #499, #2591, #2066, #3303 ) ) ;
#3070 = ORIENTED_EDGE ( 'NONE', *, *, #217, .T. ) ;
#3071 = AXIS2_PLACEMENT_3D ( 'NONE', #1266, #2089, #2890 ) ;
#3072 = CARTESIAN_POINT ( 'NONE',  ( -0.09571890829908334700, 0.2969362293444927600, 0.02113264494608948400 ) ) ;
#3073 = ORIENTED_EDGE ( 'NONE', *, *, #2868, .T. ) ;
#3074 = ADVANCED_FACE ( 'NONE', ( #2426 ), #1333, .T. ) ;
#3075 = EDGE_LOOP ( 'NONE', ( #2288, #649, #2701, #152 ) ) ;
#3076 = CARTESIAN_POINT ( 'NONE',  ( 0.06478703882686429000, 0.3278843797802228900, 0.04724211625975566200 ) ) ;
#3077 = CARTESIAN_POINT ( 'NONE',  ( -0.1000000000000000500, 0.2925000000000000400, -0.01950000000000000000 ) ) ;
#3078 = CARTESIAN_POINT ( 'NONE',  ( -0.1000000000000000500, -0.2775000000000000200, -0.02450000000000004600 ) ) ;
#3079 = CARTESIAN_POINT ( 'NONE',  ( -0.05927285528247010200, 0.2954945895308205300, -0.01723146627069784300 ) ) ;
#3080 = VERTEX_POINT ( 'NONE', #3289 ) ;
#3081 = CARTESIAN_POINT ( 'NONE',  ( 0.1384531981626644100, 0.3185364642836278100, 0.04341366830000939500 ) ) ;
#3082 = FACE_OUTER_BOUND ( 'NONE', #284, .T. ) ;
#3083 = CARTESIAN_POINT ( 'NONE',  ( -0.04999999999999996800, 0.3138270736567614300, -0.05134871754876235700 ) ) ;
#3084 = CARTESIAN_POINT ( 'NONE',  ( 0.06715499854429732300, 0.3282218266081283800, 0.04913398601665540400 ) ) ;
#3085 = AXIS2_PLACEMENT_3D ( 'NONE', #1570, #291, #2399 ) ;
#3086 = CARTESIAN_POINT ( 'NONE',  ( 0.08435634523300854200, 0.2675000000000000200, 0.01295148263963485400 ) ) ;
#3087 = CARTESIAN_POINT ( 'NONE',  ( 0.06121085998128827900, 0.2928384853532541900, 0.007278184850474426200 ) ) ;
#3088 = LINE ( 'NONE', #146, #1411 ) ;
#3089 = ADVANCED_FACE ( 'NONE', ( #3048 ), #1300, .T. ) ;
#3090 = LINE ( 'NONE', #2008, #1139 ) ;
#3091 = DIRECTION ( 'NONE',  ( 0.9299291694725210200, 0.3677386840735512000, 0.0000000000000000000 ) ) ;
#3092 = CARTESIAN_POINT ( 'NONE',  ( 0.05474805934316456100, 0.5553685154166787500, -0.05134871754876238500 ) ) ;
#3093 = EDGE_CURVE ( 'NONE', #876, #1481, #1711, .T. ) ;
#3094 = CARTESIAN_POINT ( 'NONE',  ( 0.08507564781622180300, 0.2675000000000000200, 0.01153949572250817000 ) ) ;
#3095 = CARTESIAN_POINT ( 'NONE',  ( -0.1407292348591008500, 0.2954996635023283100, -0.01724731512905762100 ) ) ;
#3096 = ORIENTED_EDGE ( 'NONE', *, *, #3097, .F. ) ;
#3097 = EDGE_CURVE ( 'NONE', #279, #1232, #93, .T. ) ;
#3098 = ORIENTED_EDGE ( 'NONE', *, *, #661, .T. ) ;
#3099 = EDGE_CURVE ( 'NONE', #1857, #992, #3320, .T. ) ;
#3100 = AXIS2_PLACEMENT_3D ( 'NONE', #1595, #1881, #830 ) ;
#3101 = MECHANICAL_DESIGN_GEOMETRIC_PRESENTATION_REPRESENTATION (  '', ( #1024 ), #1046 ) ;
#3102 = DIRECTION ( 'NONE',  ( 0.9224407865276547100, 0.0000000000000000000, -0.3861385701406188100 ) ) ;
#3103 = ORIENTED_EDGE ( 'NONE', *, *, #2986, .T. ) ;
#3104 = CARTESIAN_POINT ( 'NONE',  ( 0.08060530170270116500, 0.2980591442976713300, -0.02276215705021632900 ) ) ;
#3105 = ADVANCED_FACE ( 'NONE', ( #3278 ), #2958, .T. ) ;
#3106 = CARTESIAN_POINT ( 'NONE',  ( 0.1364954623061328000, 0.2675000000000000700, 0.01714705889647833600 ) ) ;
#3107 = CARTESIAN_POINT ( 'NONE',  ( -0.1094541325237223300, 0.2994285907673485700, 0.02520914384468687600 ) ) ;
#3108 = VERTEX_POINT ( 'NONE', #525 ) ;
#3109 = CARTESIAN_POINT ( 'NONE',  ( 0.1000000000000000100, 0.2925000000000000400, 0.009499999999999978900 ) ) ;
#3110 = CARTESIAN_POINT ( 'NONE',  ( -0.1390747067789922000, 0.2824999998541220500, -0.007960368662099906800 ) ) ;
#3111 = ORIENTED_EDGE ( 'NONE', *, *, #2167, .T. ) ;
#3112 = ORIENTED_EDGE ( 'NONE', *, *, #966, .T. ) ;
#3113 = CARTESIAN_POINT ( 'NONE',  ( -0.1305505360748070200, 0.3237041103057011800, -0.04652752956519287000 ) ) ;
#3114 = ORIENTED_EDGE ( 'NONE', *, *, #2361, .F. ) ;
#3115 = CARTESIAN_POINT ( 'NONE',  ( -0.09618245770874860000, 0.2675000000000000200, 0.02015398759721870700 ) ) ;
#3116 = CARTESIAN_POINT ( 'NONE',  ( 0.08077954596828454400, 0.2883296224295838200, -0.01636599898561467300 ) ) ;
#3117 = CARTESIAN_POINT ( 'NONE',  ( -0.09999999999999997800, 0.2675000000000000200, -0.03499999999999999600 ) ) ;
#3119 = ORIENTED_EDGE ( 'NONE', *, *, #2159, .F. ) ;
#3118 = CARTESIAN_POINT ( 'NONE',  ( 0.09999999999999997800, 0.3138270736567614900, 0.01950000000000000000 ) ) ;
#3120 = LINE ( 'NONE', #2951, #926 ) ;
#3121 = ADVANCED_FACE ( 'NONE', ( #1959 ), #764, .T. ) ;
#3122 = CARTESIAN_POINT ( 'NONE',  ( -0.04924436315292967500, 0.2955700650167095200, -0.01773197900692221100 ) ) ;
#3123 = CYLINDRICAL_SURFACE ( 'NONE', #3168, 0.04049999999999999400 ) ;
#3124 = CARTESIAN_POINT ( 'NONE',  ( 0.09000000000000005200, 0.1099999999999999900, 0.01950000000000000000 ) ) ;
#3125 = CARTESIAN_POINT ( 'NONE',  ( -0.07575219253408671500, 0.2675000000000000700, 0.008242525865520222000 ) ) ;
#3126 = DIRECTION ( 'NONE',  ( 0.0000000000000000000, 0.0000000000000000000, -1.000000000000000000 ) ) ;
#3127 = CARTESIAN_POINT ( 'NONE',  ( 0.06536704084084019000, 0.2922116265342635800, -0.002411481545873902100 ) ) ;
#3128 = CIRCLE ( 'NONE', #2635, 0.04921260000000000200 ) ;
#3129 = CARTESIAN_POINT ( 'NONE',  ( 0.07606359018882256900, 0.2882970228508702200, -0.01353657186669872000 ) ) ;
#3130 = CARTESIAN_POINT ( 'NONE',  ( -0.1385653416673781100, 0.2941128863718958100, -0.03243873281874894800 ) ) ;
#3131 = CIRCLE ( 'NONE', #1533, 0.03250000000000001500 ) ;
#3132 = DIRECTION ( 'NONE',  ( -0.7660444431189773500, -0.6427876096865400300, 0.0000000000000000000 ) ) ;
#3133 = DIRECTION ( 'NONE',  ( 0.0000000000000000000, 1.000000000000000000, 0.0000000000000000000 ) ) ;
#3134 = DIRECTION ( 'NONE',  ( 0.0000000000000000000, 1.000000000000000000, 0.0000000000000000000 ) ) ;
#3135 = CARTESIAN_POINT ( 'NONE',  ( 0.1206732429447283600, 0.2946940183403552500, -0.01578559073594108500 ) ) ;
#3136 = CARTESIAN_POINT ( 'NONE',  ( 0.09219835507095318300, 0.2912857738999951000, -0.02041699574644576000 ) ) ;
#3137 = CARTESIAN_POINT ( 'NONE',  ( 0.1000000000000000100, 0.2925000000000000400, 0.01950000000000000000 ) ) ;
#3138 = TOROIDAL_SURFACE ( 'NONE', #3162, 0.02250000000000010000, 0.01000000000000000200 ) ;
#3139 = CARTESIAN_POINT ( 'NONE',  ( 0.1465832579223813900, 0.2924999999999999300, -1.575000007109739800E-009 ) ) ;
#3140 = CARTESIAN_POINT ( 'NONE',  ( 0.08435634540897252200, 0.2675000000000000200, 0.01295148221927707800 ) ) ;
#3141 = EDGE_LOOP ( 'NONE', ( #113, #21, #3016, #995, #958 ) ) ;
#3142 = CARTESIAN_POINT ( 'NONE',  ( -0.1000000000000000500, 0.2925000000000000400, -0.01950000000000000000 ) ) ;
#3143 = DIRECTION ( 'NONE',  ( 0.0000000000000000000, 0.0000000000000000000, -1.000000000000000000 ) ) ;
#3144 = AXIS2_PLACEMENT_3D ( 'NONE', #2544, #2531, #389 ) ;
#3145 = VERTEX_POINT ( 'NONE', #3375 ) ;
#3146 = AXIS2_PLACEMENT_3D ( 'NONE', #979, #3329, #1753 ) ;
#3147 =( BOUNDED_SURFACE ( )  B_SPLINE_SURFACE ( 3, 2, ( 
 ( #135, #1201, #2013 ),
 ( #1465, #1729, #2542 ),
 ( #149, #1999, #2812 ),
 ( #416, #3076, #3084 ) ),
 .UNSPECIFIED., .F., .F., .F. ) 
 B_SPLINE_SURFACE_WITH_KNOTS ( ( 4, 4 ),
 ( 3, 3 ),
 ( 0.0000000000000000000, 0.0002808763020529123600 ),
 ( 0.0000000000000000000, 1.000000000000000000 ),
 .UNSPECIFIED. ) 
 GEOMETRIC_REPRESENTATION_ITEM ( )  RATIONAL_B_SPLINE_SURFACE ( (
 ( 1.000000000000000000, 0.8865216429828526300, 1.000000000000000000),
 ( 1.000000000000000000, 0.9261088123814115200, 1.000000000000000000),
 ( 1.000000000000000000, 0.9464612893892061500, 1.000000000000000000),
 ( 1.000000000000000000, 0.9565096880443579900, 1.000000000000000000) ) ) 
 REPRESENTATION_ITEM ( '' )  SURFACE ( )  );
#3148 = CARTESIAN_POINT ( 'NONE',  ( 0.09610263289427334300, 0.2916167967081281200, -0.02100652695019144400 ) ) ;
#3149 = EDGE_CURVE ( 'NONE', #686, #3080, #1804, .T. ) ;
#3150 = CARTESIAN_POINT ( 'NONE',  ( 0.08195544554455436200, 0.08794554455445535700, 0.01950000000000000000 ) ) ;
#3151 = CARTESIAN_POINT ( 'NONE',  ( -0.1757873999999999500, 0.0000000000000000000, -1.575000007109739800E-009 ) ) ;
#3152 = ADVANCED_FACE ( 'NONE', ( #1100 ), #3429, .T. ) ;
#3153 = CARTESIAN_POINT ( 'NONE',  ( 0.09999999999999997800, 0.2925000000000000400, 0.01950000000000000000 ) ) ;
#3154 = DIRECTION ( 'NONE',  ( 0.6427876096865374800, -0.7660444431189796800, 0.0000000000000000000 ) ) ;
#3155 = EDGE_CURVE ( 'NONE', #2180, #688, #1173, .T. ) ;
#3156 = CIRCLE ( 'NONE', #2922, 0.01000000000000001900 ) ;
#3157 = AXIS2_PLACEMENT_3D ( 'NONE', #2767, #421, #2783 ) ;
#3158 = CARTESIAN_POINT ( 'NONE',  ( -0.09236950940708206500, 0.5502856607402927300, 0.04921259842499999700 ) ) ;
#3159 = ORIENTED_EDGE ( 'NONE', *, *, #2161, .F. ) ;
#3160 = CYLINDRICAL_SURFACE ( 'NONE', #156, 0.04921260000000000200 ) ;
#3161 = CARTESIAN_POINT ( 'NONE',  ( 0.1077970782660459000, 0.2912864411154574300, -0.02041835234120924600 ) ) ;
#3162 = AXIS2_PLACEMENT_3D ( 'NONE', #2400, #2101, #2369 ) ;
#3163 = CARTESIAN_POINT ( 'NONE',  ( -0.06325458261871923200, 0.2987680772188325300, -0.03677933096238301300 ) ) ;
#3164 = CARTESIAN_POINT ( 'NONE',  ( -0.1104227388156442100, 0.2674999999999999600, -0.007170588532889103800 ) ) ;
#3165 = EDGE_CURVE ( 'NONE', #73, #593, #2924, .T. ) ;
#3166 = FACE_OUTER_BOUND ( 'NONE', #1324, .T. ) ;
#3167 = DIRECTION ( 'NONE',  ( 0.0000000000000000000, 0.0000000000000000000, 1.000000000000000000 ) ) ;
#3168 = AXIS2_PLACEMENT_3D ( 'NONE', #694, #3344, #1766 ) ;
#3169 = CIRCLE ( 'NONE', #341, 0.01000000000000000200 ) ;
#3170 = DIRECTION ( 'NONE',  ( -0.9801980198019805100, 0.1980198019801974700, 0.0000000000000000000 ) ) ;
#3171 = CARTESIAN_POINT ( 'NONE',  ( 0.09382009627185551600, 0.2675000000000000200, 0.005043898112717342200 ) ) ;
#3172 = CARTESIAN_POINT ( 'NONE',  ( -0.1000000000000000500, 0.2675000000000000200, -0.009499999999999978900 ) ) ;
#3173 = CARTESIAN_POINT ( 'NONE',  ( -0.05970541313049880500, 0.2900703267615724100, -0.02549644774035491500 ) ) ;
#3174 = ORIENTED_EDGE ( 'NONE', *, *, #1556, .F. ) ;
#3175 = CARTESIAN_POINT ( 'NONE',  ( 0.1149420069892941900, 0.2925000000000000400, 0.02362145934492659900 ) ) ;
#3176 = CARTESIAN_POINT ( 'NONE',  ( -0.1757873999999999500, 0.0000000000000000000, -0.04921259842499999700 ) ) ;
#3177 = CARTESIAN_POINT ( 'NONE',  ( -0.1507541117186272100, 0.2955935047362077700, -0.01779615210046130500 ) ) ;
#3178 = ORIENTED_EDGE ( 'NONE', *, *, #2344, .F. ) ;
#3179 = DIRECTION ( 'NONE',  ( 0.0000000000000000000, -0.0000000000000000000, 1.000000000000000000 ) ) ;
#3180 = CARTESIAN_POINT ( 'NONE',  ( 0.0000000000000000000, 0.3417125999999999800, -1.575000007109739800E-009 ) ) ;
#3181 = CARTESIAN_POINT ( 'NONE',  ( -0.08829383629071867200, 0.2675000000000000700, -0.008070539984677041100 ) ) ;
#3182 = ORIENTED_EDGE ( 'NONE', *, *, #2698, .T. ) ;
#3183 = ORIENTED_EDGE ( 'NONE', *, *, #1549, .F. ) ;
#3184 = VERTEX_POINT ( 'NONE', #2674 ) ;
#3185 = VERTEX_POINT ( 'NONE', #280 ) ;
#3186 =( BOUNDED_SURFACE ( )  B_SPLINE_SURFACE ( 3, 2, ( 
 ( #2248, #698, #2520 ),
 ( #671, #172, #1747 ),
 ( #153, #162, #962 ),
 ( #445, #185, #406 ),
 ( #1990, #2287, #2817 ),
 ( #683, #984, #2558 ),
 ( #1189, #3064, #3050 ),
 ( #1771, #1454, #1719 ) ),
 .UNSPECIFIED., .F., .F., .F. ) 
 B_SPLINE_SURFACE_WITH_KNOTS ( ( 4, 2, 2, 4 ),
 ( 3, 3 ),
 ( 0.0000000000000000000, 0.0002722885151085826100, 0.0005445770302171652200, 0.001089154060434330400 ),
 ( 0.0000000000000000000, 1.000000000000000000 ),
 .UNSPECIFIED. ) 
 GEOMETRIC_REPRESENTATION_ITEM ( )  RATIONAL_B_SPLINE_SURFACE ( (
 ( 1.000000000000000000, 0.9450894369380504800, 1.000000000000000000),
 ( 1.000000000000000000, 0.9451245483795647200, 1.000000000000000000),
 ( 1.000000000000000000, 0.9431926056441782800, 1.000000000000000000),
 ( 1.000000000000000000, 0.9365021179731615200, 1.000000000000000000),
 ( 1.000000000000000000, 0.9316523793223394600, 1.000000000000000000),
 ( 1.000000000000000000, 0.9162519937016206900, 1.000000000000000000),
 ( 1.000000000000000000, 0.9053215632114096600, 1.000000000000000000),
 ( 1.000000000000000000, 0.9056544450009600400, 1.000000000000000000) ) ) 
 REPRESENTATION_ITEM ( '' )  SURFACE ( )  );
#3187 = CARTESIAN_POINT ( 'NONE',  ( -0.1350974103597191200, 0.2856044053904318600, 0.001624621651011123800 ) ) ;
#3188 = DIRECTION ( 'NONE',  ( 0.0000000000000000000, 1.000000000000000000, 0.0000000000000000000 ) ) ;
#3189 = EDGE_CURVE ( 'NONE', #1481, #1310, #475, .T. ) ;
#3190 = DIRECTION ( 'NONE',  ( 0.0000000000000000000, 1.000000000000000000, 0.0000000000000000000 ) ) ;
#3191 = EDGE_LOOP ( 'NONE', ( #2316, #2483, #1894, #2819 ) ) ;
#3192 = CYLINDRICAL_SURFACE ( 'NONE', #3266, 0.04050000000000000100 ) ;
#3193 = CARTESIAN_POINT ( 'NONE',  ( 0.09193364656175948000, 0.2912702593234591200, -0.02039629594856744500 ) ) ;
#3194 = CARTESIAN_POINT ( 'NONE',  ( -0.1000000000000000500, 0.2675000000000000200, -0.02950000000000001900 ) ) ;
#3195 = CIRCLE ( 'NONE', #2573, 0.009999999999999988100 ) ;
#3196 = CARTESIAN_POINT ( 'NONE',  ( 0.1000000000000000500, -0.2688397459621558200, 0.01950000000000000000 ) ) ;
#3197 = LENGTH_MEASURE_WITH_UNIT ( LENGTH_MEASURE( 0.02539999999999999900 ), #927 );
#3198 = AXIS2_PLACEMENT_3D ( 'NONE', #1946, #1695, #3283 ) ;
#3199 = AXIS2_PLACEMENT_3D ( 'NONE', #1928, #1734, #2777 ) ;
#3200 = DIRECTION ( 'NONE',  ( 0.0000000000000000000, -1.000000000000000000, 0.0000000000000000000 ) ) ;
#3201 = FACE_OUTER_BOUND ( 'NONE', #3259, .T. ) ;
#3202 = STYLED_ITEM ( 'NONE', ( #3249 ), #530 ) ;
#3203 = CARTESIAN_POINT ( 'NONE',  ( 0.1757874000000000100, 0.0000000000000000000, -1.575000007109739800E-009 ) ) ;
#3204 = CARTESIAN_POINT ( 'NONE',  ( 0.1156436548058724500, 0.2675000000000000200, 0.01295148273251699200 ) ) ;
#3205 = VERTEX_POINT ( 'NONE', #1896 ) ;
#3206 = CARTESIAN_POINT ( 'NONE',  ( 0.05925966465566360300, 0.2879363637986387900, 0.01963919504370698800 ) ) ;
#3207 = DIRECTION ( 'NONE',  ( 3.076405398270567000E-016, -1.000000000000000000, 0.0000000000000000000 ) ) ;
#3208 = ORIENTED_EDGE ( 'NONE', *, *, #1039, .T. ) ;
#3209 = EDGE_CURVE ( 'NONE', #1544, #2147, #1627, .T. ) ;
#3210 = ORIENTED_EDGE ( 'NONE', *, *, #1819, .F. ) ;
#3211 = CARTESIAN_POINT ( 'NONE',  ( 0.1100000000000000400, 0.1099999999999999900, 0.01950000000000000000 ) ) ;
#3212 = EDGE_CURVE ( 'NONE', #2524, #2898, #2602, .T. ) ;
#3213 = EDGE_CURVE ( 'NONE', #692, #1008, #940, .T. ) ;
#3214 = CARTESIAN_POINT ( 'NONE',  ( 0.1163464026790706100, 0.2675000000000000700, 0.01652905637321164200 ) ) ;
#3215 = ORIENTED_EDGE ( 'NONE', *, *, #3097, .T. ) ;
#3216 = ORIENTED_EDGE ( 'NONE', *, *, #3261, .T. ) ;
#3217 = VERTEX_POINT ( 'NONE', #3211 ) ;
#3218 = CARTESIAN_POINT ( 'NONE',  ( -0.1000000000000000500, -0.2775000000000000200, -0.01449999999999994900 ) ) ;
#3219 = DIRECTION ( 'NONE',  ( 0.0000000000000000000, 0.0000000000000000000, 1.000000000000000000 ) ) ;
#3220 = DIRECTION ( 'NONE',  ( -0.6427876096865400300, -0.7660444431189773500, 0.0000000000000000000 ) ) ;
#3221 = PRODUCT_CONTEXT ( 'NONE', #2975, 'mechanical' ) ;
#3222 = CARTESIAN_POINT ( 'NONE',  ( 0.08643156446251366900, 0.5449057766508149700, -0.05272122799601451600 ) ) ;
#3223 = ORIENTED_EDGE ( 'NONE', *, *, #71, .T. ) ;
#3224 = CARTESIAN_POINT ( 'NONE',  ( -0.1364970051644497600, 0.2853571775673647800, -0.0007229694587702670700 ) ) ;
#3225 = ORIENTED_EDGE ( 'NONE', *, *, #145, .F. ) ;
#3226 = EDGE_CURVE ( 'NONE', #279, #1691, #2243, .T. ) ;
#3227 = CONICAL_SURFACE ( 'NONE', #1786, 0.01000000000000000400, 0.5235987755983023700 ) ;
#3228 = CARTESIAN_POINT ( 'NONE',  ( 0.06095798173763759800, 0.2675000000000000200, 0.03026897441742062300 ) ) ;
#3229 = AXIS2_PLACEMENT_3D ( 'NONE', #1926, #2228, #622 ) ;
#3230 = ORIENTED_EDGE ( 'NONE', *, *, #1728, .T. ) ;
#3231 = CARTESIAN_POINT ( 'NONE',  ( 0.06913718653356708300, 0.3298850798188485700, 0.05134871754876237100 ) ) ;
#3232 = APPLICATION_CONTEXT ( 'automotive_design' ) ;
#3233 = CARTESIAN_POINT ( 'NONE',  ( 0.06916129652301167300, 0.3138270736567614900, 0.04575308301625522600 ) ) ;
#3234 = DIRECTION ( 'NONE',  ( 0.0000000000000000000, 0.0000000000000000000, 1.000000000000000000 ) ) ;
#3235 = FACE_OUTER_BOUND ( 'NONE', #2363, .T. ) ;
#3236 = DIRECTION ( 'NONE',  ( -1.000000000000000000, 0.0000000000000000000, 0.0000000000000000000 ) ) ;
#3237 = CARTESIAN_POINT ( 'NONE',  ( 0.06154680183733552600, 0.3185364642836278100, 0.04341366830000939500 ) ) ;
#3238 = CONICAL_SURFACE ( 'NONE', #2264, 0.01000000000000000400, 0.5235987755983023700 ) ;
#3239 = FACE_OUTER_BOUND ( 'NONE', #607, .T. ) ;
#3240 = CARTESIAN_POINT ( 'NONE',  ( -0.1337566055740106200, 0.2833551179230134300, 0.003236749373408173900 ) ) ;
#3241 = CARTESIAN_POINT ( 'NONE',  ( -0.05297921218388755600, 0.5532604854598604000, 0.05134871754876237100 ) ) ;
#3242 =( BOUNDED_SURFACE ( )  B_SPLINE_SURFACE ( 3, 2, ( 
 ( #2987, #3228, #2950 ),
 ( #1882, #27, #858 ),
 ( #2700, #832, #2971 ),
 ( #3206, #37, #1111 ),
 ( #2961, #1362, #2439 ),
 ( #1969, #2241, #2773 ),
 ( #1155, #120, #2758 ),
 ( #92, #611, #1180 ) ),
 .UNSPECIFIED., .F., .F., .T. ) 
 B_SPLINE_SURFACE_WITH_KNOTS ( ( 4, 2, 2, 4 ),
 ( 3, 3 ),
 ( 4.878909776184770000E-018, 0.0001376617011900373400, 0.0002064925517850535900, 0.0002753234023800698100 ),
 ( 0.0000000000000000000, 1.000000000000000000 ),
 .UNSPECIFIED. ) 
 GEOMETRIC_REPRESENTATION_ITEM ( )  RATIONAL_B_SPLINE_SURFACE ( (
 ( 1.000000000000000000, 0.7071067811863103200, 1.000000000000000000),
 ( 1.000000000000000000, 0.7234091101159432200, 1.000000000000000000),
 ( 1.000000000000000000, 0.7409077496319380600, 1.000000000000000000),
 ( 1.000000000000000000, 0.7689995853545573700, 1.000000000000000000),
 ( 1.000000000000000000, 0.7790462621148343000, 1.000000000000000000),
 ( 1.000000000000000000, 0.7960608014443987200, 1.000000000000000000),
 ( 1.000000000000000000, 0.8022282106718107200, 1.000000000000000000),
 ( 1.000000000000000000, 0.8017837257372737400, 1.000000000000000000) ) ) 
 REPRESENTATION_ITEM ( '' )  SURFACE ( )  );
#3243 = DIRECTION ( 'NONE',  ( -0.0000000000000000000, -0.0000000000000000000, -1.000000000000000000 ) ) ;
#3244 = DIRECTION ( 'NONE',  ( 0.0000000000000000000, 0.0000000000000000000, 1.000000000000000000 ) ) ;
#3245 = DIRECTION ( 'NONE',  ( -0.6427876096865400300, -0.7660444431189773500, -0.0000000000000000000 ) ) ;
#3246 = AXIS2_PLACEMENT_3D ( 'NONE', #3175, #794, #2609 ) ;
#3247 = CARTESIAN_POINT ( 'NONE',  ( -0.1405497563796370100, 0.2859976950723144300, -0.01278194607310793700 ) ) ;
#3248 = ORIENTED_EDGE ( 'NONE', *, *, #2389, .T. ) ;
#3249 = PRESENTATION_STYLE_ASSIGNMENT (( #458 ) ) ;
#3250 = CARTESIAN_POINT ( 'NONE',  ( 0.1000000000000000200, 0.2925000000000000400, 0.01950000000000000000 ) ) ;
#3251 = DIRECTION ( 'NONE',  ( 0.0000000000000000000, 0.0000000000000000000, 1.000000000000000000 ) ) ;
#3252 = CARTESIAN_POINT ( 'NONE',  ( -0.1364819132382520900, 0.3221415272377333700, -0.04533821023647699500 ) ) ;
#3253 = ORIENTED_EDGE ( 'NONE', *, *, #553, .T. ) ;
#3254 = CARTESIAN_POINT ( 'NONE',  ( 0.08421983597039491000, 0.5571249930681804200, -0.04921259842499999700 ) ) ;
#3255 = EDGE_CURVE ( 'NONE', #3080, #1035, #2642, .T. ) ;
#3256 = ORIENTED_EDGE ( 'NONE', *, *, #187, .F. ) ;
#3257 = CARTESIAN_POINT ( 'NONE',  ( -0.1401115262620121800, 0.2858115759246366800, -0.01104387946650066100 ) ) ;
#3258 = CARTESIAN_POINT ( 'NONE',  ( -0.2249999999999999500, 0.3417125999999999800, 1.575000007109739800E-009 ) ) ;
#3259 = EDGE_LOOP ( 'NONE', ( #163, #2682, #283, #2121 ) ) ;
#3260 = ORIENTED_EDGE ( 'NONE', *, *, #3262, .F. ) ;
#3261 = EDGE_CURVE ( 'NONE', #825, #2802, #3131, .T. ) ;
#3262 = EDGE_CURVE ( 'NONE', #1892, #279, #570, .T. ) ;
#3263 = CARTESIAN_POINT ( 'NONE',  ( 0.09999999999999997800, 0.2925000000000000400, 0.01950000000000000000 ) ) ;
#3264 = ADVANCED_FACE ( 'NONE', ( #551 ), #2461, .T. ) ;
#3265 = ORIENTED_EDGE ( 'NONE', *, *, #2094, .T. ) ;
#3266 = AXIS2_PLACEMENT_3D ( 'NONE', #1829, #1820, #2087 ) ;
#3267 = AXIS2_PLACEMENT_3D ( 'NONE', #2622, #1581, #1548 ) ;
#3268 = DIRECTION ( 'NONE',  ( 0.0000000000000000000, 1.000000000000000000, 0.0000000000000000000 ) ) ;
#3269 = CARTESIAN_POINT ( 'NONE',  ( -0.1369466379191811900, 0.2675000000000000700, -0.01928666901294704600 ) ) ;
#3270 = CYLINDRICAL_SURFACE ( 'NONE', #1845, 0.009999999999999981100 ) ;
#3271 = CARTESIAN_POINT ( 'NONE',  ( -0.1346865451572918600, 0.2922063786149776700, 0.002335849083095760400 ) ) ;
#3272 = CYLINDRICAL_SURFACE ( 'NONE', #1494, 0.009999999999999975900 ) ;
#3273 = CARTESIAN_POINT ( 'NONE',  ( 0.1149420069892941900, 0.2675000000000000200, 0.02362145934492659900 ) ) ;
#3274 = DIRECTION ( 'NONE',  ( 0.0000000000000000000, 1.000000000000000000, 0.0000000000000000000 ) ) ;
#3275 = ORIENTED_EDGE ( 'NONE', *, *, #501, .F. ) ;
#3276 = CARTESIAN_POINT ( 'NONE',  ( -0.1380954336630289000, 0.2675000000000000700, -0.02499643040911987300 ) ) ;
#3277 = SURFACE_SIDE_STYLE ('',( #1224 ) ) ;
#3278 = FACE_OUTER_BOUND ( 'NONE', #2981, .T. ) ;
#3279 = DIRECTION ( 'NONE',  ( 0.0000000000000000000, 1.000000000000000000, 0.0000000000000000000 ) ) ;
#3280 = CARTESIAN_POINT ( 'NONE',  ( -0.06993065012279983700, 0.2927960324843678100, 0.008277852659662243700 ) ) ;
#3281 = CARTESIAN_POINT ( 'NONE',  ( -0.1262568517412454000, 0.3417126000000000300, -0.05921259842499999200 ) ) ;
#3282 = DIRECTION ( 'NONE',  ( 0.0000000000000000000, 1.000000000000000000, 0.0000000000000000000 ) ) ;
#3283 = DIRECTION ( 'NONE',  ( 1.000000000000000000, 0.0000000000000000000, 0.0000000000000000000 ) ) ;
#3284 = CARTESIAN_POINT ( 'NONE',  ( 0.05929831539273140700, 0.2861604554244552800, 0.02088519938532123300 ) ) ;
#3285 = EDGE_LOOP ( 'NONE', ( #2576, #2315, #795, #1864 ) ) ;
#3286 = CARTESIAN_POINT ( 'NONE',  ( 0.08393564356435634400, 0.07814356435643550500, 0.01950000000000000000 ) ) ;
#3287 = FILL_AREA_STYLE ('',( #3028 ) ) ;
#3288 = VERTEX_POINT ( 'NONE', #1922 ) ;
#3289 = CARTESIAN_POINT ( 'NONE',  ( -0.1308387034769882800, 0.3138270736567614900, -0.04575308301625524700 ) ) ;
#3290 = ORIENTED_EDGE ( 'NONE', *, *, #553, .F. ) ;
#3291 = ADVANCED_FACE ( 'NONE', ( #235 ), #854, .F. ) ;
#3292 = ORIENTED_EDGE ( 'NONE', *, *, #1492, .T. ) ;
#3293 = B_SPLINE_CURVE_WITH_KNOTS ( 'NONE', 3,
 ( #1428, #1256, #652, #3054 ),
 .UNSPECIFIED., .F., .F.,
 ( 4, 4 ),
 ( 0.0000000000000000000, 0.0003904717295486338300 ),
 .UNSPECIFIED. ) ;
#3294 = CARTESIAN_POINT ( 'NONE',  ( -0.05114879009824162300, 0.3417125999999999800, -0.04921259842499999700 ) ) ;
#3295 = DIRECTION ( 'NONE',  ( 0.0000000000000000000, 1.000000000000000000, 0.0000000000000000000 ) ) ;
#3296 = EDGE_LOOP ( 'NONE', ( #1648, #2857, #3225, #1822 ) ) ;
#3297 = ORIENTED_EDGE ( 'NONE', *, *, #2265, .F. ) ;
#3298 = DIRECTION ( 'NONE',  ( -0.0000000000000000000, -1.000000000000000000, -0.0000000000000000000 ) ) ;
#3299 = VERTEX_POINT ( 'NONE', #886 ) ;
#3300 = CARTESIAN_POINT ( 'NONE',  ( 0.05969773203132406500, 0.2884246809724050300, 0.02501771172997219900 ) ) ;
#3301 = CARTESIAN_POINT ( 'NONE',  ( 0.1502497352925123200, 0.2974345067741748800, 0.02194541403368665100 ) ) ;
#3302 = CARTESIAN_POINT ( 'NONE',  ( -0.1757873999999999500, 0.6932873999999998900, 0.04921259842499999700 ) ) ;
#3303 = ORIENTED_EDGE ( 'NONE', *, *, #3255, .F. ) ;
#3304 = DIRECTION ( 'NONE',  ( 0.0000000000000000000, 1.000000000000000000, 0.0000000000000000000 ) ) ;
#3305 = CARTESIAN_POINT ( 'NONE',  ( -0.1008157731412120800, 0.5304873723765460800, 0.04921259842499999000 ) ) ;
#3306 = CARTESIAN_POINT ( 'NONE',  ( -0.06478703882686440200, 0.3278843797802227800, -0.04724211625975562000 ) ) ;
#3307 = FACE_OUTER_BOUND ( 'NONE', #533, .T. ) ;
#3308 = AXIS2_PLACEMENT_3D ( 'NONE', #2118, #1283, #1858 ) ;
#3309 = CYLINDRICAL_SURFACE ( 'NONE', #676, 0.01000000000000001900 ) ;
#3310 = EDGE_CURVE ( 'NONE', #274, #2990, #1374, .T. ) ;
#3311 = CARTESIAN_POINT ( 'NONE',  ( -0.05733629320317157300, 0.3112737394590487900, -0.03890735024165371800 ) ) ;
#3312 = ADVANCED_FACE ( 'NONE', ( #2095 ), #2954, .T. ) ;
#3313 = DIRECTION ( 'NONE',  ( 0.0000000000000000000, -0.0000000000000000000, 1.000000000000000000 ) ) ;
#3314 = LENGTH_MEASURE_WITH_UNIT ( LENGTH_MEASURE( 0.02539999999999999900 ), #1590 );
#3315 = DIRECTION ( 'NONE',  ( 0.0000000000000000000, 0.0000000000000000000, 1.000000000000000000 ) ) ;
#3316 = FACE_OUTER_BOUND ( 'NONE', #1270, .T. ) ;
#3317 = EDGE_CURVE ( 'NONE', #2536, #2584, #1842, .T. ) ;
#3318 = CARTESIAN_POINT ( 'NONE',  ( -0.06193346185006253600, 0.3268587411213691500, -0.04691740324638500600 ) ) ;
#3319 = MECHANICAL_DESIGN_GEOMETRIC_PRESENTATION_REPRESENTATION (  '', ( #430 ), #536 ) ;
#3320 = CIRCLE ( 'NONE', #1954, 0.02500000000000000800 ) ;
#3321 = DIRECTION ( 'NONE',  ( 0.9640004509222001000, 0.0000000000000000000, -0.2659006028985172500 ) ) ;
#3322 = CARTESIAN_POINT ( 'NONE',  ( 0.1262568517412454000, 0.3417126000000000300, 0.05921259842499999200 ) ) ;
#3323 = CARTESIAN_POINT ( 'NONE',  ( 0.06431069971474187600, 0.3343096313333120400, 0.05074959061159252400 ) ) ;
#3324 = CARTESIAN_POINT ( 'NONE',  ( -0.05989456780158976300, 0.3007821521804861500, -0.02768468838644829600 ) ) ;
#3325 =( BOUNDED_SURFACE ( )  B_SPLINE_SURFACE ( 3, 2, ( 
 ( #366, #3049, #432 ),
 ( #1015, #1252, #1508 ),
 ( #2580, #1479, #695 ),
 ( #1758, #1745, #722 ) ),
 .UNSPECIFIED., .F., .F., .F. ) 
 B_SPLINE_SURFACE_WITH_KNOTS ( ( 4, 4 ),
 ( 3, 3 ),
 ( 1.084202172485504400E-019, 0.0002808763020529101400 ),
 ( 0.0000000000000000000, 1.000000000000000000 ),
 .UNSPECIFIED. ) 
 GEOMETRIC_REPRESENTATION_ITEM ( )  RATIONAL_B_SPLINE_SURFACE ( (
 ( 1.000000000000000000, 0.8865216429828526300, 1.000000000000000000),
 ( 1.000000000000000000, 0.9261088123814124100, 1.000000000000000000),
 ( 1.000000000000000000, 0.9464612893892041500, 1.000000000000000000),
 ( 1.000000000000000000, 0.9565096880443578800, 1.000000000000000000) ) ) 
 REPRESENTATION_ITEM ( '' )  SURFACE ( )  );
#3326 = EDGE_CURVE ( 'NONE', #2234, #2070, #2556, .T. ) ;
#3327 = AXIS2_PLACEMENT_3D ( 'NONE', #2208, #2443, #1148 ) ;
#3328 = CARTESIAN_POINT ( 'NONE',  ( 0.0000000000000000000, 0.6932873999999998900, -0.04921259842499999700 ) ) ;
#3329 = DIRECTION ( 'NONE',  ( 0.0000000000000000000, 0.0000000000000000000, 1.000000000000000000 ) ) ;
#3330 = DIRECTION ( 'NONE',  ( -0.0000000000000000000, -0.0000000000000000000, -1.000000000000000000 ) ) ;
#3331 = ADVANCED_FACE ( 'NONE', ( #847 ), #1622, .T. ) ;
#3332 = FACE_OUTER_BOUND ( 'NONE', #603, .T. ) ;
#3333 = DIRECTION ( 'NONE',  ( 0.0000000000000000000, 1.000000000000000000, 0.0000000000000000000 ) ) ;
#3334 = CARTESIAN_POINT ( 'NONE',  ( 0.1352427968116415600, 0.3127966816995273500, 0.04015301928660697900 ) ) ;
#3335 = VERTEX_POINT ( 'NONE', #351 ) ;
#3336 = CARTESIAN_POINT ( 'NONE',  ( -0.06142985626857811600, 0.2940999358649297200, -0.03242524492393394900 ) ) ;
#3337 = ORIENTED_EDGE ( 'NONE', *, *, #2347, .F. ) ;
#3338 = EDGE_LOOP ( 'NONE', ( #2231, #1193, #2571, #1868, #3073 ) ) ;
#3339 = CARTESIAN_POINT ( 'NONE',  ( -0.06350232330609256700, 0.2853571786229332500, -0.0007245729996492659700 ) ) ;
#3340 = ORIENTED_EDGE ( 'NONE', *, *, #2570, .T. ) ;
#3341 = ORIENTED_EDGE ( 'NONE', *, *, #1285, .F. ) ;
#3342 = CARTESIAN_POINT ( 'NONE',  ( 0.06261075897372450600, 0.5577261614798686400, -0.05174172796157091400 ) ) ;
#3343 = DIRECTION ( 'NONE',  ( -0.0000000000000000000, 1.000000000000000000, -0.0000000000000000000 ) ) ;
#3344 = DIRECTION ( 'NONE',  ( -0.6427876096865400300, 0.7660444431189774600, 0.0000000000000000000 ) ) ;
#3345 = CARTESIAN_POINT ( 'NONE',  ( 0.06766652305233356000, 0.2861790652430644100, -0.005556933390938500300 ) ) ;
#3346 =( BOUNDED_SURFACE ( )  B_SPLINE_SURFACE ( 3, 2, ( 
 ( #2841, #2583, #2492 ),
 ( #2321, #1457, #908 ),
 ( #729, #3113, #1773 ),
 ( #2055, #2766, #188 ) ),
 .UNSPECIFIED., .F., .F., .F. ) 
 B_SPLINE_SURFACE_WITH_KNOTS ( ( 4, 4 ),
 ( 3, 3 ),
 ( -1.734723475976807100E-018, 0.0007945560530666707100 ),
 ( 0.0000000000000000000, 1.000000000000000000 ),
 .UNSPECIFIED. ) 
 GEOMETRIC_REPRESENTATION_ITEM ( )  RATIONAL_B_SPLINE_SURFACE ( (
 ( 1.000000000000000000, 0.9450894369380505900, 1.000000000000000000),
 ( 1.000000000000000000, 0.9359717340426717500, 1.000000000000000000),
 ( 1.000000000000000000, 0.9139906199095020300, 1.000000000000000000),
 ( 1.000000000000000000, 0.8865216429828518500, 1.000000000000000000) ) ) 
 REPRESENTATION_ITEM ( '' )  SURFACE ( )  );
#3347 = CARTESIAN_POINT ( 'NONE',  ( -0.1407024737916852100, 0.2861682401963211400, -0.02090537744975463600 ) ) ;
#3348 = DIRECTION ( 'NONE',  ( -0.0000000000000000000, 1.000000000000000000, -0.0000000000000000000 ) ) ;
#3349 = ADVANCED_FACE ( 'NONE', ( #437 ), #1878, .T. ) ;
#3350 = CARTESIAN_POINT ( 'NONE',  ( -0.09236372571791001700, 0.2675000000000000200, -0.005641809746000023300 ) ) ;
#3351 = FACE_OUTER_BOUND ( 'NONE', #1001, .T. ) ;
#3352 = CARTESIAN_POINT ( 'NONE',  ( 0.1337566040005591100, 0.2833551154953976000, -0.003236751507326377000 ) ) ;
#3353 = DIRECTION ( 'NONE',  ( 0.0000000000000000000, 0.0000000000000000000, -1.000000000000000000 ) ) ;
#3354 = ORIENTED_EDGE ( 'NONE', *, *, #2314, .F. ) ;
#3355 = FACE_OUTER_BOUND ( 'NONE', #507, .T. ) ;
#3356 = CARTESIAN_POINT ( 'NONE',  ( 0.1373588505844010300, 0.2824999999999999700, 0.003861384875495035700 ) ) ;
#3357 = CARTESIAN_POINT ( 'NONE',  ( 0.1384531981626644100, 0.3185364642836278100, 0.04341366830000939500 ) ) ;
#3358 = CIRCLE ( 'NONE', #835, 0.04361111111111108000 ) ;
#3359 = VECTOR ( 'NONE', #963, 39.37007874015748100 ) ;
#3360 = CARTESIAN_POINT ( 'NONE',  ( -0.1038233123730718700, 0.2675000000000000200, 0.02015314709804707000 ) ) ;
#3361 = CIRCLE ( 'NONE', #2722, 0.01000000000000000400 ) ;
#3362 = CARTESIAN_POINT ( 'NONE',  ( 0.07276914591492292300, 0.2933684154715457400, -0.01109825565201085800 ) ) ;
#3363 = ADVANCED_FACE ( 'NONE', ( #1097 ), #232, .T. ) ;
#3364 = CARTESIAN_POINT ( 'NONE',  ( 0.1390420182623485500, 0.2675000000000000200, 0.03026897441738726400 ) ) ;
#3365 = CARTESIAN_POINT ( 'NONE',  ( 0.08365364403308049600, 0.2675000000000000200, 0.01653431718613482300 ) ) ;
#3366 = CARTESIAN_POINT ( 'NONE',  ( 0.07137037656318885600, 0.2675000000000000200, -0.002358135225470563600 ) ) ;
#3367 = DIRECTION ( 'NONE',  ( 1.000000000000000000, -0.0000000000000000000, 1.224646799147353200E-016 ) ) ;
#3368 = CARTESIAN_POINT ( 'NONE',  ( -0.1401025240716585500, 0.3007915386531355200, -0.02769847038948778900 ) ) ;
#3369 = ORIENTED_EDGE ( 'NONE', *, *, #2347, .T. ) ;
#3370 = CARTESIAN_POINT ( 'NONE',  ( 0.09415017348593830700, 0.5302532977810510100, -0.05167268698275336000 ) ) ;
#3371 = ORIENTED_EDGE ( 'NONE', *, *, #928, .T. ) ;
#3372 = CARTESIAN_POINT ( 'NONE',  ( -0.1074672577783305400, 0.3620478284633283900, -0.05134871754876235700 ) ) ;
#3373 = DIRECTION ( 'NONE',  ( 0.0000000000000000000, 0.0000000000000000000, 1.000000000000000000 ) ) ;
#3374 = AXIS2_PLACEMENT_3D ( 'NONE', #2978, #1904, #1390 ) ;
#3375 = CARTESIAN_POINT ( 'NONE',  ( -0.08393564356435634400, 0.07814356435643550500, -0.01950000000000000000 ) ) ;
#3376 = ORIENTED_EDGE ( 'NONE', *, *, #2792, .F. ) ;
#3377 = CARTESIAN_POINT ( 'NONE',  ( 0.05538304343662506900, 0.2925000002498878100, -0.003903979770244790400 ) ) ;
#3378 = AXIS2_PLACEMENT_3D ( 'NONE', #19, #1866, #1872 ) ;
#3379 = CARTESIAN_POINT ( 'NONE',  ( 0.1340270406959996100, 0.2675000000000016300, 0.008610242364985846000 ) ) ;
#3380 = ORIENTED_EDGE ( 'NONE', *, *, #788, .F. ) ;
#3381 = CARTESIAN_POINT ( 'NONE',  ( 0.09618245827681616600, 0.2674999999999999600, -0.02015398765954675200 ) ) ;
#3382 = EDGE_CURVE ( 'NONE', #3080, #1775, #848, .T. ) ;
#3383 = CARTESIAN_POINT ( 'NONE',  ( -0.1308387034769882600, 0.3138270736567614900, -0.04575308301625524700 ) ) ;
#3384 = ORIENTED_EDGE ( 'NONE', *, *, #2868, .F. ) ;
#3385 = EDGE_LOOP ( 'NONE', ( #207, #2033, #2867, #287 ) ) ;
#3386 = ADVANCED_FACE ( 'NONE', ( #2421 ), #181, .T. ) ;
#3387 = CARTESIAN_POINT ( 'NONE',  ( -0.1154248831791680600, 0.2675000000000000200, -0.02187084435086544500 ) ) ;
#3388 = VERTEX_POINT ( 'NONE', #409 ) ;
#3389 = EDGE_CURVE ( 'NONE', #2546, #3205, #1707, .T. ) ;
#3390 = CARTESIAN_POINT ( 'NONE',  ( -0.1502181395667712100, 0.2975295075445375000, -0.02214004053517294400 ) ) ;
#3391 = EDGE_LOOP ( 'NONE', ( #1009, #1697, #2894, #1036, #2143 ) ) ;
#3392 = CARTESIAN_POINT ( 'NONE',  ( -0.06095798173765085100, 0.2924999999999999300, -0.03026897441738986600 ) ) ;
#3393 = CARTESIAN_POINT ( 'NONE',  ( -0.08598912226548224800, 0.2674999999999999600, -0.01023154150245121600 ) ) ;
#3394 = FACE_OUTER_BOUND ( 'NONE', #1522, .T. ) ;
#3395 = EDGE_CURVE ( 'NONE', #2802, #3288, #3090, .T. ) ;
#3396 = VECTOR ( 'NONE', #3245, 39.37007874015748900 ) ;
#3397 = CARTESIAN_POINT ( 'NONE',  ( -0.06425319666869648600, 0.3344327082632928500, -0.05078225326139068600 ) ) ;
#3398 = CIRCLE ( 'NONE', #2141, 0.01000000000000001400 ) ;
#3399 = CARTESIAN_POINT ( 'NONE',  ( -0.1404943381405168200, 0.3148036512198372800, -0.04142092770886996600 ) ) ;
#3400 = CARTESIAN_POINT ( 'NONE',  ( 0.1147911541548901500, 0.2902961480731581800, -0.01841852201116421200 ) ) ;
#3401 = EDGE_CURVE ( 'NONE', #3108, #532, #3128, .T. ) ;
#3402 = DIRECTION ( 'NONE',  ( 0.0000000000000000000, 1.000000000000000000, 0.0000000000000000000 ) ) ;
#3403 = SPHERICAL_SURFACE ( 'NONE', #1961, 0.04921260000000000200 ) ;
#3404 = PLANE ( 'NONE',  #2392 ) ;
#3405 = DIRECTION ( 'NONE',  ( 0.0000000000000000000, 1.000000000000000000, 0.0000000000000000000 ) ) ;
#3406 = CARTESIAN_POINT ( 'NONE',  ( 0.0000000000000000000, 0.0000000000000000000, 0.0000000000000000000 ) ) ;
#3407 = CARTESIAN_POINT ( 'NONE',  ( 0.09701600494328253800, 0.5303457613748975300, -0.04921259842500001100 ) ) ;
#3408 = CIRCLE ( 'NONE', #3100, 0.01000000000000000000 ) ;
#3409 = AXIS2_PLACEMENT_3D ( 'NONE', #1694, #105, #2474 ) ;
#3410 = CARTESIAN_POINT ( 'NONE',  ( 0.1156436546307651200, 0.2675000000000000200, 0.01295148231189058300 ) ) ;
#3411 = DIRECTION ( 'NONE',  ( 0.0000000000000000000, 0.0000000000000000000, -1.000000000000000000 ) ) ;
#3412 = CARTESIAN_POINT ( 'NONE',  ( -0.06095798173763759800, 0.2675000000000000200, -0.03026897441742063300 ) ) ;
#3413 = ORIENTED_EDGE ( 'NONE', *, *, #2103, .F. ) ;
#3414 = DIRECTION ( 'NONE',  ( 1.000000000000000000, 0.0000000000000000000, -0.0000000000000000000 ) ) ;
#3415 = ADVANCED_FACE ( 'NONE', ( #3041 ), #675, .F. ) ;
#3416 = CARTESIAN_POINT ( 'NONE',  ( -0.1338708453802426300, 0.3059379268980257900, -0.04189679293038057300 ) ) ;
#3417 = EDGE_LOOP ( 'NONE', ( #3413, #3182, #1665, #2372 ) ) ;
#3418 = ORIENTED_EDGE ( 'NONE', *, *, #3389, .T. ) ;
#3419 = AXIS2_PLACEMENT_3D ( 'NONE', #451, #3343, #1714 ) ;
#3420 = CARTESIAN_POINT ( 'NONE',  ( -0.09376089135435009000, 0.5252751033803252400, 0.05141980660311142000 ) ) ;
#3421 = CARTESIAN_POINT ( 'NONE',  ( 0.09236372611821908100, 0.2675000000000000200, 0.005641809571895280500 ) ) ;
#3422 = ORIENTED_EDGE ( 'NONE', *, *, #2448, .F. ) ;
#3423 = ORIENTED_EDGE ( 'NONE', *, *, #1314, .F. ) ;
#3424 = ORIENTED_EDGE ( 'NONE', *, *, #501, .T. ) ;
#3425 = CARTESIAN_POINT ( 'NONE',  ( -0.08958059992192320100, 0.2674999999999999600, -0.007168269916551670200 ) ) ;
#3426 = CARTESIAN_POINT ( 'NONE',  ( -0.06154680183733553900, 0.3138270736567614900, -0.05223532573631826900 ) ) ;
#3427 = CARTESIAN_POINT ( 'NONE',  ( 0.09375540643026679400, 0.2675000000000000700, 0.004878524485684553700 ) ) ;
#3428 = ORIENTED_EDGE ( 'NONE', *, *, #186, .T. ) ;
#3429 =( BOUNDED_SURFACE ( )  B_SPLINE_SURFACE ( 3, 2, ( 
 ( #2037, #1495, #2652 ),
 ( #3339, #469, #1764 ),
 ( #1247, #2300, #271 ),
 ( #1066, #206, #699 ),
 ( #2574, #985, #2831 ),
 ( #1236, #3125, #1583 ),
 ( #2056, #1503, #730 ),
 ( #2601, #2842, #3350 ),
 ( #1774, #2047, #2310 ),
 ( #1802, #2852, #1010 ),
 ( #1, #3115, #2130 ),
 ( #996, #3360, #2706 ),
 ( #2967, #1077, #1326 ),
 ( #552, #57, #2417 ),
 ( #1334, #827, #1119 ),
 ( #815, #307, #2179 ),
 ( #1370, #563, #586 ),
 ( #2925, #574, #2695 ),
 ( #855, #1604, #2156 ),
 ( #3187, #16, #2434 ),
 ( #3224, #1098, #1615 ),
 ( #319, #2166, #32 ) ),
 .UNSPECIFIED., .F., .F., .F. ) 
 B_SPLINE_SURFACE_WITH_KNOTS ( ( 4, 2, 2, 2, 2, 2, 2, 2, 2, 2, 4 ),
 ( 3, 3 ),
 ( 5.421010862427522200E-020, 5.991869772377401800E-005, 0.0001198373954475479800, 0.0002396747908950959100, 0.0003595121863426438300, 0.0004793495817901917700, 0.0005991869772377396600, 0.0007190243726852875400, 0.0008388617681328355400, 0.0008987804658566094300, 0.0009586991635803834300 ),
 ( 0.0000000000000000000, 1.000000000000000000 ),
 .UNSPECIFIED. ) 
 GEOMETRIC_REPRESENTATION_ITEM ( )  RATIONAL_B_SPLINE_SURFACE ( (
 ( 1.000000000000000000, 0.8017837257372737400, 1.000000000000000000),
 ( 1.000000000000000000, 0.8016771025246672800, 1.000000000000000000),
 ( 1.000000000000000000, 0.7987164735991260100, 1.000000000000000000),
 ( 1.000000000000000000, 0.7914745103190933300, 1.000000000000000000),
 ( 1.000000000000000000, 0.7870773762654929000, 1.000000000000000000),
 ( 1.000000000000000000, 0.7736726844027719300, 1.000000000000000000),
 ( 1.000000000000000000, 0.7642913298079412300, 1.000000000000000000),
 ( 1.000000000000000000, 0.7462147645493046900, 1.000000000000000000),
 ( 1.000000000000000000, 0.7376356913392005900, 1.000000000000000000),
 ( 1.000000000000000000, 0.7241065408184779200, 1.000000000000000000),
 ( 1.000000000000000000, 0.7194887533891696200, 1.000000000000000000),
 ( 1.000000000000000000, 0.7194930371295436000, 1.000000000000000000),
 ( 1.000000000000000000, 0.7240974205877820400, 1.000000000000000000),
 ( 1.000000000000000000, 0.7376468913753510000, 1.000000000000000000),
 ( 1.000000000000000000, 0.7462525814045105600, 1.000000000000000000),
 ( 1.000000000000000000, 0.7643137191944663300, 1.000000000000000000),
 ( 1.000000000000000000, 0.7736594281372689600, 1.000000000000000000),
 ( 1.000000000000000000, 0.7869768025811670900, 1.000000000000000000),
 ( 1.000000000000000000, 0.7913712037520345100, 1.000000000000000000),
 ( 1.000000000000000000, 0.7987022245771752100, 1.000000000000000000),
 ( 1.000000000000000000, 0.8016804575600977600, 1.000000000000000000),
 ( 1.000000000000000000, 0.8017837257394557800, 1.000000000000000000) ) ) 
 REPRESENTATION_ITEM ( '' )  SURFACE ( )  );
#3430 = EDGE_CURVE ( 'NONE', #1850, #2771, #2599, .T. ) ;
ENDSEC;
END-ISO-10303-21;
